SKU,Category,Size,Units_in_stock,Days_of_inventory_left,Dead_stock_flag,date
SKU-SHI-0001,Shirts,S,36,90,N,1/2/2022
SKU-PAN-0002,Pants,XL,37,123.3,N,1/2/2022
SKU-SHI-0003,Shirts,XXL,61,261.4,N,1/2/2022
SKU-TSH-0004,Tshirts,XXL,118,999,N,1/2/2022
SKU-CRO-0005,Croptops,S,53,530,N,1/2/2022
SKU-SHI-0006,Shirts,XL,92,920,N,1/2/2022
SKU-CRO-0007,Croptops,XS,100,999,N,1/2/2022
SKU-PAN-0008,Pants,XL,132,999,N,1/2/2022
SKU-PAN-0009,Pants,XS,95,999,N,1/2/2022
SKU-TSH-0010,Tshirts,L,84,999,N,1/2/2022
SKU-SHO-0011,Shorts,XXL,122,999,Y,1/2/2022
SKU-TSH-0012,Tshirts,L,58,999,Y,1/2/2022
SKU-SHI-0013,Shirts,XS,90,999,Y,1/2/2022
SKU-CRO-0014,Croptops,M,53,999,N,1/2/2022
SKU-SHI-0015,Shirts,XL,140,999,Y,1/2/2022
SKU-PAN-0016,Pants,XS,127,999,Y,1/2/2022
SKU-SHI-0017,Shirts,S,82,999,Y,1/2/2022
SKU-PAN-0018,Pants,XXL,121,999,Y,1/2/2022
SKU-CRO-0019,Croptops,XXL,60,999,N,1/2/2022
SKU-PAN-0020,Pants,XL,90,999,N,1/2/2022
SKU-PAN-0021,Pants,XL,85,999,Y,1/2/2022
SKU-PAN-0022,Pants,XXL,106,999,Y,1/2/2022
SKU-SHO-0023,Shorts,XL,128,999,Y,1/2/2022
SKU-SHI-0024,Shirts,XXL,63,999,Y,1/2/2022
SKU-JAC-0025,Jackets,XXL,94,999,N,1/2/2022
SKU-PAN-0026,Pants,XXL,87,999,Y,1/2/2022
SKU-JAC-0027,Jackets,S,49,999,Y,1/2/2022
SKU-PAN-0028,Pants,XS,107,999,Y,1/2/2022
SKU-TSH-0029,Tshirts,L,97,999,Y,1/2/2022
SKU-CRO-0030,Croptops,M,62,999,Y,1/2/2022
SKU-JAC-0031,Jackets,XL,49,999,Y,1/2/2022
SKU-TSH-0032,Tshirts,S,96,999,N,1/2/2022
SKU-SHO-0033,Shorts,M,120,999,Y,1/2/2022
SKU-PAN-0034,Pants,XS,65,999,N,1/2/2022
SKU-CRO-0035,Croptops,L,53,999,Y,1/2/2022
SKU-SHI-0036,Shirts,XL,129,999,N,1/2/2022
SKU-CRO-0037,Croptops,XL,116,999,Y,1/2/2022
SKU-CRO-0038,Croptops,M,47,999,Y,1/2/2022
SKU-SHO-0039,Shorts,XXL,114,999,N,1/2/2022
SKU-SHO-0040,Shorts,XS,127,999,Y,1/2/2022
SKU-TSH-0041,Tshirts,M,129,999,Y,1/2/2022
SKU-CRO-0042,Croptops,XXL,125,999,Y,1/2/2022
SKU-CRO-0043,Croptops,XS,61,999,Y,1/2/2022
SKU-JAC-0044,Jackets,XL,108,999,Y,1/2/2022
SKU-SHI-0045,Shirts,L,109,999,N,1/2/2022
SKU-JAC-0046,Jackets,M,130,999,Y,1/2/2022
SKU-PAN-0047,Pants,L,103,999,Y,1/2/2022
SKU-CRO-0048,Croptops,XXL,53,795,N,1/2/2022
SKU-TSH-0049,Tshirts,XS,126,999,Y,1/2/2022
SKU-SHO-0050,Shorts,S,123,999,Y,1/2/2022
SKU-SHI-0051,Shirts,L,74,999,Y,1/2/2022
SKU-SHI-0052,Shirts,S,78,999,Y,1/2/2022
SKU-JAC-0053,Jackets,M,72,999,Y,1/2/2022
SKU-SHI-0054,Shirts,XS,78,999,Y,1/2/2022
SKU-JAC-0055,Jackets,XS,111,999,Y,1/2/2022
SKU-SHI-0001,Shirts,XS,8,6,N,1/9/2022
SKU-PAN-0002,Pants,L,23,30,N,1/9/2022
SKU-SHI-0003,Shirts,XS,52,97.5,N,1/9/2022
SKU-TSH-0004,Tshirts,L,108,270,N,1/9/2022
SKU-CRO-0005,Croptops,L,47,156.7,N,1/9/2022
SKU-SHI-0006,Shirts,XL,89,445,N,1/9/2022
SKU-CRO-0007,Croptops,L,97,727.5,N,1/9/2022
SKU-PAN-0008,Pants,XXL,129,645,N,1/9/2022
SKU-PAN-0009,Pants,S,91,455,N,1/9/2022
SKU-TSH-0010,Tshirts,M,82,615,N,1/9/2022
SKU-SHO-0011,Shorts,L,122,999,Y,1/9/2022
SKU-TSH-0012,Tshirts,XS,57,999,N,1/9/2022
SKU-SHI-0013,Shirts,XXL,90,999,Y,1/9/2022
SKU-CRO-0014,Croptops,XXL,50,375,N,1/9/2022
SKU-SHI-0015,Shirts,M,137,999,N,1/9/2022
SKU-PAN-0016,Pants,XS,127,999,Y,1/9/2022
SKU-SHI-0017,Shirts,S,79,790,N,1/9/2022
SKU-PAN-0018,Pants,M,120,999,N,1/9/2022
SKU-CRO-0019,Croptops,M,58,580,N,1/9/2022
SKU-PAN-0020,Pants,S,89,999,N,1/9/2022
SKU-PAN-0021,Pants,M,83,999,N,1/9/2022
SKU-PAN-0022,Pants,S,106,999,Y,1/9/2022
SKU-SHO-0023,Shorts,XS,127,999,N,1/9/2022
SKU-SHI-0024,Shirts,M,62,999,N,1/9/2022
SKU-JAC-0025,Jackets,XS,94,999,N,1/9/2022
SKU-PAN-0026,Pants,L,87,999,Y,1/9/2022
SKU-JAC-0027,Jackets,XL,48,999,N,1/9/2022
SKU-PAN-0028,Pants,XL,107,999,Y,1/9/2022
SKU-TSH-0029,Tshirts,L,97,999,Y,1/9/2022
SKU-CRO-0030,Croptops,XL,62,999,Y,1/9/2022
SKU-JAC-0031,Jackets,XXL,48,999,N,1/9/2022
SKU-TSH-0032,Tshirts,XS,96,999,N,1/9/2022
SKU-SHO-0033,Shorts,XL,119,999,N,1/9/2022
SKU-PAN-0034,Pants,XS,65,999,N,1/9/2022
SKU-CRO-0035,Croptops,XXL,53,999,Y,1/9/2022
SKU-SHI-0036,Shirts,M,129,999,N,1/9/2022
SKU-CRO-0037,Croptops,S,116,999,Y,1/9/2022
SKU-CRO-0038,Croptops,L,46,999,N,1/9/2022
SKU-SHO-0039,Shorts,XL,113,999,N,1/9/2022
SKU-SHO-0040,Shorts,XS,127,999,Y,1/9/2022
SKU-TSH-0041,Tshirts,XXL,128,999,N,1/9/2022
SKU-CRO-0042,Croptops,L,125,999,Y,1/9/2022
SKU-CRO-0043,Croptops,L,59,885,N,1/9/2022
SKU-JAC-0044,Jackets,XXL,107,999,N,1/9/2022
SKU-SHI-0045,Shirts,M,108,999,N,1/9/2022
SKU-JAC-0046,Jackets,XL,129,999,N,1/9/2022
SKU-PAN-0047,Pants,M,102,999,N,1/9/2022
SKU-CRO-0048,Croptops,L,53,795,N,1/9/2022
SKU-TSH-0049,Tshirts,L,124,999,N,1/9/2022
SKU-SHO-0050,Shorts,XXL,121,999,N,1/9/2022
SKU-SHI-0051,Shirts,XL,72,999,N,1/9/2022
SKU-SHI-0052,Shirts,XXL,78,999,Y,1/9/2022
SKU-JAC-0053,Jackets,XL,70,999,N,1/9/2022
SKU-SHI-0054,Shirts,XXL,78,999,Y,1/9/2022
SKU-JAC-0055,Jackets,XL,111,999,Y,1/9/2022
SKU-SHI-0001,Shirts,XL,0,0,N,1/16/2022
SKU-PAN-0002,Pants,XL,0,0,N,1/16/2022
SKU-SHI-0003,Shirts,M,35,31.8,N,1/16/2022
SKU-TSH-0004,Tshirts,L,93,103.3,N,1/16/2022
SKU-CRO-0005,Croptops,XS,44,110,N,1/16/2022
SKU-SHI-0006,Shirts,XXL,82,189.2,N,1/16/2022
SKU-CRO-0007,Croptops,XL,93,348.8,N,1/16/2022
SKU-PAN-0008,Pants,S,125,375,N,1/16/2022
SKU-PAN-0009,Pants,S,87,261,N,1/16/2022
SKU-TSH-0010,Tshirts,XXL,78,292.5,N,1/16/2022
SKU-SHO-0011,Shorts,XS,119,999,N,1/16/2022
SKU-TSH-0012,Tshirts,XXL,53,318,N,1/16/2022
SKU-SHI-0013,Shirts,XXL,85,510,N,1/16/2022
SKU-CRO-0014,Croptops,S,46,172.5,N,1/16/2022
SKU-SHI-0015,Shirts,S,137,999,N,1/16/2022
SKU-PAN-0016,Pants,XXL,123,922.5,N,1/16/2022
SKU-SHI-0017,Shirts,XXL,79,790,N,1/16/2022
SKU-PAN-0018,Pants,XL,117,877.5,N,1/16/2022
SKU-CRO-0019,Croptops,M,56,336,N,1/16/2022
SKU-PAN-0020,Pants,M,86,516,N,1/16/2022
SKU-PAN-0021,Pants,XXL,82,820,N,1/16/2022
SKU-PAN-0022,Pants,S,106,999,Y,1/16/2022
SKU-SHO-0023,Shorts,M,125,999,N,1/16/2022
SKU-SHI-0024,Shirts,S,62,999,N,1/16/2022
SKU-JAC-0025,Jackets,XL,93,999,N,1/16/2022
SKU-PAN-0026,Pants,XXL,85,999,N,1/16/2022
SKU-JAC-0027,Jackets,XS,47,705,N,1/16/2022
SKU-PAN-0028,Pants,L,106,999,N,1/16/2022
SKU-TSH-0029,Tshirts,XL,96,999,N,1/16/2022
SKU-CRO-0030,Croptops,M,60,900,N,1/16/2022
SKU-JAC-0031,Jackets,M,47,705,N,1/16/2022
SKU-TSH-0032,Tshirts,M,95,999,N,1/16/2022
SKU-SHO-0033,Shorts,XL,119,999,N,1/16/2022
SKU-PAN-0034,Pants,XS,64,960,N,1/16/2022
SKU-CRO-0035,Croptops,L,53,999,Y,1/16/2022
SKU-SHI-0036,Shirts,XXL,127,999,N,1/16/2022
SKU-CRO-0037,Croptops,M,116,999,Y,1/16/2022
SKU-CRO-0038,Croptops,M,45,675,N,1/16/2022
SKU-SHO-0039,Shorts,S,113,999,N,1/16/2022
SKU-SHO-0040,Shorts,XXL,127,999,Y,1/16/2022
SKU-TSH-0041,Tshirts,M,128,999,N,1/16/2022
SKU-CRO-0042,Croptops,XS,125,999,Y,1/16/2022
SKU-CRO-0043,Croptops,M,59,885,N,1/16/2022
SKU-JAC-0044,Jackets,S,107,999,N,1/16/2022
SKU-SHI-0045,Shirts,M,108,999,N,1/16/2022
SKU-JAC-0046,Jackets,XL,129,999,N,1/16/2022
SKU-PAN-0047,Pants,M,102,999,N,1/16/2022
SKU-CRO-0048,Croptops,XS,53,795,N,1/16/2022
SKU-TSH-0049,Tshirts,XS,124,999,N,1/16/2022
SKU-SHO-0050,Shorts,S,120,999,N,1/16/2022
SKU-SHI-0051,Shirts,XS,72,999,N,1/16/2022
SKU-SHI-0052,Shirts,XL,78,999,Y,1/16/2022
SKU-JAC-0053,Jackets,XS,70,999,N,1/16/2022
SKU-SHI-0054,Shirts,XXL,76,999,N,1/16/2022
SKU-JAC-0055,Jackets,XS,111,999,Y,1/16/2022
SKU-SHI-0001,Shirts,S,0,0,N,1/23/2022
SKU-PAN-0002,Pants,L,0,0,N,1/23/2022
SKU-SHI-0003,Shirts,XS,22,14.3,N,1/23/2022
SKU-TSH-0004,Tshirts,M,84,70,N,1/23/2022
SKU-CRO-0005,Croptops,S,34,46.4,N,1/23/2022
SKU-SHI-0006,Shirts,L,77,128.3,N,1/23/2022
SKU-CRO-0007,Croptops,L,87,186.4,N,1/23/2022
SKU-PAN-0008,Pants,S,122,281.5,N,1/23/2022
SKU-PAN-0009,Pants,XS,84,193.8,N,1/23/2022
SKU-TSH-0010,Tshirts,L,76,228,N,1/23/2022
SKU-SHO-0011,Shorts,M,117,702,N,1/23/2022
SKU-TSH-0012,Tshirts,S,51,218.6,N,1/23/2022
SKU-SHI-0013,Shirts,XXL,80,240,N,1/23/2022
SKU-CRO-0014,Croptops,XS,43,117.3,N,1/23/2022
SKU-SHI-0015,Shirts,XXL,136,999,N,1/23/2022
SKU-PAN-0016,Pants,S,122,732,N,1/23/2022
SKU-SHI-0017,Shirts,M,77,462,N,1/23/2022
SKU-PAN-0018,Pants,XL,114,488.6,N,1/23/2022
SKU-CRO-0019,Croptops,XS,52,173.3,N,1/23/2022
SKU-PAN-0020,Pants,XXL,85,425,N,1/23/2022
SKU-PAN-0021,Pants,S,80,480,N,1/23/2022
SKU-PAN-0022,Pants,XXL,106,999,Y,1/23/2022
SKU-SHO-0023,Shorts,M,124,930,N,1/23/2022
SKU-SHI-0024,Shirts,XS,59,442.5,N,1/23/2022
SKU-JAC-0025,Jackets,XXL,87,326.2,N,1/23/2022
SKU-PAN-0026,Pants,S,84,840,N,1/23/2022
SKU-JAC-0027,Jackets,M,44,264,N,1/23/2022
SKU-PAN-0028,Pants,S,103,772.5,N,1/23/2022
SKU-TSH-0029,Tshirts,XS,95,999,N,1/23/2022
SKU-CRO-0030,Croptops,XS,60,900,N,1/23/2022
SKU-JAC-0031,Jackets,L,47,705,N,1/23/2022
SKU-TSH-0032,Tshirts,XL,91,455,N,1/23/2022
SKU-SHO-0033,Shorts,XXL,119,999,N,1/23/2022
SKU-PAN-0034,Pants,XL,63,630,N,1/23/2022
SKU-CRO-0035,Croptops,XL,52,999,N,1/23/2022
SKU-SHI-0036,Shirts,S,127,999,N,1/23/2022
SKU-CRO-0037,Croptops,XS,116,999,Y,1/23/2022
SKU-CRO-0038,Croptops,XL,45,675,N,1/23/2022
SKU-SHO-0039,Shorts,S,112,999,N,1/23/2022
SKU-SHO-0040,Shorts,XXL,125,999,N,1/23/2022
SKU-TSH-0041,Tshirts,L,128,999,N,1/23/2022
SKU-CRO-0042,Croptops,L,124,999,N,1/23/2022
SKU-CRO-0043,Croptops,M,58,580,N,1/23/2022
SKU-JAC-0044,Jackets,XL,106,999,N,1/23/2022
SKU-SHI-0045,Shirts,L,108,999,N,1/23/2022
SKU-JAC-0046,Jackets,M,128,999,N,1/23/2022
SKU-PAN-0047,Pants,L,102,999,N,1/23/2022
SKU-CRO-0048,Croptops,XL,53,795,N,1/23/2022
SKU-TSH-0049,Tshirts,XS,124,999,N,1/23/2022
SKU-SHO-0050,Shorts,M,120,999,N,1/23/2022
SKU-SHI-0051,Shirts,XS,72,999,N,1/23/2022
SKU-SHI-0052,Shirts,XXL,78,999,Y,1/23/2022
SKU-JAC-0053,Jackets,L,69,690,N,1/23/2022
SKU-SHI-0054,Shirts,XXL,76,999,N,1/23/2022
SKU-JAC-0055,Jackets,L,110,999,N,1/23/2022
SKU-SHI-0001,Shirts,S,0,0,N,1/30/2022
SKU-PAN-0002,Pants,S,0,0,N,1/30/2022
SKU-SHI-0003,Shirts,M,9,4.6,N,1/30/2022
SKU-TSH-0004,Tshirts,XS,73,46.6,N,1/30/2022
SKU-CRO-0005,Croptops,M,29,32.2,N,1/30/2022
SKU-SHI-0006,Shirts,L,72,93.9,N,1/30/2022
SKU-CRO-0007,Croptops,XS,83,138.3,N,1/30/2022
SKU-PAN-0008,Pants,M,117,195,N,1/30/2022
SKU-PAN-0009,Pants,S,83,177.9,N,1/30/2022
SKU-TSH-0010,Tshirts,XXL,70,131.2,N,1/30/2022
SKU-SHO-0011,Shorts,XL,117,702,N,1/30/2022
SKU-TSH-0012,Tshirts,XL,48,144,N,1/30/2022
SKU-SHI-0013,Shirts,M,74,138.8,N,1/30/2022
SKU-CRO-0014,Croptops,S,43,117.3,N,1/30/2022
SKU-SHI-0015,Shirts,L,135,810,N,1/30/2022
SKU-PAN-0016,Pants,M,120,514.3,N,1/30/2022
SKU-SHI-0017,Shirts,L,75,321.4,N,1/30/2022
SKU-PAN-0018,Pants,XS,113,423.8,N,1/30/2022
SKU-CRO-0019,Croptops,XL,52,173.3,N,1/30/2022
SKU-PAN-0020,Pants,S,82,273.3,N,1/30/2022
SKU-PAN-0021,Pants,S,78,334.3,N,1/30/2022
SKU-PAN-0022,Pants,XS,104,999,N,1/30/2022
SKU-SHO-0023,Shorts,M,120,450,N,1/30/2022
SKU-SHI-0024,Shirts,XS,58,348,N,1/30/2022
SKU-JAC-0025,Jackets,L,85,255,N,1/30/2022
SKU-PAN-0026,Pants,L,83,622.5,N,1/30/2022
SKU-JAC-0027,Jackets,XXL,44,264,N,1/30/2022
SKU-PAN-0028,Pants,S,100,428.6,N,1/30/2022
SKU-TSH-0029,Tshirts,S,94,940,N,1/30/2022
SKU-CRO-0030,Croptops,XL,60,900,N,1/30/2022
SKU-JAC-0031,Jackets,XL,47,705,N,1/30/2022
SKU-TSH-0032,Tshirts,M,91,455,N,1/30/2022
SKU-SHO-0033,Shorts,XXL,118,999,N,1/30/2022
SKU-PAN-0034,Pants,L,63,630,N,1/30/2022
SKU-CRO-0035,Croptops,L,49,367.5,N,1/30/2022
SKU-SHI-0036,Shirts,S,127,999,N,1/30/2022
SKU-CRO-0037,Croptops,XXL,113,999,N,1/30/2022
SKU-CRO-0038,Croptops,M,45,675,N,1/30/2022
SKU-SHO-0039,Shorts,L,111,832.5,N,1/30/2022
SKU-SHO-0040,Shorts,XS,124,999,N,1/30/2022
SKU-TSH-0041,Tshirts,L,126,999,N,1/30/2022
SKU-CRO-0042,Croptops,XXL,123,999,N,1/30/2022
SKU-CRO-0043,Croptops,XS,57,427.5,N,1/30/2022
SKU-JAC-0044,Jackets,L,106,999,N,1/30/2022
SKU-SHI-0045,Shirts,XXL,108,999,N,1/30/2022
SKU-JAC-0046,Jackets,XL,125,750,N,1/30/2022
SKU-PAN-0047,Pants,XS,102,999,N,1/30/2022
SKU-CRO-0048,Croptops,S,53,795,N,1/30/2022
SKU-TSH-0049,Tshirts,L,122,915,N,1/30/2022
SKU-SHO-0050,Shorts,XL,117,585,N,1/30/2022
SKU-SHI-0051,Shirts,S,71,710,N,1/30/2022
SKU-SHI-0052,Shirts,XXL,78,999,Y,1/30/2022
SKU-JAC-0053,Jackets,M,69,690,N,1/30/2022
SKU-SHI-0054,Shirts,XXL,75,750,N,1/30/2022
SKU-JAC-0055,Jackets,XL,110,999,N,1/30/2022
SKU-SHI-0001,Shirts,M,0,0,N,2/6/2022
SKU-PAN-0002,Pants,L,0,0,N,2/6/2022
SKU-SHI-0003,Shirts,XXL,0,0,N,2/6/2022
SKU-TSH-0004,Tshirts,XXL,66,44,N,2/6/2022
SKU-CRO-0005,Croptops,XL,25,31.2,N,2/6/2022
SKU-SHI-0006,Shirts,S,67,83.8,N,2/6/2022
SKU-CRO-0007,Croptops,M,79,118.5,N,2/6/2022
SKU-PAN-0008,Pants,L,110,173.7,N,2/6/2022
SKU-PAN-0009,Pants,XL,78,167.1,N,2/6/2022
SKU-TSH-0010,Tshirts,XS,64,101.1,N,2/6/2022
SKU-SHO-0011,Shorts,M,112,336,N,2/6/2022
SKU-TSH-0012,Tshirts,M,45,112.5,N,2/6/2022
SKU-SHI-0013,Shirts,XS,73,128.8,N,2/6/2022
SKU-CRO-0014,Croptops,S,40,109.1,N,2/6/2022
SKU-SHI-0015,Shirts,S,135,999,N,2/6/2022
SKU-PAN-0016,Pants,S,117,351,N,2/6/2022
SKU-SHI-0017,Shirts,XS,72,308.6,N,2/6/2022
SKU-PAN-0018,Pants,S,113,484.3,N,2/6/2022
SKU-CRO-0019,Croptops,M,52,260,N,2/6/2022
SKU-PAN-0020,Pants,XS,79,237,N,2/6/2022
SKU-PAN-0021,Pants,L,77,330,N,2/6/2022
SKU-PAN-0022,Pants,XL,104,999,N,2/6/2022
SKU-SHO-0023,Shorts,XL,117,351,N,2/6/2022
SKU-SHI-0024,Shirts,XXL,58,435,N,2/6/2022
SKU-JAC-0025,Jackets,XXL,85,283.3,N,2/6/2022
SKU-PAN-0026,Pants,S,82,492,N,2/6/2022
SKU-JAC-0027,Jackets,S,43,258,N,2/6/2022
SKU-PAN-0028,Pants,XL,100,428.6,N,2/6/2022
SKU-TSH-0029,Tshirts,M,94,940,N,2/6/2022
SKU-CRO-0030,Croptops,M,60,900,N,2/6/2022
SKU-JAC-0031,Jackets,M,46,460,N,2/6/2022
SKU-TSH-0032,Tshirts,S,91,546,N,2/6/2022
SKU-SHO-0033,Shorts,M,116,999,N,2/6/2022
SKU-PAN-0034,Pants,XS,63,945,N,2/6/2022
SKU-CRO-0035,Croptops,XL,45,168.8,N,2/6/2022
SKU-SHI-0036,Shirts,XXL,127,999,N,2/6/2022
SKU-CRO-0037,Croptops,S,113,999,N,2/6/2022
SKU-CRO-0038,Croptops,XS,45,999,N,2/6/2022
SKU-SHO-0039,Shorts,XXL,110,825,N,2/6/2022
SKU-SHO-0040,Shorts,M,124,999,N,2/6/2022
SKU-TSH-0041,Tshirts,L,126,999,N,2/6/2022
SKU-CRO-0042,Croptops,XXL,123,999,N,2/6/2022
SKU-CRO-0043,Croptops,S,57,855,N,2/6/2022
SKU-JAC-0044,Jackets,XL,105,999,N,2/6/2022
SKU-SHI-0045,Shirts,XXL,107,999,N,2/6/2022
SKU-JAC-0046,Jackets,XS,125,750,N,2/6/2022
SKU-PAN-0047,Pants,XXL,101,999,N,2/6/2022
SKU-CRO-0048,Croptops,XXL,52,999,N,2/6/2022
SKU-TSH-0049,Tshirts,XS,121,907.5,N,2/6/2022
SKU-SHO-0050,Shorts,XXL,117,877.5,N,2/6/2022
SKU-SHI-0051,Shirts,XS,70,700,N,2/6/2022
SKU-SHI-0052,Shirts,L,77,999,N,2/6/2022
SKU-JAC-0053,Jackets,XXL,69,999,N,2/6/2022
SKU-SHI-0054,Shirts,XL,75,750,N,2/6/2022
SKU-JAC-0055,Jackets,XXL,110,999,N,2/6/2022
SKU-SHI-0001,Shirts,L,0,0,N,2/13/2022
SKU-PAN-0002,Pants,XS,0,0,N,2/13/2022
SKU-SHI-0003,Shirts,XXL,0,0,N,2/13/2022
SKU-TSH-0004,Tshirts,L,63,54,N,2/13/2022
SKU-CRO-0005,Croptops,L,20,24,N,2/13/2022
SKU-SHI-0006,Shirts,S,62,88.6,N,2/13/2022
SKU-CRO-0007,Croptops,XS,74,105.7,N,2/13/2022
SKU-PAN-0008,Pants,XS,105,137,N,2/13/2022
SKU-PAN-0009,Pants,XXL,74,170.8,N,2/13/2022
SKU-TSH-0010,Tshirts,XXL,58,82.9,N,2/13/2022
SKU-SHO-0011,Shorts,XL,109,272.5,N,2/13/2022
SKU-TSH-0012,Tshirts,M,43,107.5,N,2/13/2022
SKU-SHI-0013,Shirts,XL,73,168.5,N,2/13/2022
SKU-CRO-0014,Croptops,S,37,100.9,N,2/13/2022
SKU-SHI-0015,Shirts,L,131,655,N,2/13/2022
SKU-PAN-0016,Pants,L,115,313.6,N,2/13/2022
SKU-SHI-0017,Shirts,XS,71,266.2,N,2/13/2022
SKU-PAN-0018,Pants,XXL,112,672,N,2/13/2022
SKU-CRO-0019,Croptops,XL,51,218.6,N,2/13/2022
SKU-PAN-0020,Pants,XS,79,263.3,N,2/13/2022
SKU-PAN-0021,Pants,L,75,281.2,N,2/13/2022
SKU-PAN-0022,Pants,S,102,765,N,2/13/2022
SKU-SHO-0023,Shorts,S,116,386.7,N,2/13/2022
SKU-SHI-0024,Shirts,XS,55,235.7,N,2/13/2022
SKU-JAC-0025,Jackets,XL,81,186.9,N,2/13/2022
SKU-PAN-0026,Pants,S,81,607.5,N,2/13/2022
SKU-JAC-0027,Jackets,S,42,252,N,2/13/2022
SKU-PAN-0028,Pants,L,99,424.3,N,2/13/2022
SKU-TSH-0029,Tshirts,M,93,697.5,N,2/13/2022
SKU-CRO-0030,Croptops,XS,58,435,N,2/13/2022
SKU-JAC-0031,Jackets,S,45,675,N,2/13/2022
SKU-TSH-0032,Tshirts,XXL,91,546,N,2/13/2022
SKU-SHO-0033,Shorts,XXL,116,999,N,2/13/2022
SKU-PAN-0034,Pants,XL,63,999,N,2/13/2022
SKU-CRO-0035,Croptops,XXL,45,168.8,N,2/13/2022
SKU-SHI-0036,Shirts,L,124,999,N,2/13/2022
SKU-CRO-0037,Croptops,M,112,840,N,2/13/2022
SKU-CRO-0038,Croptops,L,44,660,N,2/13/2022
SKU-SHO-0039,Shorts,M,110,999,N,2/13/2022
SKU-SHO-0040,Shorts,M,124,999,N,2/13/2022
SKU-TSH-0041,Tshirts,XXL,125,999,N,2/13/2022
SKU-CRO-0042,Croptops,XL,122,999,N,2/13/2022
SKU-CRO-0043,Croptops,XL,57,855,N,2/13/2022
SKU-JAC-0044,Jackets,XL,105,999,N,2/13/2022
SKU-SHI-0045,Shirts,L,107,999,N,2/13/2022
SKU-JAC-0046,Jackets,XXL,125,937.5,N,2/13/2022
SKU-PAN-0047,Pants,L,101,999,N,2/13/2022
SKU-CRO-0048,Croptops,M,51,765,N,2/13/2022
SKU-TSH-0049,Tshirts,M,121,999,N,2/13/2022
SKU-SHO-0050,Shorts,XS,113,423.8,N,2/13/2022
SKU-SHI-0051,Shirts,L,69,690,N,2/13/2022
SKU-SHI-0052,Shirts,XL,77,999,N,2/13/2022
SKU-JAC-0053,Jackets,M,69,999,N,2/13/2022
SKU-SHI-0054,Shirts,XXL,75,999,N,2/13/2022
SKU-JAC-0055,Jackets,L,110,999,N,2/13/2022
SKU-SHI-0001,Shirts,XXL,0,0,N,2/20/2022
SKU-PAN-0002,Pants,XXL,0,0,N,2/20/2022
SKU-SHI-0003,Shirts,M,0,0,N,2/20/2022
SKU-TSH-0004,Tshirts,XXL,55,50,N,2/20/2022
SKU-CRO-0005,Croptops,M,18,28.4,N,2/20/2022
SKU-SHI-0006,Shirts,M,60,100,N,2/20/2022
SKU-CRO-0007,Croptops,L,71,125.3,N,2/20/2022
SKU-PAN-0008,Pants,XL,102,145.7,N,2/20/2022
SKU-PAN-0009,Pants,S,71,163.8,N,2/20/2022
SKU-TSH-0010,Tshirts,M,53,69.1,N,2/20/2022
SKU-SHO-0011,Shorts,L,108,360,N,2/20/2022
SKU-TSH-0012,Tshirts,XL,42,140,N,2/20/2022
SKU-SHI-0013,Shirts,XS,71,213,N,2/20/2022
SKU-CRO-0014,Croptops,S,36,120,N,2/20/2022
SKU-SHI-0015,Shirts,XXL,130,650,N,2/20/2022
SKU-PAN-0016,Pants,XXL,113,376.7,N,2/20/2022
SKU-SHI-0017,Shirts,M,69,230,N,2/20/2022
SKU-PAN-0018,Pants,L,112,999,N,2/20/2022
SKU-CRO-0019,Croptops,L,51,999,N,2/20/2022
SKU-PAN-0020,Pants,S,77,288.8,N,2/20/2022
SKU-PAN-0021,Pants,XL,75,375,N,2/20/2022
SKU-PAN-0022,Pants,XS,100,500,N,2/20/2022
SKU-SHO-0023,Shorts,L,114,342,N,2/20/2022
SKU-SHI-0024,Shirts,L,52,222.9,N,2/20/2022
SKU-JAC-0025,Jackets,S,81,303.8,N,2/20/2022
SKU-PAN-0026,Pants,M,79,474,N,2/20/2022
SKU-JAC-0027,Jackets,M,42,630,N,2/20/2022
SKU-PAN-0028,Pants,S,99,742.5,N,2/20/2022
SKU-TSH-0029,Tshirts,XXL,92,920,N,2/20/2022
SKU-CRO-0030,Croptops,L,57,570,N,2/20/2022
SKU-JAC-0031,Jackets,XL,44,440,N,2/20/2022
SKU-TSH-0032,Tshirts,XL,91,999,N,2/20/2022
SKU-SHO-0033,Shorts,XS,115,862.5,N,2/20/2022
SKU-PAN-0034,Pants,L,63,999,N,2/20/2022
SKU-CRO-0035,Croptops,XS,45,192.9,N,2/20/2022
SKU-SHI-0036,Shirts,XXL,123,922.5,N,2/20/2022
SKU-CRO-0037,Croptops,XS,112,840,N,2/20/2022
SKU-CRO-0038,Croptops,M,42,420,N,2/20/2022
SKU-SHO-0039,Shorts,XXL,109,999,N,2/20/2022
SKU-SHO-0040,Shorts,S,124,999,N,2/20/2022
SKU-TSH-0041,Tshirts,XS,124,930,N,2/20/2022
SKU-CRO-0042,Croptops,M,122,999,N,2/20/2022
SKU-CRO-0043,Croptops,XXL,56,840,N,2/20/2022
SKU-JAC-0044,Jackets,M,105,999,N,2/20/2022
SKU-SHI-0045,Shirts,L,107,999,N,2/20/2022
SKU-JAC-0046,Jackets,XXL,125,937.5,N,2/20/2022
SKU-PAN-0047,Pants,L,101,999,N,2/20/2022
SKU-CRO-0048,Croptops,XL,50,500,N,2/20/2022
SKU-TSH-0049,Tshirts,S,121,999,N,2/20/2022
SKU-SHO-0050,Shorts,XXL,112,420,N,2/20/2022
SKU-SHI-0051,Shirts,XXL,68,510,N,2/20/2022
SKU-SHI-0052,Shirts,M,77,999,N,2/20/2022
SKU-JAC-0053,Jackets,XL,69,999,N,2/20/2022
SKU-SHI-0054,Shirts,M,75,999,N,2/20/2022
SKU-JAC-0055,Jackets,XXL,109,999,N,2/20/2022
SKU-SHI-0001,Shirts,XS,0,0,N,2/27/2022
SKU-PAN-0002,Pants,M,0,0,N,2/27/2022
SKU-SHI-0003,Shirts,M,0,0,N,2/27/2022
SKU-TSH-0004,Tshirts,M,48,48,N,2/27/2022
SKU-CRO-0005,Croptops,L,12,18,N,2/27/2022
SKU-SHI-0006,Shirts,S,56,84,N,2/27/2022
SKU-CRO-0007,Croptops,XL,69,129.4,N,2/27/2022
SKU-PAN-0008,Pants,S,101,168.3,N,2/27/2022
SKU-PAN-0009,Pants,XXL,69,138,N,2/27/2022
SKU-TSH-0010,Tshirts,M,51,69.5,N,2/27/2022
SKU-SHO-0011,Shorts,XS,106,289.1,N,2/27/2022
SKU-TSH-0012,Tshirts,M,38,95,N,2/27/2022
SKU-SHI-0013,Shirts,L,70,525,N,2/27/2022
SKU-CRO-0014,Croptops,XS,35,131.2,N,2/27/2022
SKU-SHI-0015,Shirts,L,128,548.6,N,2/27/2022
SKU-PAN-0016,Pants,XXL,109,272.5,N,2/27/2022
SKU-SHI-0017,Shirts,XS,69,345,N,2/27/2022
SKU-PAN-0018,Pants,S,111,999,N,2/27/2022
SKU-CRO-0019,Croptops,XXL,49,490,N,2/27/2022
SKU-PAN-0020,Pants,L,76,380,N,2/27/2022
SKU-PAN-0021,Pants,XL,73,312.9,N,2/27/2022
SKU-PAN-0022,Pants,M,99,424.3,N,2/27/2022
SKU-SHO-0023,Shorts,L,112,336,N,2/27/2022
SKU-SHI-0024,Shirts,M,50,187.5,N,2/27/2022
SKU-JAC-0025,Jackets,XS,79,338.6,N,2/27/2022
SKU-PAN-0026,Pants,L,79,474,N,2/27/2022
SKU-JAC-0027,Jackets,M,41,410,N,2/27/2022
SKU-PAN-0028,Pants,L,98,588,N,2/27/2022
SKU-TSH-0029,Tshirts,L,92,920,N,2/27/2022
SKU-CRO-0030,Croptops,XL,55,330,N,2/27/2022
SKU-JAC-0031,Jackets,L,42,252,N,2/27/2022
SKU-TSH-0032,Tshirts,L,90,999,N,2/27/2022
SKU-SHO-0033,Shorts,S,115,999,N,2/27/2022
SKU-PAN-0034,Pants,M,62,999,N,2/27/2022
SKU-CRO-0035,Croptops,L,43,161.2,N,2/27/2022
SKU-SHI-0036,Shirts,L,123,922.5,N,2/27/2022
SKU-CRO-0037,Croptops,XL,112,999,N,2/27/2022
SKU-CRO-0038,Croptops,M,40,240,N,2/27/2022
SKU-SHO-0039,Shorts,M,108,999,N,2/27/2022
SKU-SHO-0040,Shorts,XS,123,999,N,2/27/2022
SKU-TSH-0041,Tshirts,XS,123,922.5,N,2/27/2022
SKU-CRO-0042,Croptops,S,122,999,N,2/27/2022
SKU-CRO-0043,Croptops,XL,56,999,N,2/27/2022
SKU-JAC-0044,Jackets,M,105,999,N,2/27/2022
SKU-SHI-0045,Shirts,XL,106,999,N,2/27/2022
SKU-JAC-0046,Jackets,S,123,922.5,N,2/27/2022
SKU-PAN-0047,Pants,S,101,999,N,2/27/2022
SKU-CRO-0048,Croptops,M,50,500,N,2/27/2022
SKU-TSH-0049,Tshirts,XL,121,999,N,2/27/2022
SKU-SHO-0050,Shorts,M,112,560,N,2/27/2022
SKU-SHI-0051,Shirts,M,68,680,N,2/27/2022
SKU-SHI-0052,Shirts,L,77,999,N,2/27/2022
SKU-JAC-0053,Jackets,XS,68,999,N,2/27/2022
SKU-SHI-0054,Shirts,XS,74,999,N,2/27/2022
SKU-JAC-0055,Jackets,XL,109,999,N,2/27/2022
SKU-SHI-0001,Shirts,XL,0,0,N,3/6/2022
SKU-PAN-0002,Pants,S,0,0,N,3/6/2022
SKU-SHI-0003,Shirts,XS,0,0,N,3/6/2022
SKU-TSH-0004,Tshirts,XS,41,47.3,N,3/6/2022
SKU-CRO-0005,Croptops,XXL,6,8.6,N,3/6/2022
SKU-SHI-0006,Shirts,S,49,70,N,3/6/2022
SKU-CRO-0007,Croptops,XS,62,93,N,3/6/2022
SKU-PAN-0008,Pants,S,97,181.9,N,3/6/2022
SKU-PAN-0009,Pants,XS,65,130,N,3/6/2022
SKU-TSH-0010,Tshirts,M,44,57.4,N,3/6/2022
SKU-SHO-0011,Shorts,S,105,393.8,N,3/6/2022
SKU-TSH-0012,Tshirts,S,35,95.5,N,3/6/2022
SKU-SHI-0013,Shirts,XS,69,517.5,N,3/6/2022
SKU-CRO-0014,Croptops,S,32,120,N,3/6/2022
SKU-SHI-0015,Shirts,S,126,420,N,3/6/2022
SKU-PAN-0016,Pants,XXL,108,324,N,3/6/2022
SKU-SHI-0017,Shirts,XL,69,414,N,3/6/2022
SKU-PAN-0018,Pants,XS,106,454.3,N,3/6/2022
SKU-CRO-0019,Croptops,L,47,282,N,3/6/2022
SKU-PAN-0020,Pants,XS,75,375,N,3/6/2022
SKU-PAN-0021,Pants,S,70,262.5,N,3/6/2022
SKU-PAN-0022,Pants,L,96,360,N,3/6/2022
SKU-SHO-0023,Shorts,M,111,555,N,3/6/2022
SKU-SHI-0024,Shirts,S,47,128.2,N,3/6/2022
SKU-JAC-0025,Jackets,M,77,288.8,N,3/6/2022
SKU-PAN-0026,Pants,S,79,592.5,N,3/6/2022
SKU-JAC-0027,Jackets,XL,41,615,N,3/6/2022
SKU-PAN-0028,Pants,L,98,999,N,3/6/2022
SKU-TSH-0029,Tshirts,L,90,675,N,3/6/2022
SKU-CRO-0030,Croptops,M,54,270,N,3/6/2022
SKU-JAC-0031,Jackets,XS,42,252,N,3/6/2022
SKU-TSH-0032,Tshirts,XXL,89,999,N,3/6/2022
SKU-SHO-0033,Shorts,S,114,999,N,3/6/2022
SKU-PAN-0034,Pants,S,60,600,N,3/6/2022
SKU-CRO-0035,Croptops,M,42,315,N,3/6/2022
SKU-SHI-0036,Shirts,M,123,922.5,N,3/6/2022
SKU-CRO-0037,Croptops,L,111,999,N,3/6/2022
SKU-CRO-0038,Croptops,XL,40,240,N,3/6/2022
SKU-SHO-0039,Shorts,XL,108,999,N,3/6/2022
SKU-SHO-0040,Shorts,XXL,123,999,N,3/6/2022
SKU-TSH-0041,Tshirts,XXL,121,726,N,3/6/2022
SKU-CRO-0042,Croptops,L,121,999,N,3/6/2022
SKU-CRO-0043,Croptops,XL,55,825,N,3/6/2022
SKU-JAC-0044,Jackets,M,105,999,N,3/6/2022
SKU-SHI-0045,Shirts,XL,106,999,N,3/6/2022
SKU-JAC-0046,Jackets,L,123,999,N,3/6/2022
SKU-PAN-0047,Pants,XL,100,999,N,3/6/2022
SKU-CRO-0048,Croptops,XS,50,750,N,3/6/2022
SKU-TSH-0049,Tshirts,L,120,999,N,3/6/2022
SKU-SHO-0050,Shorts,XS,111,555,N,3/6/2022
SKU-SHI-0051,Shirts,XS,67,670,N,3/6/2022
SKU-SHI-0052,Shirts,XS,76,999,N,3/6/2022
SKU-JAC-0053,Jackets,XS,67,999,N,3/6/2022
SKU-SHI-0054,Shirts,XS,74,999,N,3/6/2022
SKU-JAC-0055,Jackets,XS,107,999,N,3/6/2022
SKU-SHI-0001,Shirts,S,0,0,N,3/13/2022
SKU-PAN-0002,Pants,S,0,0,N,3/13/2022
SKU-SHI-0003,Shirts,XL,0,0,N,3/13/2022
SKU-TSH-0004,Tshirts,L,34,34,N,3/13/2022
SKU-CRO-0005,Croptops,XS,1,1.5,N,3/13/2022
SKU-SHI-0006,Shirts,M,45,75,N,3/13/2022
SKU-CRO-0007,Croptops,M,59,98.3,N,3/13/2022
SKU-PAN-0008,Pants,L,93,199.3,N,3/13/2022
SKU-PAN-0009,Pants,M,61,140.8,N,3/13/2022
SKU-TSH-0010,Tshirts,M,41,68.3,N,3/13/2022
SKU-SHO-0011,Shorts,M,102,382.5,N,3/13/2022
SKU-TSH-0012,Tshirts,XXL,32,80,N,3/13/2022
SKU-SHI-0013,Shirts,XXL,68,408,N,3/13/2022
SKU-CRO-0014,Croptops,XS,31,155,N,3/13/2022
SKU-SHI-0015,Shirts,XL,124,531.4,N,3/13/2022
SKU-PAN-0016,Pants,S,105,315,N,3/13/2022
SKU-SHI-0017,Shirts,L,69,999,N,3/13/2022
SKU-PAN-0018,Pants,S,105,450,N,3/13/2022
SKU-CRO-0019,Croptops,M,43,161.2,N,3/13/2022
SKU-PAN-0020,Pants,XXL,71,266.2,N,3/13/2022
SKU-PAN-0021,Pants,M,68,226.7,N,3/13/2022
SKU-PAN-0022,Pants,XS,96,411.4,N,3/13/2022
SKU-SHO-0023,Shorts,L,110,550,N,3/13/2022
SKU-SHI-0024,Shirts,L,47,156.7,N,3/13/2022
SKU-JAC-0025,Jackets,XXL,74,317.1,N,3/13/2022
SKU-PAN-0026,Pants,XL,78,780,N,3/13/2022
SKU-JAC-0027,Jackets,XXL,41,615,N,3/13/2022
SKU-PAN-0028,Pants,S,95,712.5,N,3/13/2022
SKU-TSH-0029,Tshirts,XXL,88,528,N,3/13/2022
SKU-CRO-0030,Croptops,XL,53,265,N,3/13/2022
SKU-JAC-0031,Jackets,M,41,307.5,N,3/13/2022
SKU-TSH-0032,Tshirts,XS,89,999,N,3/13/2022
SKU-SHO-0033,Shorts,XS,114,999,N,3/13/2022
SKU-PAN-0034,Pants,XL,60,600,N,3/13/2022
SKU-CRO-0035,Croptops,XS,42,420,N,3/13/2022
SKU-SHI-0036,Shirts,L,123,999,N,3/13/2022
SKU-CRO-0037,Croptops,XXL,111,999,N,3/13/2022
SKU-CRO-0038,Croptops,XS,39,234,N,3/13/2022
SKU-SHO-0039,Shorts,XL,104,520,N,3/13/2022
SKU-SHO-0040,Shorts,XXL,123,999,N,3/13/2022
SKU-TSH-0041,Tshirts,XS,120,720,N,3/13/2022
SKU-CRO-0042,Croptops,XXL,120,999,N,3/13/2022
SKU-CRO-0043,Croptops,M,55,825,N,3/13/2022
SKU-JAC-0044,Jackets,XXL,104,999,N,3/13/2022
SKU-SHI-0045,Shirts,M,106,999,N,3/13/2022
SKU-JAC-0046,Jackets,L,123,999,N,3/13/2022
SKU-PAN-0047,Pants,XXL,100,999,N,3/13/2022
SKU-CRO-0048,Croptops,XL,50,750,N,3/13/2022
SKU-TSH-0049,Tshirts,S,119,999,N,3/13/2022
SKU-SHO-0050,Shorts,XL,111,832.5,N,3/13/2022
SKU-SHI-0051,Shirts,L,67,670,N,3/13/2022
SKU-SHI-0052,Shirts,L,76,999,N,3/13/2022
SKU-JAC-0053,Jackets,M,67,999,N,3/13/2022
SKU-SHI-0054,Shirts,XS,74,999,N,3/13/2022
SKU-JAC-0055,Jackets,XS,107,999,N,3/13/2022
SKU-SHI-0001,Shirts,L,0,0,N,3/20/2022
SKU-PAN-0002,Pants,XXL,0,0,N,3/20/2022
SKU-SHI-0003,Shirts,M,0,0,N,3/20/2022
SKU-TSH-0004,Tshirts,S,22,18.3,N,3/20/2022
SKU-CRO-0005,Croptops,L,0,0,N,3/20/2022
SKU-SHI-0006,Shirts,XXL,38,49.6,N,3/20/2022
SKU-CRO-0007,Croptops,XS,57,114,N,3/20/2022
SKU-PAN-0008,Pants,M,91,210,N,3/20/2022
SKU-PAN-0009,Pants,XXL,59,147.5,N,3/20/2022
SKU-TSH-0010,Tshirts,XS,36,60,N,3/20/2022
SKU-SHO-0011,Shorts,XXL,97,264.5,N,3/20/2022
SKU-TSH-0012,Tshirts,L,29,66.9,N,3/20/2022
SKU-SHI-0013,Shirts,XS,61,183,N,3/20/2022
SKU-CRO-0014,Croptops,S,26,78,N,3/20/2022
SKU-SHI-0015,Shirts,XXL,121,403.3,N,3/20/2022
SKU-PAN-0016,Pants,XXL,104,346.7,N,3/20/2022
SKU-SHI-0017,Shirts,L,62,206.7,N,3/20/2022
SKU-PAN-0018,Pants,S,103,343.3,N,3/20/2022
SKU-CRO-0019,Croptops,XXL,42,140,N,3/20/2022
SKU-PAN-0020,Pants,XXL,70,262.5,N,3/20/2022
SKU-PAN-0021,Pants,XS,66,220,N,3/20/2022
SKU-PAN-0022,Pants,XS,95,475,N,3/20/2022
SKU-SHO-0023,Shorts,XS,108,462.9,N,3/20/2022
SKU-SHI-0024,Shirts,XXL,45,192.9,N,3/20/2022
SKU-JAC-0025,Jackets,L,71,213,N,3/20/2022
SKU-PAN-0026,Pants,L,78,999,N,3/20/2022
SKU-JAC-0027,Jackets,L,40,600,N,3/20/2022
SKU-PAN-0028,Pants,XL,90,300,N,3/20/2022
SKU-TSH-0029,Tshirts,S,87,522,N,3/20/2022
SKU-CRO-0030,Croptops,XXL,53,397.5,N,3/20/2022
SKU-JAC-0031,Jackets,S,41,410,N,3/20/2022
SKU-TSH-0032,Tshirts,XXL,89,999,N,3/20/2022
SKU-SHO-0033,Shorts,XXL,113,999,N,3/20/2022
SKU-PAN-0034,Pants,XL,59,442.5,N,3/20/2022
SKU-CRO-0035,Croptops,M,42,420,N,3/20/2022
SKU-SHI-0036,Shirts,XS,122,999,N,3/20/2022
SKU-CRO-0037,Croptops,S,111,999,N,3/20/2022
SKU-CRO-0038,Croptops,L,35,131.2,N,3/20/2022
SKU-SHO-0039,Shorts,XL,102,382.5,N,3/20/2022
SKU-SHO-0040,Shorts,L,121,999,N,3/20/2022
SKU-TSH-0041,Tshirts,XXL,120,900,N,3/20/2022
SKU-CRO-0042,Croptops,S,120,999,N,3/20/2022
SKU-CRO-0043,Croptops,M,53,530,N,3/20/2022
SKU-JAC-0044,Jackets,XL,104,999,N,3/20/2022
SKU-SHI-0045,Shirts,XS,104,999,N,3/20/2022
SKU-JAC-0046,Jackets,S,123,999,N,3/20/2022
SKU-PAN-0047,Pants,XS,100,999,N,3/20/2022
SKU-CRO-0048,Croptops,XXL,50,999,N,3/20/2022
SKU-TSH-0049,Tshirts,S,117,877.5,N,3/20/2022
SKU-SHO-0050,Shorts,XXL,111,999,N,3/20/2022
SKU-SHI-0051,Shirts,XL,66,990,N,3/20/2022
SKU-SHI-0052,Shirts,XXL,76,999,N,3/20/2022
SKU-JAC-0053,Jackets,XL,67,999,N,3/20/2022
SKU-SHI-0054,Shirts,XL,74,999,N,3/20/2022
SKU-JAC-0055,Jackets,M,107,999,N,3/20/2022
SKU-SHI-0001,Shirts,XS,0,0,N,3/27/2022
SKU-PAN-0002,Pants,S,0,0,N,3/27/2022
SKU-SHI-0003,Shirts,M,0,0,N,3/27/2022
SKU-TSH-0004,Tshirts,XL,16,13.3,N,3/27/2022
SKU-CRO-0005,Croptops,S,0,0,N,3/27/2022
SKU-SHI-0006,Shirts,M,33,43,N,3/27/2022
SKU-CRO-0007,Croptops,XL,54,101.2,N,3/27/2022
SKU-PAN-0008,Pants,S,88,203.1,N,3/27/2022
SKU-PAN-0009,Pants,XS,55,117.9,N,3/27/2022
SKU-TSH-0010,Tshirts,M,34,60,N,3/27/2022
SKU-SHO-0011,Shorts,XL,94,235,N,3/27/2022
SKU-TSH-0012,Tshirts,XL,25,50,N,3/27/2022
SKU-SHI-0013,Shirts,M,56,120,N,3/27/2022
SKU-CRO-0014,Croptops,XS,22,50.8,N,3/27/2022
SKU-SHI-0015,Shirts,M,120,400,N,3/27/2022
SKU-PAN-0016,Pants,L,101,336.7,N,3/27/2022
SKU-SHI-0017,Shirts,XL,61,228.8,N,3/27/2022
SKU-PAN-0018,Pants,XL,103,386.2,N,3/27/2022
SKU-CRO-0019,Croptops,XXL,42,157.5,N,3/27/2022
SKU-PAN-0020,Pants,XL,69,258.8,N,3/27/2022
SKU-PAN-0021,Pants,M,64,192,N,3/27/2022
SKU-PAN-0022,Pants,M,94,564,N,3/27/2022
SKU-SHO-0023,Shorts,M,107,642,N,3/27/2022
SKU-SHI-0024,Shirts,M,43,161.2,N,3/27/2022
SKU-JAC-0025,Jackets,M,70,210,N,3/27/2022
SKU-PAN-0026,Pants,XL,76,760,N,3/27/2022
SKU-JAC-0027,Jackets,XXL,40,999,N,3/27/2022
SKU-PAN-0028,Pants,L,89,296.7,N,3/27/2022
SKU-TSH-0029,Tshirts,XL,86,430,N,3/27/2022
SKU-CRO-0030,Croptops,M,50,250,N,3/27/2022
SKU-JAC-0031,Jackets,M,40,400,N,3/27/2022
SKU-TSH-0032,Tshirts,S,89,999,N,3/27/2022
SKU-SHO-0033,Shorts,XL,112,999,N,3/27/2022
SKU-PAN-0034,Pants,M,58,435,N,3/27/2022
SKU-CRO-0035,Croptops,S,42,999,N,3/27/2022
SKU-SHI-0036,Shirts,XS,122,999,N,3/27/2022
SKU-CRO-0037,Croptops,L,111,999,N,3/27/2022
SKU-CRO-0038,Croptops,XXL,34,145.7,N,3/27/2022
SKU-SHO-0039,Shorts,L,102,510,N,3/27/2022
SKU-SHO-0040,Shorts,XXL,121,999,N,3/27/2022
SKU-TSH-0041,Tshirts,M,118,708,N,3/27/2022
SKU-CRO-0042,Croptops,M,120,999,N,3/27/2022
SKU-CRO-0043,Croptops,S,53,530,N,3/27/2022
SKU-JAC-0044,Jackets,M,104,999,N,3/27/2022
SKU-SHI-0045,Shirts,M,104,999,N,3/27/2022
SKU-JAC-0046,Jackets,XS,120,999,N,3/27/2022
SKU-PAN-0047,Pants,XS,100,999,N,3/27/2022
SKU-CRO-0048,Croptops,M,50,999,N,3/27/2022
SKU-TSH-0049,Tshirts,S,116,696,N,3/27/2022
SKU-SHO-0050,Shorts,XS,110,999,N,3/27/2022
SKU-SHI-0051,Shirts,S,66,990,N,3/27/2022
SKU-SHI-0052,Shirts,S,75,999,N,3/27/2022
SKU-JAC-0053,Jackets,L,67,999,N,3/27/2022
SKU-SHI-0054,Shirts,XXL,74,999,N,3/27/2022
SKU-JAC-0055,Jackets,S,106,999,N,3/27/2022
SKU-SHI-0001,Shirts,XS,0,0,N,4/3/2022
SKU-PAN-0002,Pants,M,0,0,N,4/3/2022
SKU-SHI-0003,Shirts,L,0,0,N,4/3/2022
SKU-TSH-0004,Tshirts,S,4,2.9,N,4/3/2022
SKU-CRO-0005,Croptops,XL,0,0,N,4/3/2022
SKU-SHI-0006,Shirts,XL,28,36.5,N,4/3/2022
SKU-CRO-0007,Croptops,M,51,117.7,N,4/3/2022
SKU-PAN-0008,Pants,XL,87,217.5,N,4/3/2022
SKU-PAN-0009,Pants,M,51,102,N,4/3/2022
SKU-TSH-0010,Tshirts,XS,31,62,N,4/3/2022
SKU-SHO-0011,Shorts,XS,94,256.4,N,4/3/2022
SKU-TSH-0012,Tshirts,XXL,25,75,N,4/3/2022
SKU-SHI-0013,Shirts,XXL,55,117.9,N,4/3/2022
SKU-CRO-0014,Croptops,XS,18,36,N,4/3/2022
SKU-SHI-0015,Shirts,M,118,393.3,N,4/3/2022
SKU-PAN-0016,Pants,XXL,100,375,N,4/3/2022
SKU-SHI-0017,Shirts,M,59,177,N,4/3/2022
SKU-PAN-0018,Pants,XXL,103,515,N,4/3/2022
SKU-CRO-0019,Croptops,L,40,150,N,4/3/2022
SKU-PAN-0020,Pants,M,68,255,N,4/3/2022
SKU-PAN-0021,Pants,XL,63,270,N,4/3/2022
SKU-PAN-0022,Pants,M,94,940,N,4/3/2022
SKU-SHO-0023,Shorts,S,103,386.2,N,4/3/2022
SKU-SHI-0024,Shirts,M,43,322.5,N,4/3/2022
SKU-JAC-0025,Jackets,XL,66,152.3,N,4/3/2022
SKU-PAN-0026,Pants,S,76,760,N,4/3/2022
SKU-JAC-0027,Jackets,XS,39,585,N,4/3/2022
SKU-PAN-0028,Pants,M,87,237.3,N,4/3/2022
SKU-TSH-0029,Tshirts,L,86,645,N,4/3/2022
SKU-CRO-0030,Croptops,XXL,50,375,N,4/3/2022
SKU-JAC-0031,Jackets,XS,39,390,N,4/3/2022
SKU-TSH-0032,Tshirts,XXL,89,999,N,4/3/2022
SKU-SHO-0033,Shorts,XL,110,825,N,4/3/2022
SKU-PAN-0034,Pants,L,57,427.5,N,4/3/2022
SKU-CRO-0035,Croptops,S,41,999,N,4/3/2022
SKU-SHI-0036,Shirts,XS,121,999,N,4/3/2022
SKU-CRO-0037,Croptops,S,110,999,N,4/3/2022
SKU-CRO-0038,Croptops,L,34,170,N,4/3/2022
SKU-SHO-0039,Shorts,S,102,510,N,4/3/2022
SKU-SHO-0040,Shorts,L,120,999,N,4/3/2022
SKU-TSH-0041,Tshirts,M,118,885,N,4/3/2022
SKU-CRO-0042,Croptops,S,119,999,N,4/3/2022
SKU-CRO-0043,Croptops,L,53,795,N,4/3/2022
SKU-JAC-0044,Jackets,S,104,999,N,4/3/2022
SKU-SHI-0045,Shirts,M,104,999,N,4/3/2022
SKU-JAC-0046,Jackets,XS,119,892.5,N,4/3/2022
SKU-PAN-0047,Pants,M,98,999,N,4/3/2022
SKU-CRO-0048,Croptops,XXL,50,999,N,4/3/2022
SKU-TSH-0049,Tshirts,L,116,696,N,4/3/2022
SKU-SHO-0050,Shorts,XL,110,999,N,4/3/2022
SKU-SHI-0051,Shirts,S,66,999,N,4/3/2022
SKU-SHI-0052,Shirts,XL,74,999,N,4/3/2022
SKU-JAC-0053,Jackets,L,67,999,N,4/3/2022
SKU-SHI-0054,Shirts,M,74,999,N,4/3/2022
SKU-JAC-0055,Jackets,XXL,106,999,N,4/3/2022
SKU-SHI-0001,Shirts,M,0,0,N,4/10/2022
SKU-PAN-0002,Pants,L,0,0,N,4/10/2022
SKU-SHI-0003,Shirts,XXL,0,0,N,4/10/2022
SKU-TSH-0004,Tshirts,XL,0,0,N,4/10/2022
SKU-CRO-0005,Croptops,S,0,0,N,4/10/2022
SKU-SHI-0006,Shirts,XXL,26,37.1,N,4/10/2022
SKU-CRO-0007,Croptops,XS,43,75.9,N,4/10/2022
SKU-PAN-0008,Pants,XXL,84,252,N,4/10/2022
SKU-PAN-0009,Pants,XL,46,81.2,N,4/10/2022
SKU-TSH-0010,Tshirts,XL,25,44.1,N,4/10/2022
SKU-SHO-0011,Shorts,XL,88,188.6,N,4/10/2022
SKU-TSH-0012,Tshirts,L,23,69,N,4/10/2022
SKU-SHI-0013,Shirts,S,55,117.9,N,4/10/2022
SKU-CRO-0014,Croptops,XS,14,24.7,N,4/10/2022
SKU-SHI-0015,Shirts,S,116,386.7,N,4/10/2022
SKU-PAN-0016,Pants,XS,95,259.1,N,4/10/2022
SKU-SHI-0017,Shirts,M,57,142.5,N,4/10/2022
SKU-PAN-0018,Pants,S,101,757.5,N,4/10/2022
SKU-CRO-0019,Croptops,XS,40,240,N,4/10/2022
SKU-PAN-0020,Pants,S,63,171.8,N,4/10/2022
SKU-PAN-0021,Pants,L,63,378,N,4/10/2022
SKU-PAN-0022,Pants,XXL,92,690,N,4/10/2022
SKU-SHO-0023,Shorts,XL,101,336.7,N,4/10/2022
SKU-SHI-0024,Shirts,S,43,322.5,N,4/10/2022
SKU-JAC-0025,Jackets,XL,64,160,N,4/10/2022
SKU-PAN-0026,Pants,S,76,999,N,4/10/2022
SKU-JAC-0027,Jackets,XL,37,277.5,N,4/10/2022
SKU-PAN-0028,Pants,M,85,231.8,N,4/10/2022
SKU-TSH-0029,Tshirts,S,86,999,N,4/10/2022
SKU-CRO-0030,Croptops,L,49,367.5,N,4/10/2022
SKU-JAC-0031,Jackets,XS,39,585,N,4/10/2022
SKU-TSH-0032,Tshirts,XXL,87,999,N,4/10/2022
SKU-SHO-0033,Shorts,S,109,654,N,4/10/2022
SKU-PAN-0034,Pants,S,57,570,N,4/10/2022
SKU-CRO-0035,Croptops,XL,41,999,N,4/10/2022
SKU-SHI-0036,Shirts,XXL,120,999,N,4/10/2022
SKU-CRO-0037,Croptops,XS,109,999,N,4/10/2022
SKU-CRO-0038,Croptops,M,34,204,N,4/10/2022
SKU-SHO-0039,Shorts,XL,102,999,N,4/10/2022
SKU-SHO-0040,Shorts,XXL,119,892.5,N,4/10/2022
SKU-TSH-0041,Tshirts,XL,117,999,N,4/10/2022
SKU-CRO-0042,Croptops,XXL,118,999,N,4/10/2022
SKU-CRO-0043,Croptops,XL,53,795,N,4/10/2022
SKU-JAC-0044,Jackets,M,103,999,N,4/10/2022
SKU-SHI-0045,Shirts,M,104,999,N,4/10/2022
SKU-JAC-0046,Jackets,L,119,892.5,N,4/10/2022
SKU-PAN-0047,Pants,XS,97,970,N,4/10/2022
SKU-CRO-0048,Croptops,L,50,999,N,4/10/2022
SKU-TSH-0049,Tshirts,XL,116,999,N,4/10/2022
SKU-SHO-0050,Shorts,XS,109,999,N,4/10/2022
SKU-SHI-0051,Shirts,M,65,975,N,4/10/2022
SKU-SHI-0052,Shirts,XL,73,730,N,4/10/2022
SKU-JAC-0053,Jackets,XL,65,975,N,4/10/2022
SKU-SHI-0054,Shirts,M,74,999,N,4/10/2022
SKU-JAC-0055,Jackets,XS,106,999,N,4/10/2022
SKU-SHI-0001,Shirts,XS,0,0,N,4/17/2022
SKU-PAN-0002,Pants,XS,0,0,N,4/17/2022
SKU-SHI-0003,Shirts,S,0,0,N,4/17/2022
SKU-TSH-0004,Tshirts,L,0,0,N,4/17/2022
SKU-CRO-0005,Croptops,XL,0,0,N,4/17/2022
SKU-SHI-0006,Shirts,L,15,18,N,4/17/2022
SKU-CRO-0007,Croptops,M,39,61.6,N,4/17/2022
SKU-PAN-0008,Pants,L,81,220.9,N,4/17/2022
SKU-PAN-0009,Pants,L,44,88,N,4/17/2022
SKU-TSH-0010,Tshirts,XXL,22,41.2,N,4/17/2022
SKU-SHO-0011,Shorts,XL,86,234.5,N,4/17/2022
SKU-TSH-0012,Tshirts,L,19,51.8,N,4/17/2022
SKU-SHI-0013,Shirts,M,54,180,N,4/17/2022
SKU-CRO-0014,Croptops,XXL,14,30,N,4/17/2022
SKU-SHI-0015,Shirts,S,113,339,N,4/17/2022
SKU-PAN-0016,Pants,M,92,212.3,N,4/17/2022
SKU-SHI-0017,Shirts,XS,56,210,N,4/17/2022
SKU-PAN-0018,Pants,L,100,750,N,4/17/2022
SKU-CRO-0019,Croptops,XXL,38,285,N,4/17/2022
SKU-PAN-0020,Pants,M,60,180,N,4/17/2022
SKU-PAN-0021,Pants,S,63,630,N,4/17/2022
SKU-PAN-0022,Pants,M,90,540,N,4/17/2022
SKU-SHO-0023,Shorts,XS,98,245,N,4/17/2022
SKU-SHI-0024,Shirts,L,41,307.5,N,4/17/2022
SKU-JAC-0025,Jackets,XS,64,274.3,N,4/17/2022
SKU-PAN-0026,Pants,S,75,750,N,4/17/2022
SKU-JAC-0027,Jackets,M,36,270,N,4/17/2022
SKU-PAN-0028,Pants,XL,84,420,N,4/17/2022
SKU-TSH-0029,Tshirts,L,83,622.5,N,4/17/2022
SKU-CRO-0030,Croptops,S,47,235,N,4/17/2022
SKU-JAC-0031,Jackets,XL,37,277.5,N,4/17/2022
SKU-TSH-0032,Tshirts,L,87,999,N,4/17/2022
SKU-SHO-0033,Shorts,L,109,817.5,N,4/17/2022
SKU-PAN-0034,Pants,XS,56,560,N,4/17/2022
SKU-CRO-0035,Croptops,XXL,38,285,N,4/17/2022
SKU-SHI-0036,Shirts,XXL,119,892.5,N,4/17/2022
SKU-CRO-0037,Croptops,XXL,107,802.5,N,4/17/2022
SKU-CRO-0038,Croptops,S,33,495,N,4/17/2022
SKU-SHO-0039,Shorts,M,102,999,N,4/17/2022
SKU-SHO-0040,Shorts,XL,118,999,N,4/17/2022
SKU-TSH-0041,Tshirts,M,117,999,N,4/17/2022
SKU-CRO-0042,Croptops,L,118,999,N,4/17/2022
SKU-CRO-0043,Croptops,XS,51,510,N,4/17/2022
SKU-JAC-0044,Jackets,L,102,999,N,4/17/2022
SKU-SHI-0045,Shirts,XL,102,999,N,4/17/2022
SKU-JAC-0046,Jackets,XL,119,892.5,N,4/17/2022
SKU-PAN-0047,Pants,XL,97,970,N,4/17/2022
SKU-CRO-0048,Croptops,XXL,48,720,N,4/17/2022
SKU-TSH-0049,Tshirts,XS,114,999,N,4/17/2022
SKU-SHO-0050,Shorts,XL,108,999,N,4/17/2022
SKU-SHI-0051,Shirts,L,64,960,N,4/17/2022
SKU-SHI-0052,Shirts,XXL,73,730,N,4/17/2022
SKU-JAC-0053,Jackets,XXL,64,640,N,4/17/2022
SKU-SHI-0054,Shirts,S,72,999,N,4/17/2022
SKU-JAC-0055,Jackets,M,105,999,N,4/17/2022
SKU-SHI-0001,Shirts,S,0,0,N,4/24/2022
SKU-PAN-0002,Pants,L,0,0,N,4/24/2022
SKU-SHI-0003,Shirts,XL,0,0,N,4/24/2022
SKU-TSH-0004,Tshirts,L,0,0,N,4/24/2022
SKU-CRO-0005,Croptops,S,0,0,N,4/24/2022
SKU-SHI-0006,Shirts,XL,10,12,N,4/24/2022
SKU-CRO-0007,Croptops,L,34,51,N,4/24/2022
SKU-PAN-0008,Pants,M,73,136.9,N,4/24/2022
SKU-PAN-0009,Pants,M,40,80,N,4/24/2022
SKU-TSH-0010,Tshirts,XS,19,35.6,N,4/24/2022
SKU-SHO-0011,Shorts,XL,82,205,N,4/24/2022
SKU-TSH-0012,Tshirts,S,15,37.5,N,4/24/2022
SKU-SHI-0013,Shirts,M,52,260,N,4/24/2022
SKU-CRO-0014,Croptops,L,13,35.5,N,4/24/2022
SKU-SHI-0015,Shirts,L,113,484.3,N,4/24/2022
SKU-PAN-0016,Pants,XL,90,207.7,N,4/24/2022
SKU-SHI-0017,Shirts,S,54,231.4,N,4/24/2022
SKU-PAN-0018,Pants,L,98,588,N,4/24/2022
SKU-CRO-0019,Croptops,XXL,36,180,N,4/24/2022
SKU-PAN-0020,Pants,XL,59,160.9,N,4/24/2022
SKU-PAN-0021,Pants,S,62,930,N,4/24/2022
SKU-PAN-0022,Pants,M,88,377.1,N,4/24/2022
SKU-SHO-0023,Shorts,XL,93,199.3,N,4/24/2022
SKU-SHI-0024,Shirts,M,40,300,N,4/24/2022
SKU-JAC-0025,Jackets,XXL,61,183,N,4/24/2022
SKU-PAN-0026,Pants,M,74,740,N,4/24/2022
SKU-JAC-0027,Jackets,XS,35,210,N,4/24/2022
SKU-PAN-0028,Pants,M,83,355.7,N,4/24/2022
SKU-TSH-0029,Tshirts,XS,82,492,N,4/24/2022
SKU-CRO-0030,Croptops,S,45,270,N,4/24/2022
SKU-JAC-0031,Jackets,S,35,210,N,4/24/2022
SKU-TSH-0032,Tshirts,L,86,860,N,4/24/2022
SKU-SHO-0033,Shorts,M,107,642,N,4/24/2022
SKU-PAN-0034,Pants,XXL,56,560,N,4/24/2022
SKU-CRO-0035,Croptops,XXL,37,222,N,4/24/2022
SKU-SHI-0036,Shirts,XXL,117,702,N,4/24/2022
SKU-CRO-0037,Croptops,M,106,636,N,4/24/2022
SKU-CRO-0038,Croptops,XXL,32,320,N,4/24/2022
SKU-SHO-0039,Shorts,XL,102,999,N,4/24/2022
SKU-SHO-0040,Shorts,L,117,877.5,N,4/24/2022
SKU-TSH-0041,Tshirts,L,116,999,N,4/24/2022
SKU-CRO-0042,Croptops,XXL,117,999,N,4/24/2022
SKU-CRO-0043,Croptops,XL,51,765,N,4/24/2022
SKU-JAC-0044,Jackets,XS,101,999,N,4/24/2022
SKU-SHI-0045,Shirts,XL,102,999,N,4/24/2022
SKU-JAC-0046,Jackets,M,118,999,N,4/24/2022
SKU-PAN-0047,Pants,L,97,970,N,4/24/2022
SKU-CRO-0048,Croptops,XXL,48,720,N,4/24/2022
SKU-TSH-0049,Tshirts,XXL,114,999,N,4/24/2022
SKU-SHO-0050,Shorts,XS,107,999,N,4/24/2022
SKU-SHI-0051,Shirts,XXL,64,960,N,4/24/2022
SKU-SHI-0052,Shirts,XS,72,720,N,4/24/2022
SKU-JAC-0053,Jackets,S,64,640,N,4/24/2022
SKU-SHI-0054,Shirts,XS,72,999,N,4/24/2022
SKU-JAC-0055,Jackets,XL,105,999,N,4/24/2022
SKU-SHI-0001,Shirts,L,0,0,N,5/1/2022
SKU-PAN-0002,Pants,L,0,0,N,5/1/2022
SKU-SHI-0003,Shirts,XS,0,0,N,5/1/2022
SKU-TSH-0004,Tshirts,XL,0,0,N,5/1/2022
SKU-CRO-0005,Croptops,S,0,0,N,5/1/2022
SKU-SHI-0006,Shirts,S,6,7.8,N,5/1/2022
SKU-CRO-0007,Croptops,XL,32,48,N,5/1/2022
SKU-PAN-0008,Pants,XXL,66,94.3,N,5/1/2022
SKU-PAN-0009,Pants,XS,36,60,N,5/1/2022
SKU-TSH-0010,Tshirts,L,14,23.3,N,5/1/2022
SKU-SHO-0011,Shorts,XS,77,135.9,N,5/1/2022
SKU-TSH-0012,Tshirts,L,11,23.6,N,5/1/2022
SKU-SHI-0013,Shirts,XL,50,300,N,5/1/2022
SKU-CRO-0014,Croptops,L,11,41.2,N,5/1/2022
SKU-SHI-0015,Shirts,XS,111,475.7,N,5/1/2022
SKU-PAN-0016,Pants,XXL,88,220,N,5/1/2022
SKU-SHI-0017,Shirts,XXL,53,227.1,N,5/1/2022
SKU-PAN-0018,Pants,XS,96,411.4,N,5/1/2022
SKU-CRO-0019,Croptops,M,34,170,N,5/1/2022
SKU-PAN-0020,Pants,XL,59,196.7,N,5/1/2022
SKU-PAN-0021,Pants,S,57,285,N,5/1/2022
SKU-PAN-0022,Pants,XL,86,322.5,N,5/1/2022
SKU-SHO-0023,Shorts,M,91,182,N,5/1/2022
SKU-SHI-0024,Shirts,XXL,37,185,N,5/1/2022
SKU-JAC-0025,Jackets,XS,60,300,N,5/1/2022
SKU-PAN-0026,Pants,M,72,540,N,5/1/2022
SKU-JAC-0027,Jackets,XXL,34,170,N,5/1/2022
SKU-PAN-0028,Pants,XL,79,296.2,N,5/1/2022
SKU-TSH-0029,Tshirts,XXL,82,615,N,5/1/2022
SKU-CRO-0030,Croptops,M,45,270,N,5/1/2022
SKU-JAC-0031,Jackets,L,34,204,N,5/1/2022
SKU-TSH-0032,Tshirts,XXL,85,637.5,N,5/1/2022
SKU-SHO-0033,Shorts,L,105,525,N,5/1/2022
SKU-PAN-0034,Pants,S,56,840,N,5/1/2022
SKU-CRO-0035,Croptops,L,37,222,N,5/1/2022
SKU-SHI-0036,Shirts,XS,116,580,N,5/1/2022
SKU-CRO-0037,Croptops,XS,106,795,N,5/1/2022
SKU-CRO-0038,Croptops,XXL,32,480,N,5/1/2022
SKU-SHO-0039,Shorts,M,102,999,N,5/1/2022
SKU-SHO-0040,Shorts,M,116,870,N,5/1/2022
SKU-TSH-0041,Tshirts,L,116,999,N,5/1/2022
SKU-CRO-0042,Croptops,XL,115,862.5,N,5/1/2022
SKU-CRO-0043,Croptops,S,50,500,N,5/1/2022
SKU-JAC-0044,Jackets,XXL,101,999,N,5/1/2022
SKU-SHI-0045,Shirts,L,101,999,N,5/1/2022
SKU-JAC-0046,Jackets,M,118,999,N,5/1/2022
SKU-PAN-0047,Pants,M,96,999,N,5/1/2022
SKU-CRO-0048,Croptops,XXL,47,470,N,5/1/2022
SKU-TSH-0049,Tshirts,M,114,999,N,5/1/2022
SKU-SHO-0050,Shorts,S,107,999,N,5/1/2022
SKU-SHI-0051,Shirts,M,64,960,N,5/1/2022
SKU-SHI-0052,Shirts,XXL,72,999,N,5/1/2022
SKU-JAC-0053,Jackets,XXL,64,640,N,5/1/2022
SKU-SHI-0054,Shirts,M,72,999,N,5/1/2022
SKU-JAC-0055,Jackets,XS,105,999,N,5/1/2022
SKU-SHI-0001,Shirts,L,0,0,N,5/8/2022
SKU-PAN-0002,Pants,L,0,0,N,5/8/2022
SKU-SHI-0003,Shirts,L,0,0,N,5/8/2022
SKU-TSH-0004,Tshirts,S,0,0,N,5/8/2022
SKU-CRO-0005,Croptops,S,0,0,N,5/8/2022
SKU-SHI-0006,Shirts,XS,3,3.9,N,5/8/2022
SKU-CRO-0007,Croptops,XS,28,46.7,N,5/8/2022
SKU-PAN-0008,Pants,S,59,65.6,N,5/8/2022
SKU-PAN-0009,Pants,S,33,61.9,N,5/8/2022
SKU-TSH-0010,Tshirts,L,12,24,N,5/8/2022
SKU-SHO-0011,Shorts,M,76,162.9,N,5/8/2022
SKU-TSH-0012,Tshirts,L,8,15,N,5/8/2022
SKU-SHI-0013,Shirts,S,49,245,N,5/8/2022
SKU-CRO-0014,Croptops,XL,9,38.6,N,5/8/2022
SKU-SHI-0015,Shirts,M,109,467.1,N,5/8/2022
SKU-PAN-0016,Pants,M,84,229.1,N,5/8/2022
SKU-SHI-0017,Shirts,M,51,218.6,N,5/8/2022
SKU-PAN-0018,Pants,XS,96,576,N,5/8/2022
SKU-CRO-0019,Croptops,M,33,141.4,N,5/8/2022
SKU-PAN-0020,Pants,S,59,354,N,5/8/2022
SKU-PAN-0021,Pants,L,57,285,N,5/8/2022
SKU-PAN-0022,Pants,L,84,315,N,5/8/2022
SKU-SHO-0023,Shorts,M,89,222.5,N,5/8/2022
SKU-SHI-0024,Shirts,M,35,131.2,N,5/8/2022
SKU-JAC-0025,Jackets,XL,59,252.9,N,5/8/2022
SKU-PAN-0026,Pants,XL,72,540,N,5/8/2022
SKU-JAC-0027,Jackets,XXL,34,204,N,5/8/2022
SKU-PAN-0028,Pants,S,77,288.8,N,5/8/2022
SKU-TSH-0029,Tshirts,S,82,615,N,5/8/2022
SKU-CRO-0030,Croptops,S,44,264,N,5/8/2022
SKU-JAC-0031,Jackets,XS,34,204,N,5/8/2022
SKU-TSH-0032,Tshirts,L,84,840,N,5/8/2022
SKU-SHO-0033,Shorts,M,105,787.5,N,5/8/2022
SKU-PAN-0034,Pants,S,56,999,N,5/8/2022
SKU-CRO-0035,Croptops,M,36,216,N,5/8/2022
SKU-SHI-0036,Shirts,L,116,870,N,5/8/2022
SKU-CRO-0037,Croptops,XXL,106,999,N,5/8/2022
SKU-CRO-0038,Croptops,L,32,480,N,5/8/2022
SKU-SHO-0039,Shorts,XL,101,999,N,5/8/2022
SKU-SHO-0040,Shorts,S,115,862.5,N,5/8/2022
SKU-TSH-0041,Tshirts,L,115,999,N,5/8/2022
SKU-CRO-0042,Croptops,S,112,560,N,5/8/2022
SKU-CRO-0043,Croptops,S,49,367.5,N,5/8/2022
SKU-JAC-0044,Jackets,XS,100,999,N,5/8/2022
SKU-SHI-0045,Shirts,L,98,490,N,5/8/2022
SKU-JAC-0046,Jackets,M,118,999,N,5/8/2022
SKU-PAN-0047,Pants,L,96,999,N,5/8/2022
SKU-CRO-0048,Croptops,XXL,47,470,N,5/8/2022
SKU-TSH-0049,Tshirts,XXL,114,999,N,5/8/2022
SKU-SHO-0050,Shorts,XXL,107,999,N,5/8/2022
SKU-SHI-0051,Shirts,XXL,64,999,N,5/8/2022
SKU-SHI-0052,Shirts,L,72,999,N,5/8/2022
SKU-JAC-0053,Jackets,XL,64,960,N,5/8/2022
SKU-SHI-0054,Shirts,M,72,999,N,5/8/2022
SKU-JAC-0055,Jackets,XS,105,999,N,5/8/2022
SKU-SHI-0001,Shirts,L,0,0,N,5/15/2022
SKU-PAN-0002,Pants,M,0,0,N,5/15/2022
SKU-SHI-0003,Shirts,XS,0,0,N,5/15/2022
SKU-TSH-0004,Tshirts,XS,0,0,N,5/15/2022
SKU-CRO-0005,Croptops,S,0,0,N,5/15/2022
SKU-SHI-0006,Shirts,XL,0,0,N,5/15/2022
SKU-CRO-0007,Croptops,S,23,38.3,N,5/15/2022
SKU-PAN-0008,Pants,XL,54,57.9,N,5/15/2022
SKU-PAN-0009,Pants,XXL,28,49.4,N,5/15/2022
SKU-TSH-0010,Tshirts,S,9,20.8,N,5/15/2022
SKU-SHO-0011,Shorts,L,75,173.1,N,5/15/2022
SKU-TSH-0012,Tshirts,L,5,10.7,N,5/15/2022
SKU-SHI-0013,Shirts,L,47,176.2,N,5/15/2022
SKU-CRO-0014,Croptops,S,6,22.5,N,5/15/2022
SKU-SHI-0015,Shirts,M,109,654,N,5/15/2022
SKU-PAN-0016,Pants,L,81,202.5,N,5/15/2022
SKU-SHI-0017,Shirts,M,48,180,N,5/15/2022
SKU-PAN-0018,Pants,XS,95,570,N,5/15/2022
SKU-CRO-0019,Croptops,XS,31,132.9,N,5/15/2022
SKU-PAN-0020,Pants,XS,58,870,N,5/15/2022
SKU-PAN-0021,Pants,S,57,285,N,5/15/2022
SKU-PAN-0022,Pants,XL,83,276.7,N,5/15/2022
SKU-SHO-0023,Shorts,XL,86,198.5,N,5/15/2022
SKU-SHI-0024,Shirts,XS,35,150,N,5/15/2022
SKU-JAC-0025,Jackets,XXL,59,354,N,5/15/2022
SKU-PAN-0026,Pants,XXL,71,426,N,5/15/2022
SKU-JAC-0027,Jackets,S,33,330,N,5/15/2022
SKU-PAN-0028,Pants,XL,77,288.8,N,5/15/2022
SKU-TSH-0029,Tshirts,M,82,999,N,5/15/2022
SKU-CRO-0030,Croptops,L,44,330,N,5/15/2022
SKU-JAC-0031,Jackets,XS,34,255,N,5/15/2022
SKU-TSH-0032,Tshirts,XL,84,840,N,5/15/2022
SKU-SHO-0033,Shorts,XL,105,787.5,N,5/15/2022
SKU-PAN-0034,Pants,L,56,999,N,5/15/2022
SKU-CRO-0035,Croptops,M,36,540,N,5/15/2022
SKU-SHI-0036,Shirts,XL,116,870,N,5/15/2022
SKU-CRO-0037,Croptops,M,105,999,N,5/15/2022
SKU-CRO-0038,Croptops,XL,28,168,N,5/15/2022
SKU-SHO-0039,Shorts,XL,100,999,N,5/15/2022
SKU-SHO-0040,Shorts,XXL,114,855,N,5/15/2022
SKU-TSH-0041,Tshirts,XS,115,999,N,5/15/2022
SKU-CRO-0042,Croptops,L,111,475.7,N,5/15/2022
SKU-CRO-0043,Croptops,XXL,49,490,N,5/15/2022
SKU-JAC-0044,Jackets,XL,100,999,N,5/15/2022
SKU-SHI-0045,Shirts,S,98,735,N,5/15/2022
SKU-JAC-0046,Jackets,S,118,999,N,5/15/2022
SKU-PAN-0047,Pants,XS,96,999,N,5/15/2022
SKU-CRO-0048,Croptops,S,46,460,N,5/15/2022
SKU-TSH-0049,Tshirts,M,114,999,N,5/15/2022
SKU-SHO-0050,Shorts,XS,107,999,N,5/15/2022
SKU-SHI-0051,Shirts,L,62,930,N,5/15/2022
SKU-SHI-0052,Shirts,XL,72,999,N,5/15/2022
SKU-JAC-0053,Jackets,XS,64,999,N,5/15/2022
SKU-SHI-0054,Shirts,XXL,71,999,N,5/15/2022
SKU-JAC-0055,Jackets,XL,104,999,N,5/15/2022
SKU-SHI-0001,Shirts,XXL,0,0,N,5/22/2022
SKU-PAN-0002,Pants,XS,0,0,N,5/22/2022
SKU-SHI-0003,Shirts,S,0,0,N,5/22/2022
SKU-TSH-0004,Tshirts,M,0,0,N,5/22/2022
SKU-CRO-0005,Croptops,S,0,0,N,5/22/2022
SKU-SHI-0006,Shirts,XS,0,0,N,5/22/2022
SKU-CRO-0007,Croptops,XXL,19,30,N,5/22/2022
SKU-PAN-0008,Pants,S,51,61.2,N,5/22/2022
SKU-PAN-0009,Pants,XL,24,45,N,5/22/2022
SKU-TSH-0010,Tshirts,XS,6,12,N,5/22/2022
SKU-SHO-0011,Shorts,XL,70,175,N,5/22/2022
SKU-TSH-0012,Tshirts,S,2,4.3,N,5/22/2022
SKU-SHI-0013,Shirts,XS,41,111.8,N,5/22/2022
SKU-CRO-0014,Croptops,XXL,5,18.8,N,5/22/2022
SKU-SHI-0015,Shirts,S,104,346.7,N,5/22/2022
SKU-PAN-0016,Pants,XL,79,215.5,N,5/22/2022
SKU-SHI-0017,Shirts,XS,45,135,N,5/22/2022
SKU-PAN-0018,Pants,XS,94,564,N,5/22/2022
SKU-CRO-0019,Croptops,L,27,81,N,5/22/2022
SKU-PAN-0020,Pants,S,57,855,N,5/22/2022
SKU-PAN-0021,Pants,L,55,206.2,N,5/22/2022
SKU-PAN-0022,Pants,S,80,266.7,N,5/22/2022
SKU-SHO-0023,Shorts,S,86,368.6,N,5/22/2022
SKU-SHI-0024,Shirts,XS,34,170,N,5/22/2022
SKU-JAC-0025,Jackets,S,58,580,N,5/22/2022
SKU-PAN-0026,Pants,XXL,70,525,N,5/22/2022
SKU-JAC-0027,Jackets,XS,31,232.5,N,5/22/2022
SKU-PAN-0028,Pants,S,74,246.7,N,5/22/2022
SKU-TSH-0029,Tshirts,M,81,999,N,5/22/2022
SKU-CRO-0030,Croptops,XL,44,660,N,5/22/2022
SKU-JAC-0031,Jackets,XL,34,510,N,5/22/2022
SKU-TSH-0032,Tshirts,XS,84,999,N,5/22/2022
SKU-SHO-0033,Shorts,XL,104,999,N,5/22/2022
SKU-PAN-0034,Pants,XL,54,810,N,5/22/2022
SKU-CRO-0035,Croptops,L,36,999,N,5/22/2022
SKU-SHI-0036,Shirts,XS,114,999,N,5/22/2022
SKU-CRO-0037,Croptops,XXL,105,999,N,5/22/2022
SKU-CRO-0038,Croptops,L,27,162,N,5/22/2022
SKU-SHO-0039,Shorts,XL,99,990,N,5/22/2022
SKU-SHO-0040,Shorts,XXL,113,847.5,N,5/22/2022
SKU-TSH-0041,Tshirts,M,115,999,N,5/22/2022
SKU-CRO-0042,Croptops,M,110,412.5,N,5/22/2022
SKU-CRO-0043,Croptops,S,49,735,N,5/22/2022
SKU-JAC-0044,Jackets,XS,99,999,N,5/22/2022
SKU-SHI-0045,Shirts,XL,98,735,N,5/22/2022
SKU-JAC-0046,Jackets,XS,117,999,N,5/22/2022
SKU-PAN-0047,Pants,S,95,999,N,5/22/2022
SKU-CRO-0048,Croptops,L,46,690,N,5/22/2022
SKU-TSH-0049,Tshirts,L,113,999,N,5/22/2022
SKU-SHO-0050,Shorts,XL,105,999,N,5/22/2022
SKU-SHI-0051,Shirts,S,61,610,N,5/22/2022
SKU-SHI-0052,Shirts,M,72,999,N,5/22/2022
SKU-JAC-0053,Jackets,M,64,999,N,5/22/2022
SKU-SHI-0054,Shirts,L,71,999,N,5/22/2022
SKU-JAC-0055,Jackets,XL,104,999,N,5/22/2022
SKU-SHI-0001,Shirts,M,0,0,N,5/29/2022
SKU-PAN-0002,Pants,M,0,0,N,5/29/2022
SKU-SHI-0003,Shirts,XL,0,0,N,5/29/2022
SKU-TSH-0004,Tshirts,XS,0,0,N,5/29/2022
SKU-CRO-0005,Croptops,XXL,0,0,N,5/29/2022
SKU-SHI-0006,Shirts,XS,0,0,N,5/29/2022
SKU-CRO-0007,Croptops,XS,14,23.3,N,5/29/2022
SKU-PAN-0008,Pants,S,48,72,N,5/29/2022
SKU-PAN-0009,Pants,L,23,46,N,5/29/2022
SKU-TSH-0010,Tshirts,XXL,3,7.5,N,5/29/2022
SKU-SHO-0011,Shorts,L,67,182.7,N,5/29/2022
SKU-TSH-0012,Tshirts,S,1,2.7,N,5/29/2022
SKU-SHI-0013,Shirts,XL,38,95,N,5/29/2022
SKU-CRO-0014,Croptops,XXL,4,17.1,N,5/29/2022
SKU-SHI-0015,Shirts,XXL,102,306,N,5/29/2022
SKU-PAN-0016,Pants,XXL,78,212.7,N,5/29/2022
SKU-SHI-0017,Shirts,L,43,129,N,5/29/2022
SKU-PAN-0018,Pants,M,89,381.4,N,5/29/2022
SKU-CRO-0019,Croptops,XXL,25,83.3,N,5/29/2022
SKU-PAN-0020,Pants,S,57,855,N,5/29/2022
SKU-PAN-0021,Pants,M,55,412.5,N,5/29/2022
SKU-PAN-0022,Pants,M,78,292.5,N,5/29/2022
SKU-SHO-0023,Shorts,XS,85,425,N,5/29/2022
SKU-SHI-0024,Shirts,L,34,255,N,5/29/2022
SKU-JAC-0025,Jackets,XS,58,870,N,5/29/2022
SKU-PAN-0026,Pants,M,69,517.5,N,5/29/2022
SKU-JAC-0027,Jackets,L,30,225,N,5/29/2022
SKU-PAN-0028,Pants,M,72,240,N,5/29/2022
SKU-TSH-0029,Tshirts,S,80,999,N,5/29/2022
SKU-CRO-0030,Croptops,M,42,420,N,5/29/2022
SKU-JAC-0031,Jackets,M,33,990,N,5/29/2022
SKU-TSH-0032,Tshirts,M,84,999,N,5/29/2022
SKU-SHO-0033,Shorts,S,103,999,N,5/29/2022
SKU-PAN-0034,Pants,XL,54,810,N,5/29/2022
SKU-CRO-0035,Croptops,XS,34,340,N,5/29/2022
SKU-SHI-0036,Shirts,XL,113,847.5,N,5/29/2022
SKU-CRO-0037,Croptops,S,105,999,N,5/29/2022
SKU-CRO-0038,Croptops,M,25,107.1,N,5/29/2022
SKU-SHO-0039,Shorts,S,98,735,N,5/29/2022
SKU-SHO-0040,Shorts,L,113,847.5,N,5/29/2022
SKU-TSH-0041,Tshirts,XL,114,999,N,5/29/2022
SKU-CRO-0042,Croptops,M,110,550,N,5/29/2022
SKU-CRO-0043,Croptops,S,49,999,N,5/29/2022
SKU-JAC-0044,Jackets,S,99,999,N,5/29/2022
SKU-SHI-0045,Shirts,XXL,98,980,N,5/29/2022
SKU-JAC-0046,Jackets,M,117,999,N,5/29/2022
SKU-PAN-0047,Pants,XS,95,999,N,5/29/2022
SKU-CRO-0048,Croptops,S,46,690,N,5/29/2022
SKU-TSH-0049,Tshirts,L,113,999,N,5/29/2022
SKU-SHO-0050,Shorts,L,104,999,N,5/29/2022
SKU-SHI-0051,Shirts,M,60,450,N,5/29/2022
SKU-SHI-0052,Shirts,XXL,70,999,N,5/29/2022
SKU-JAC-0053,Jackets,XXL,64,999,N,5/29/2022
SKU-SHI-0054,Shirts,XXL,71,999,N,5/29/2022
SKU-JAC-0055,Jackets,XXL,104,999,N,5/29/2022
SKU-SHI-0001,Shirts,XL,0,0,N,6/5/2022
SKU-PAN-0002,Pants,XL,0,0,N,6/5/2022
SKU-SHI-0003,Shirts,XXL,0,0,N,6/5/2022
SKU-TSH-0004,Tshirts,S,0,0,N,6/5/2022
SKU-CRO-0005,Croptops,S,0,0,N,6/5/2022
SKU-SHI-0006,Shirts,S,0,0,N,6/5/2022
SKU-CRO-0007,Croptops,S,10,16.7,N,6/5/2022
SKU-PAN-0008,Pants,S,42,63,N,6/5/2022
SKU-PAN-0009,Pants,XL,22,55,N,6/5/2022
SKU-TSH-0010,Tshirts,XXL,0,0,N,6/5/2022
SKU-SHO-0011,Shorts,XL,64,147.7,N,6/5/2022
SKU-TSH-0012,Tshirts,XS,0,0,N,6/5/2022
SKU-SHI-0013,Shirts,M,34,68,N,6/5/2022
SKU-CRO-0014,Croptops,XXL,3,15,N,6/5/2022
SKU-SHI-0015,Shirts,XXL,102,382.5,N,6/5/2022
SKU-PAN-0016,Pants,L,76,228,N,6/5/2022
SKU-SHI-0017,Shirts,L,40,92.3,N,6/5/2022
SKU-PAN-0018,Pants,M,86,258,N,6/5/2022
SKU-CRO-0019,Croptops,M,24,80,N,6/5/2022
SKU-PAN-0020,Pants,XS,57,855,N,6/5/2022
SKU-PAN-0021,Pants,L,54,540,N,6/5/2022
SKU-PAN-0022,Pants,M,76,285,N,6/5/2022
SKU-SHO-0023,Shorts,XXL,84,504,N,6/5/2022
SKU-SHI-0024,Shirts,S,32,320,N,6/5/2022
SKU-JAC-0025,Jackets,XL,56,420,N,6/5/2022
SKU-PAN-0026,Pants,XS,68,510,N,6/5/2022
SKU-JAC-0027,Jackets,XXL,29,174,N,6/5/2022
SKU-PAN-0028,Pants,XS,72,432,N,6/5/2022
SKU-TSH-0029,Tshirts,S,79,790,N,6/5/2022
SKU-CRO-0030,Croptops,S,41,410,N,6/5/2022
SKU-JAC-0031,Jackets,L,30,225,N,6/5/2022
SKU-TSH-0032,Tshirts,XXL,84,999,N,6/5/2022
SKU-SHO-0033,Shorts,XS,103,999,N,6/5/2022
SKU-PAN-0034,Pants,L,53,530,N,6/5/2022
SKU-CRO-0035,Croptops,L,33,330,N,6/5/2022
SKU-SHI-0036,Shirts,XXL,112,840,N,6/5/2022
SKU-CRO-0037,Croptops,S,104,999,N,6/5/2022
SKU-CRO-0038,Croptops,L,24,90,N,6/5/2022
SKU-SHO-0039,Shorts,XS,98,980,N,6/5/2022
SKU-SHO-0040,Shorts,M,112,999,N,6/5/2022
SKU-TSH-0041,Tshirts,XS,114,999,N,6/5/2022
SKU-CRO-0042,Croptops,S,110,825,N,6/5/2022
SKU-CRO-0043,Croptops,S,48,999,N,6/5/2022
SKU-JAC-0044,Jackets,M,99,999,N,6/5/2022
SKU-SHI-0045,Shirts,XS,96,960,N,6/5/2022
SKU-JAC-0046,Jackets,M,117,999,N,6/5/2022
SKU-PAN-0047,Pants,S,95,999,N,6/5/2022
SKU-CRO-0048,Croptops,L,45,675,N,6/5/2022
SKU-TSH-0049,Tshirts,S,113,999,N,6/5/2022
SKU-SHO-0050,Shorts,M,103,772.5,N,6/5/2022
SKU-SHI-0051,Shirts,M,60,450,N,6/5/2022
SKU-SHI-0052,Shirts,M,70,999,N,6/5/2022
SKU-JAC-0053,Jackets,L,64,999,N,6/5/2022
SKU-SHI-0054,Shirts,XS,71,999,N,6/5/2022
SKU-JAC-0055,Jackets,L,104,999,N,6/5/2022
SKU-SHI-0001,Shirts,S,0,0,N,6/12/2022
SKU-PAN-0002,Pants,M,0,0,N,6/12/2022
SKU-SHI-0003,Shirts,XL,0,0,N,6/12/2022
SKU-TSH-0004,Tshirts,S,0,0,N,6/12/2022
SKU-CRO-0005,Croptops,XS,0,0,N,6/12/2022
SKU-SHI-0006,Shirts,XXL,0,0,N,6/12/2022
SKU-CRO-0007,Croptops,M,6,9.5,N,6/12/2022
SKU-PAN-0008,Pants,S,40,80,N,6/12/2022
SKU-PAN-0009,Pants,S,20,66.7,N,6/12/2022
SKU-TSH-0010,Tshirts,L,0,0,N,6/12/2022
SKU-SHO-0011,Shorts,S,60,112.5,N,6/12/2022
SKU-TSH-0012,Tshirts,XXL,0,0,N,6/12/2022
SKU-SHI-0013,Shirts,XS,32,60,N,6/12/2022
SKU-CRO-0014,Croptops,L,1,6,N,6/12/2022
SKU-SHI-0015,Shirts,L,99,297,N,6/12/2022
SKU-PAN-0016,Pants,XS,74,317.1,N,6/12/2022
SKU-SHI-0017,Shirts,L,39,117,N,6/12/2022
SKU-PAN-0018,Pants,XL,85,231.8,N,6/12/2022
SKU-CRO-0019,Croptops,XL,23,69,N,6/12/2022
SKU-PAN-0020,Pants,S,57,999,N,6/12/2022
SKU-PAN-0021,Pants,XL,53,397.5,N,6/12/2022
SKU-PAN-0022,Pants,XL,75,281.2,N,6/12/2022
SKU-SHO-0023,Shorts,XS,82,492,N,6/12/2022
SKU-SHI-0024,Shirts,XXL,31,232.5,N,6/12/2022
SKU-JAC-0025,Jackets,XL,56,560,N,6/12/2022
SKU-PAN-0026,Pants,M,68,680,N,6/12/2022
SKU-JAC-0027,Jackets,M,29,174,N,6/12/2022
SKU-PAN-0028,Pants,XXL,72,432,N,6/12/2022
SKU-TSH-0029,Tshirts,L,79,790,N,6/12/2022
SKU-CRO-0030,Croptops,XL,40,300,N,6/12/2022
SKU-JAC-0031,Jackets,M,30,225,N,6/12/2022
SKU-TSH-0032,Tshirts,L,83,999,N,6/12/2022
SKU-SHO-0033,Shorts,M,103,999,N,6/12/2022
SKU-PAN-0034,Pants,XS,53,530,N,6/12/2022
SKU-CRO-0035,Croptops,XXL,33,330,N,6/12/2022
SKU-SHI-0036,Shirts,L,112,840,N,6/12/2022
SKU-CRO-0037,Croptops,XS,104,999,N,6/12/2022
SKU-CRO-0038,Croptops,XS,24,144,N,6/12/2022
SKU-SHO-0039,Shorts,M,98,999,N,6/12/2022
SKU-SHO-0040,Shorts,XXL,112,999,N,6/12/2022
SKU-TSH-0041,Tshirts,XL,114,999,N,6/12/2022
SKU-CRO-0042,Croptops,S,110,999,N,6/12/2022
SKU-CRO-0043,Croptops,XL,47,705,N,6/12/2022
SKU-JAC-0044,Jackets,M,98,999,N,6/12/2022
SKU-SHI-0045,Shirts,L,96,999,N,6/12/2022
SKU-JAC-0046,Jackets,XXL,117,999,N,6/12/2022
SKU-PAN-0047,Pants,XL,92,690,N,6/12/2022
SKU-CRO-0048,Croptops,XS,44,440,N,6/12/2022
SKU-TSH-0049,Tshirts,S,113,999,N,6/12/2022
SKU-SHO-0050,Shorts,XL,103,772.5,N,6/12/2022
SKU-SHI-0051,Shirts,XS,58,348,N,6/12/2022
SKU-SHI-0052,Shirts,XL,70,999,N,6/12/2022
SKU-JAC-0053,Jackets,XL,64,999,N,6/12/2022
SKU-SHI-0054,Shirts,S,69,999,N,6/12/2022
SKU-JAC-0055,Jackets,L,104,999,N,6/12/2022
SKU-SHI-0001,Shirts,XXL,0,0,N,6/19/2022
SKU-PAN-0002,Pants,XS,0,0,N,6/19/2022
SKU-SHI-0003,Shirts,S,0,0,N,6/19/2022
SKU-TSH-0004,Tshirts,XL,0,0,N,6/19/2022
SKU-CRO-0005,Croptops,XXL,0,0,N,6/19/2022
SKU-SHI-0006,Shirts,XS,0,0,N,6/19/2022
SKU-CRO-0007,Croptops,XL,3,5.3,N,6/19/2022
SKU-PAN-0008,Pants,L,40,100,N,6/19/2022
SKU-PAN-0009,Pants,XS,17,56.7,N,6/19/2022
SKU-TSH-0010,Tshirts,XL,0,0,N,6/19/2022
SKU-SHO-0011,Shorts,XL,57,106.9,N,6/19/2022
SKU-TSH-0012,Tshirts,L,0,0,N,6/19/2022
SKU-SHI-0013,Shirts,S,28,64.6,N,6/19/2022
SKU-CRO-0014,Croptops,M,0,0,N,6/19/2022
SKU-SHI-0015,Shirts,L,97,291,N,6/19/2022
SKU-PAN-0016,Pants,XXL,73,365,N,6/19/2022
SKU-SHI-0017,Shirts,L,38,126.7,N,6/19/2022
SKU-PAN-0018,Pants,XS,85,255,N,6/19/2022
SKU-CRO-0019,Croptops,XS,21,90,N,6/19/2022
SKU-PAN-0020,Pants,M,55,825,N,6/19/2022
SKU-PAN-0021,Pants,XS,53,795,N,6/19/2022
SKU-PAN-0022,Pants,S,73,273.8,N,6/19/2022
SKU-SHO-0023,Shorts,XXL,81,486,N,6/19/2022
SKU-SHI-0024,Shirts,XXL,30,225,N,6/19/2022
SKU-JAC-0025,Jackets,XS,56,560,N,6/19/2022
SKU-PAN-0026,Pants,XXL,67,670,N,6/19/2022
SKU-JAC-0027,Jackets,XL,28,210,N,6/19/2022
SKU-PAN-0028,Pants,XL,71,426,N,6/19/2022
SKU-TSH-0029,Tshirts,S,78,780,N,6/19/2022
SKU-CRO-0030,Croptops,L,37,158.6,N,6/19/2022
SKU-JAC-0031,Jackets,XL,30,225,N,6/19/2022
SKU-TSH-0032,Tshirts,S,80,600,N,6/19/2022
SKU-SHO-0033,Shorts,XS,103,999,N,6/19/2022
SKU-PAN-0034,Pants,XXL,53,999,N,6/19/2022
SKU-CRO-0035,Croptops,M,31,186,N,6/19/2022
SKU-SHI-0036,Shirts,L,112,999,N,6/19/2022
SKU-CRO-0037,Croptops,XXL,103,999,N,6/19/2022
SKU-CRO-0038,Croptops,XL,24,240,N,6/19/2022
SKU-SHO-0039,Shorts,XXL,98,999,N,6/19/2022
SKU-SHO-0040,Shorts,XL,111,999,N,6/19/2022
SKU-TSH-0041,Tshirts,XS,114,999,N,6/19/2022
SKU-CRO-0042,Croptops,M,110,999,N,6/19/2022
SKU-CRO-0043,Croptops,M,47,705,N,6/19/2022
SKU-JAC-0044,Jackets,S,98,999,N,6/19/2022
SKU-SHI-0045,Shirts,XS,95,950,N,6/19/2022
SKU-JAC-0046,Jackets,L,116,999,N,6/19/2022
SKU-PAN-0047,Pants,S,92,920,N,6/19/2022
SKU-CRO-0048,Croptops,M,44,660,N,6/19/2022
SKU-TSH-0049,Tshirts,XS,113,999,N,6/19/2022
SKU-SHO-0050,Shorts,XL,103,999,N,6/19/2022
SKU-SHI-0051,Shirts,XS,56,336,N,6/19/2022
SKU-SHI-0052,Shirts,XS,68,510,N,6/19/2022
SKU-JAC-0053,Jackets,L,63,999,N,6/19/2022
SKU-SHI-0054,Shirts,S,68,680,N,6/19/2022
SKU-JAC-0055,Jackets,XL,104,999,N,6/19/2022
SKU-SHI-0001,Shirts,M,0,0,N,6/26/2022
SKU-PAN-0002,Pants,XL,0,0,N,6/26/2022
SKU-SHI-0003,Shirts,XL,0,0,N,6/26/2022
SKU-TSH-0004,Tshirts,M,0,0,N,6/26/2022
SKU-CRO-0005,Croptops,S,0,0,N,6/26/2022
SKU-SHI-0006,Shirts,XXL,0,0,N,6/26/2022
SKU-CRO-0007,Croptops,XL,0,0,N,6/26/2022
SKU-PAN-0008,Pants,S,35,70,N,6/26/2022
SKU-PAN-0009,Pants,S,15,50,N,6/26/2022
SKU-TSH-0010,Tshirts,XXL,0,0,N,6/26/2022
SKU-SHO-0011,Shorts,L,53,113.6,N,6/26/2022
SKU-TSH-0012,Tshirts,L,0,0,N,6/26/2022
SKU-SHI-0013,Shirts,XS,24,48,N,6/26/2022
SKU-CRO-0014,Croptops,XXL,0,0,N,6/26/2022
SKU-SHI-0015,Shirts,L,95,407.1,N,6/26/2022
SKU-PAN-0016,Pants,XXL,69,207,N,6/26/2022
SKU-SHI-0017,Shirts,M,38,162.9,N,6/26/2022
SKU-PAN-0018,Pants,M,83,311.2,N,6/26/2022
SKU-CRO-0019,Croptops,S,20,120,N,6/26/2022
SKU-PAN-0020,Pants,XXL,51,255,N,6/26/2022
SKU-PAN-0021,Pants,XS,53,795,N,6/26/2022
SKU-PAN-0022,Pants,XXL,73,438,N,6/26/2022
SKU-SHO-0023,Shorts,XL,80,400,N,6/26/2022
SKU-SHI-0024,Shirts,XS,30,225,N,6/26/2022
SKU-JAC-0025,Jackets,S,56,840,N,6/26/2022
SKU-PAN-0026,Pants,XS,65,487.5,N,6/26/2022
SKU-JAC-0027,Jackets,XXL,27,270,N,6/26/2022
SKU-PAN-0028,Pants,L,70,999,N,6/26/2022
SKU-TSH-0029,Tshirts,XXL,78,999,N,6/26/2022
SKU-CRO-0030,Croptops,S,36,180,N,6/26/2022
SKU-JAC-0031,Jackets,M,30,225,N,6/26/2022
SKU-TSH-0032,Tshirts,XXL,79,474,N,6/26/2022
SKU-SHO-0033,Shorts,XS,103,999,N,6/26/2022
SKU-PAN-0034,Pants,XL,53,999,N,6/26/2022
SKU-CRO-0035,Croptops,S,31,186,N,6/26/2022
SKU-SHI-0036,Shirts,S,111,999,N,6/26/2022
SKU-CRO-0037,Croptops,XS,102,999,N,6/26/2022
SKU-CRO-0038,Croptops,M,23,230,N,6/26/2022
SKU-SHO-0039,Shorts,L,94,705,N,6/26/2022
SKU-SHO-0040,Shorts,XL,110,999,N,6/26/2022
SKU-TSH-0041,Tshirts,M,113,999,N,6/26/2022
SKU-CRO-0042,Croptops,XXL,108,999,N,6/26/2022
SKU-CRO-0043,Croptops,XXL,47,705,N,6/26/2022
SKU-JAC-0044,Jackets,L,98,999,N,6/26/2022
SKU-SHI-0045,Shirts,S,95,950,N,6/26/2022
SKU-JAC-0046,Jackets,XXL,116,999,N,6/26/2022
SKU-PAN-0047,Pants,XXL,92,920,N,6/26/2022
SKU-CRO-0048,Croptops,XL,43,430,N,6/26/2022
SKU-TSH-0049,Tshirts,XS,113,999,N,6/26/2022
SKU-SHO-0050,Shorts,M,102,999,N,6/26/2022
SKU-SHI-0051,Shirts,XS,55,330,N,6/26/2022
SKU-SHI-0052,Shirts,L,65,325,N,6/26/2022
SKU-JAC-0053,Jackets,XL,63,999,N,6/26/2022
SKU-SHI-0054,Shirts,M,68,680,N,6/26/2022
SKU-JAC-0055,Jackets,XL,104,999,N,6/26/2022
SKU-SHI-0001,Shirts,L,0,0,N,7/3/2022
SKU-PAN-0002,Pants,S,0,0,N,7/3/2022
SKU-SHI-0003,Shirts,L,0,0,N,7/3/2022
SKU-TSH-0004,Tshirts,S,0,0,N,7/3/2022
SKU-CRO-0005,Croptops,XS,0,0,N,7/3/2022
SKU-SHI-0006,Shirts,XL,0,0,N,7/3/2022
SKU-CRO-0007,Croptops,XL,0,0,N,7/3/2022
SKU-PAN-0008,Pants,L,31,71.5,N,7/3/2022
SKU-PAN-0009,Pants,M,12,32.7,N,7/3/2022
SKU-TSH-0010,Tshirts,L,0,0,N,7/3/2022
SKU-SHO-0011,Shorts,S,51,117.7,N,7/3/2022
SKU-TSH-0012,Tshirts,S,0,0,N,7/3/2022
SKU-SHI-0013,Shirts,S,23,62.7,N,7/3/2022
SKU-CRO-0014,Croptops,XS,0,0,N,7/3/2022
SKU-SHI-0015,Shirts,S,94,352.5,N,7/3/2022
SKU-PAN-0016,Pants,XL,69,295.7,N,7/3/2022
SKU-SHI-0017,Shirts,M,38,570,N,7/3/2022
SKU-PAN-0018,Pants,L,82,615,N,7/3/2022
SKU-CRO-0019,Croptops,XL,18,90,N,7/3/2022
SKU-PAN-0020,Pants,M,48,160,N,7/3/2022
SKU-PAN-0021,Pants,S,53,795,N,7/3/2022
SKU-PAN-0022,Pants,XS,72,540,N,7/3/2022
SKU-SHO-0023,Shorts,XS,79,395,N,7/3/2022
SKU-SHI-0024,Shirts,XL,28,210,N,7/3/2022
SKU-JAC-0025,Jackets,S,55,825,N,7/3/2022
SKU-PAN-0026,Pants,L,64,480,N,7/3/2022
SKU-JAC-0027,Jackets,XXL,27,405,N,7/3/2022
SKU-PAN-0028,Pants,S,69,690,N,7/3/2022
SKU-TSH-0029,Tshirts,L,77,770,N,7/3/2022
SKU-CRO-0030,Croptops,XS,35,175,N,7/3/2022
SKU-JAC-0031,Jackets,M,29,435,N,7/3/2022
SKU-TSH-0032,Tshirts,M,77,330,N,7/3/2022
SKU-SHO-0033,Shorts,S,102,999,N,7/3/2022
SKU-PAN-0034,Pants,XS,51,765,N,7/3/2022
SKU-CRO-0035,Croptops,XXL,31,465,N,7/3/2022
SKU-SHI-0036,Shirts,XS,108,810,N,7/3/2022
SKU-CRO-0037,Croptops,XXL,102,999,N,7/3/2022
SKU-CRO-0038,Croptops,XL,22,220,N,7/3/2022
SKU-SHO-0039,Shorts,L,92,460,N,7/3/2022
SKU-SHO-0040,Shorts,XL,108,810,N,7/3/2022
SKU-TSH-0041,Tshirts,S,112,999,N,7/3/2022
SKU-CRO-0042,Croptops,M,108,999,N,7/3/2022
SKU-CRO-0043,Croptops,M,47,999,N,7/3/2022
SKU-JAC-0044,Jackets,L,98,999,N,7/3/2022
SKU-SHI-0045,Shirts,XL,94,940,N,7/3/2022
SKU-JAC-0046,Jackets,XXL,116,999,N,7/3/2022
SKU-PAN-0047,Pants,L,90,540,N,7/3/2022
SKU-CRO-0048,Croptops,XXL,42,420,N,7/3/2022
SKU-TSH-0049,Tshirts,XS,113,999,N,7/3/2022
SKU-SHO-0050,Shorts,XS,102,999,N,7/3/2022
SKU-SHI-0051,Shirts,XXL,54,270,N,7/3/2022
SKU-SHI-0052,Shirts,XL,64,320,N,7/3/2022
SKU-JAC-0053,Jackets,M,63,999,N,7/3/2022
SKU-SHI-0054,Shirts,XL,68,680,N,7/3/2022
SKU-JAC-0055,Jackets,XXL,104,999,N,7/3/2022
SKU-SHI-0001,Shirts,L,0,0,N,7/10/2022
SKU-PAN-0002,Pants,M,0,0,N,7/10/2022
SKU-SHI-0003,Shirts,XXL,0,0,N,7/10/2022
SKU-TSH-0004,Tshirts,XL,0,0,N,7/10/2022
SKU-CRO-0005,Croptops,XXL,0,0,N,7/10/2022
SKU-SHI-0006,Shirts,L,0,0,N,7/10/2022
SKU-CRO-0007,Croptops,XL,0,0,N,7/10/2022
SKU-PAN-0008,Pants,S,28,70,N,7/10/2022
SKU-PAN-0009,Pants,S,9,22.5,N,7/10/2022
SKU-TSH-0010,Tshirts,S,0,0,N,7/10/2022
SKU-SHO-0011,Shorts,XXL,49,105,N,7/10/2022
SKU-TSH-0012,Tshirts,XXL,0,0,N,7/10/2022
SKU-SHI-0013,Shirts,L,22,55,N,7/10/2022
SKU-CRO-0014,Croptops,M,0,0,N,7/10/2022
SKU-SHI-0015,Shirts,S,93,398.6,N,7/10/2022
SKU-PAN-0016,Pants,XS,67,287.1,N,7/10/2022
SKU-SHI-0017,Shirts,M,34,204,N,7/10/2022
SKU-PAN-0018,Pants,XXL,82,615,N,7/10/2022
SKU-CRO-0019,Croptops,XXL,15,56.2,N,7/10/2022
SKU-PAN-0020,Pants,S,48,160,N,7/10/2022
SKU-PAN-0021,Pants,XXL,53,999,N,7/10/2022
SKU-PAN-0022,Pants,S,71,426,N,7/10/2022
SKU-SHO-0023,Shorts,S,79,790,N,7/10/2022
SKU-SHI-0024,Shirts,XL,27,202.5,N,7/10/2022
SKU-JAC-0025,Jackets,XL,54,810,N,7/10/2022
SKU-PAN-0026,Pants,XXL,63,378,N,7/10/2022
SKU-JAC-0027,Jackets,XS,24,144,N,7/10/2022
SKU-PAN-0028,Pants,L,69,690,N,7/10/2022
SKU-TSH-0029,Tshirts,XXL,76,760,N,7/10/2022
SKU-CRO-0030,Croptops,M,34,170,N,7/10/2022
SKU-JAC-0031,Jackets,S,29,870,N,7/10/2022
SKU-TSH-0032,Tshirts,XXL,75,250,N,7/10/2022
SKU-SHO-0033,Shorts,L,101,999,N,7/10/2022
SKU-PAN-0034,Pants,S,51,765,N,7/10/2022
SKU-CRO-0035,Croptops,S,30,300,N,7/10/2022
SKU-SHI-0036,Shirts,M,107,642,N,7/10/2022
SKU-CRO-0037,Croptops,L,102,999,N,7/10/2022
SKU-CRO-0038,Croptops,M,21,210,N,7/10/2022
SKU-SHO-0039,Shorts,M,92,460,N,7/10/2022
SKU-SHO-0040,Shorts,S,108,810,N,7/10/2022
SKU-TSH-0041,Tshirts,L,111,999,N,7/10/2022
SKU-CRO-0042,Croptops,XXL,108,999,N,7/10/2022
SKU-CRO-0043,Croptops,XL,45,675,N,7/10/2022
SKU-JAC-0044,Jackets,XS,98,999,N,7/10/2022
SKU-SHI-0045,Shirts,XXL,93,930,N,7/10/2022
SKU-JAC-0046,Jackets,XS,116,999,N,7/10/2022
SKU-PAN-0047,Pants,XL,90,675,N,7/10/2022
SKU-CRO-0048,Croptops,XS,42,630,N,7/10/2022
SKU-TSH-0049,Tshirts,M,112,999,N,7/10/2022
SKU-SHO-0050,Shorts,M,101,999,N,7/10/2022
SKU-SHI-0051,Shirts,M,53,227.1,N,7/10/2022
SKU-SHI-0052,Shirts,S,64,320,N,7/10/2022
SKU-JAC-0053,Jackets,S,63,999,N,7/10/2022
SKU-SHI-0054,Shirts,L,67,670,N,7/10/2022
SKU-JAC-0055,Jackets,M,104,999,Y,7/10/2022
SKU-SHI-0001,Shirts,XS,0,0,N,7/17/2022
SKU-PAN-0002,Pants,XL,0,0,N,7/17/2022
SKU-SHI-0003,Shirts,L,0,0,N,7/17/2022
SKU-TSH-0004,Tshirts,XL,0,0,N,7/17/2022
SKU-CRO-0005,Croptops,S,0,0,N,7/17/2022
SKU-SHI-0006,Shirts,S,0,0,N,7/17/2022
SKU-CRO-0007,Croptops,XL,0,0,N,7/17/2022
SKU-PAN-0008,Pants,XS,26,55.7,N,7/17/2022
SKU-PAN-0009,Pants,S,6,16.4,N,7/17/2022
SKU-TSH-0010,Tshirts,L,0,0,N,7/17/2022
SKU-SHO-0011,Shorts,L,49,147,N,7/17/2022
SKU-TSH-0012,Tshirts,XXL,0,0,N,7/17/2022
SKU-SHI-0013,Shirts,XXL,22,94.3,N,7/17/2022
SKU-CRO-0014,Croptops,M,0,0,N,7/17/2022
SKU-SHI-0015,Shirts,S,93,558,N,7/17/2022
SKU-PAN-0016,Pants,M,65,216.7,N,7/17/2022
SKU-SHI-0017,Shirts,L,32,160,N,7/17/2022
SKU-PAN-0018,Pants,XXL,82,820,N,7/17/2022
SKU-CRO-0019,Croptops,XS,14,60,N,7/17/2022
SKU-PAN-0020,Pants,XXL,47,176.2,N,7/17/2022
SKU-PAN-0021,Pants,XL,51,765,N,7/17/2022
SKU-PAN-0022,Pants,S,71,999,N,7/17/2022
SKU-SHO-0023,Shorts,XS,78,585,N,7/17/2022
SKU-SHI-0024,Shirts,L,23,98.6,N,7/17/2022
SKU-JAC-0025,Jackets,XL,54,810,N,7/17/2022
SKU-PAN-0026,Pants,M,62,310,N,7/17/2022
SKU-JAC-0027,Jackets,S,24,144,N,7/17/2022
SKU-PAN-0028,Pants,XL,69,690,N,7/17/2022
SKU-TSH-0029,Tshirts,XL,75,562.5,N,7/17/2022
SKU-CRO-0030,Croptops,S,33,247.5,N,7/17/2022
SKU-JAC-0031,Jackets,XS,27,270,N,7/17/2022
SKU-TSH-0032,Tshirts,XS,74,317.1,N,7/17/2022
SKU-SHO-0033,Shorts,S,101,999,N,7/17/2022
SKU-PAN-0034,Pants,M,51,765,N,7/17/2022
SKU-CRO-0035,Croptops,XL,29,435,N,7/17/2022
SKU-SHI-0036,Shirts,XXL,106,530,N,7/17/2022
SKU-CRO-0037,Croptops,S,101,999,N,7/17/2022
SKU-CRO-0038,Croptops,L,21,210,N,7/17/2022
SKU-SHO-0039,Shorts,XS,90,337.5,N,7/17/2022
SKU-SHO-0040,Shorts,M,107,802.5,N,7/17/2022
SKU-TSH-0041,Tshirts,XXL,111,999,N,7/17/2022
SKU-CRO-0042,Croptops,S,108,999,N,7/17/2022
SKU-CRO-0043,Croptops,XS,43,322.5,N,7/17/2022
SKU-JAC-0044,Jackets,S,98,999,N,7/17/2022
SKU-SHI-0045,Shirts,M,93,999,N,7/17/2022
SKU-JAC-0046,Jackets,S,116,999,N,7/17/2022
SKU-PAN-0047,Pants,XXL,90,999,N,7/17/2022
SKU-CRO-0048,Croptops,L,42,630,N,7/17/2022
SKU-TSH-0049,Tshirts,XS,111,999,N,7/17/2022
SKU-SHO-0050,Shorts,M,100,999,N,7/17/2022
SKU-SHI-0051,Shirts,M,53,530,N,7/17/2022
SKU-SHI-0052,Shirts,M,64,480,N,7/17/2022
SKU-JAC-0053,Jackets,S,61,610,N,7/17/2022
SKU-SHI-0054,Shirts,S,67,999,N,7/17/2022
SKU-JAC-0055,Jackets,XS,104,999,Y,7/17/2022
SKU-SHI-0001,Shirts,XXL,0,0,N,7/24/2022
SKU-PAN-0002,Pants,S,0,0,N,7/24/2022
SKU-SHI-0003,Shirts,XL,0,0,N,7/24/2022
SKU-TSH-0004,Tshirts,L,0,0,N,7/24/2022
SKU-CRO-0005,Croptops,XXL,0,0,N,7/24/2022
SKU-SHI-0006,Shirts,M,0,0,N,7/24/2022
SKU-CRO-0007,Croptops,S,0,0,N,7/24/2022
SKU-PAN-0008,Pants,XXL,21,45,N,7/24/2022
SKU-PAN-0009,Pants,L,3,6.9,N,7/24/2022
SKU-TSH-0010,Tshirts,M,0,0,N,7/24/2022
SKU-SHO-0011,Shorts,XXL,46,153.3,N,7/24/2022
SKU-TSH-0012,Tshirts,S,0,0,N,7/24/2022
SKU-SHI-0013,Shirts,XXL,20,85.7,N,7/24/2022
SKU-CRO-0014,Croptops,S,0,0,N,7/24/2022
SKU-SHI-0015,Shirts,M,91,682.5,N,7/24/2022
SKU-PAN-0016,Pants,XXL,64,274.3,N,7/24/2022
SKU-SHI-0017,Shirts,XXL,31,132.9,N,7/24/2022
SKU-PAN-0018,Pants,S,82,999,N,7/24/2022
SKU-CRO-0019,Croptops,L,12,45,N,7/24/2022
SKU-PAN-0020,Pants,XS,45,225,N,7/24/2022
SKU-PAN-0021,Pants,M,51,765,N,7/24/2022
SKU-PAN-0022,Pants,M,71,999,N,7/24/2022
SKU-SHO-0023,Shorts,XXL,77,577.5,N,7/24/2022
SKU-SHI-0024,Shirts,L,21,70,N,7/24/2022
SKU-JAC-0025,Jackets,S,53,530,N,7/24/2022
SKU-PAN-0026,Pants,L,62,372,N,7/24/2022
SKU-JAC-0027,Jackets,XXL,23,138,N,7/24/2022
SKU-PAN-0028,Pants,XS,68,999,N,7/24/2022
SKU-TSH-0029,Tshirts,M,73,438,N,7/24/2022
SKU-CRO-0030,Croptops,XL,32,240,N,7/24/2022
SKU-JAC-0031,Jackets,S,26,195,N,7/24/2022
SKU-TSH-0032,Tshirts,S,73,312.9,N,7/24/2022
SKU-SHO-0033,Shorts,M,98,588,N,7/24/2022
SKU-PAN-0034,Pants,M,51,765,N,7/24/2022
SKU-CRO-0035,Croptops,M,29,435,N,7/24/2022
SKU-SHI-0036,Shirts,XL,105,525,N,7/24/2022
SKU-CRO-0037,Croptops,S,98,735,N,7/24/2022
SKU-CRO-0038,Croptops,XS,21,315,N,7/24/2022
SKU-SHO-0039,Shorts,XXL,90,450,N,7/24/2022
SKU-SHO-0040,Shorts,M,106,636,N,7/24/2022
SKU-TSH-0041,Tshirts,S,109,817.5,N,7/24/2022
SKU-CRO-0042,Croptops,XS,108,999,N,7/24/2022
SKU-CRO-0043,Croptops,XXL,43,322.5,N,7/24/2022
SKU-JAC-0044,Jackets,L,98,999,N,7/24/2022
SKU-SHI-0045,Shirts,XS,92,920,N,7/24/2022
SKU-JAC-0046,Jackets,XS,116,999,N,7/24/2022
SKU-PAN-0047,Pants,M,90,999,N,7/24/2022
SKU-CRO-0048,Croptops,L,42,999,N,7/24/2022
SKU-TSH-0049,Tshirts,XXL,110,999,N,7/24/2022
SKU-SHO-0050,Shorts,XL,99,742.5,N,7/24/2022
SKU-SHI-0051,Shirts,XXL,52,520,N,7/24/2022
SKU-SHI-0052,Shirts,XL,64,640,N,7/24/2022
SKU-JAC-0053,Jackets,XL,61,915,N,7/24/2022
SKU-SHI-0054,Shirts,L,67,999,N,7/24/2022
SKU-JAC-0055,Jackets,L,104,999,Y,7/24/2022
SKU-SHI-0001,Shirts,M,0,0,N,7/31/2022
SKU-PAN-0002,Pants,L,0,0,N,7/31/2022
SKU-SHI-0003,Shirts,L,0,0,N,7/31/2022
SKU-TSH-0004,Tshirts,M,0,0,N,7/31/2022
SKU-CRO-0005,Croptops,L,0,0,N,7/31/2022
SKU-SHI-0006,Shirts,XS,0,0,N,7/31/2022
SKU-CRO-0007,Croptops,L,0,0,N,7/31/2022
SKU-PAN-0008,Pants,L,17,34,N,7/31/2022
SKU-PAN-0009,Pants,M,3,9,N,7/31/2022
SKU-TSH-0010,Tshirts,XXL,0,0,N,7/31/2022
SKU-SHO-0011,Shorts,M,43,143.3,N,7/31/2022
SKU-TSH-0012,Tshirts,XL,0,0,N,7/31/2022
SKU-SHI-0013,Shirts,XXL,18,90,N,7/31/2022
SKU-CRO-0014,Croptops,S,0,0,N,7/31/2022
SKU-SHI-0015,Shirts,M,88,377.1,N,7/31/2022
SKU-PAN-0016,Pants,S,61,228.8,N,7/31/2022
SKU-SHI-0017,Shirts,XL,30,112.5,N,7/31/2022
SKU-PAN-0018,Pants,S,80,999,N,7/31/2022
SKU-CRO-0019,Croptops,XXL,11,47.1,N,7/31/2022
SKU-PAN-0020,Pants,XL,43,161.2,N,7/31/2022
SKU-PAN-0021,Pants,XXL,49,367.5,N,7/31/2022
SKU-PAN-0022,Pants,M,71,999,N,7/31/2022
SKU-SHO-0023,Shorts,S,77,999,N,7/31/2022
SKU-SHI-0024,Shirts,XXL,21,90,N,7/31/2022
SKU-JAC-0025,Jackets,XS,52,520,N,7/31/2022
SKU-PAN-0026,Pants,XS,61,610,N,7/31/2022
SKU-JAC-0027,Jackets,XL,22,132,N,7/31/2022
SKU-PAN-0028,Pants,M,67,670,N,7/31/2022
SKU-TSH-0029,Tshirts,S,73,547.5,N,7/31/2022
SKU-CRO-0030,Croptops,XL,29,145,N,7/31/2022
SKU-JAC-0031,Jackets,XXL,24,144,N,7/31/2022
SKU-TSH-0032,Tshirts,XXL,73,438,N,7/31/2022
SKU-SHO-0033,Shorts,XXL,96,480,N,7/31/2022
SKU-PAN-0034,Pants,XXL,51,999,N,7/31/2022
SKU-CRO-0035,Croptops,L,29,435,N,7/31/2022
SKU-SHI-0036,Shirts,L,105,999,N,7/31/2022
SKU-CRO-0037,Croptops,XS,98,735,N,7/31/2022
SKU-CRO-0038,Croptops,S,21,630,N,7/31/2022
SKU-SHO-0039,Shorts,L,90,999,N,7/31/2022
SKU-SHO-0040,Shorts,XXL,106,999,N,7/31/2022
SKU-TSH-0041,Tshirts,XL,107,642,N,7/31/2022
SKU-CRO-0042,Croptops,XS,107,999,N,7/31/2022
SKU-CRO-0043,Croptops,L,42,252,N,7/31/2022
SKU-JAC-0044,Jackets,XXL,98,999,N,7/31/2022
SKU-SHI-0045,Shirts,M,92,999,N,7/31/2022
SKU-JAC-0046,Jackets,L,115,999,N,7/31/2022
SKU-PAN-0047,Pants,S,90,999,N,7/31/2022
SKU-CRO-0048,Croptops,M,42,999,N,7/31/2022
SKU-TSH-0049,Tshirts,S,110,999,N,7/31/2022
SKU-SHO-0050,Shorts,L,98,735,N,7/31/2022
SKU-SHI-0051,Shirts,M,52,780,N,7/31/2022
SKU-SHI-0052,Shirts,XS,64,999,N,7/31/2022
SKU-JAC-0053,Jackets,M,61,915,N,7/31/2022
SKU-SHI-0054,Shirts,S,67,999,N,7/31/2022
SKU-JAC-0055,Jackets,M,104,999,Y,7/31/2022
SKU-SHI-0001,Shirts,XXL,0,0,N,8/7/2022
SKU-PAN-0002,Pants,XS,0,0,N,8/7/2022
SKU-SHI-0003,Shirts,M,0,0,N,8/7/2022
SKU-TSH-0004,Tshirts,XXL,0,0,N,8/7/2022
SKU-CRO-0005,Croptops,XL,0,0,N,8/7/2022
SKU-SHI-0006,Shirts,L,0,0,N,8/7/2022
SKU-CRO-0007,Croptops,M,0,0,N,8/7/2022
SKU-PAN-0008,Pants,XXL,16,40,N,8/7/2022
SKU-PAN-0009,Pants,L,0,0,N,8/7/2022
SKU-TSH-0010,Tshirts,XS,0,0,N,8/7/2022
SKU-SHO-0011,Shorts,S,40,133.3,N,8/7/2022
SKU-TSH-0012,Tshirts,L,0,0,N,8/7/2022
SKU-SHI-0013,Shirts,L,14,46.7,N,8/7/2022
SKU-CRO-0014,Croptops,XS,0,0,N,8/7/2022
SKU-SHI-0015,Shirts,L,86,322.5,N,8/7/2022
SKU-PAN-0016,Pants,S,60,257.1,N,8/7/2022
SKU-SHI-0017,Shirts,M,26,86.7,N,8/7/2022
SKU-PAN-0018,Pants,S,79,790,N,8/7/2022
SKU-CRO-0019,Croptops,L,10,60,N,8/7/2022
SKU-PAN-0020,Pants,XL,41,175.7,N,8/7/2022
SKU-PAN-0021,Pants,XS,49,367.5,N,8/7/2022
SKU-PAN-0022,Pants,S,68,510,N,8/7/2022
SKU-SHO-0023,Shorts,XL,76,760,N,8/7/2022
SKU-SHI-0024,Shirts,XL,19,71.2,N,8/7/2022
SKU-JAC-0025,Jackets,L,49,245,N,8/7/2022
SKU-PAN-0026,Pants,S,60,450,N,8/7/2022
SKU-JAC-0027,Jackets,M,20,120,N,8/7/2022
SKU-PAN-0028,Pants,S,67,999,N,8/7/2022
SKU-TSH-0029,Tshirts,XXL,73,730,N,8/7/2022
SKU-CRO-0030,Croptops,XL,27,115.7,N,8/7/2022
SKU-JAC-0031,Jackets,XS,23,115,N,8/7/2022
SKU-TSH-0032,Tshirts,XS,73,730,N,8/7/2022
SKU-SHO-0033,Shorts,L,95,475,N,8/7/2022
SKU-PAN-0034,Pants,L,51,999,N,8/7/2022
SKU-CRO-0035,Croptops,XL,28,420,N,8/7/2022
SKU-SHI-0036,Shirts,M,103,772.5,N,8/7/2022
SKU-CRO-0037,Croptops,XL,98,735,N,8/7/2022
SKU-CRO-0038,Croptops,S,20,300,N,8/7/2022
SKU-SHO-0039,Shorts,XS,90,999,N,8/7/2022
SKU-SHO-0040,Shorts,XS,106,999,N,8/7/2022
SKU-TSH-0041,Tshirts,M,107,802.5,N,8/7/2022
SKU-CRO-0042,Croptops,S,106,999,N,8/7/2022
SKU-CRO-0043,Croptops,XS,40,240,N,8/7/2022
SKU-JAC-0044,Jackets,XS,97,999,N,8/7/2022
SKU-SHI-0045,Shirts,XS,91,910,N,8/7/2022
SKU-JAC-0046,Jackets,S,115,999,N,8/7/2022
SKU-PAN-0047,Pants,XL,90,999,N,8/7/2022
SKU-CRO-0048,Croptops,XL,41,999,N,8/7/2022
SKU-TSH-0049,Tshirts,S,109,999,N,8/7/2022
SKU-SHO-0050,Shorts,S,98,980,N,8/7/2022
SKU-SHI-0051,Shirts,XL,52,780,N,8/7/2022
SKU-SHI-0052,Shirts,S,63,999,N,8/7/2022
SKU-JAC-0053,Jackets,XL,61,915,N,8/7/2022
SKU-SHI-0054,Shirts,M,66,999,N,8/7/2022
SKU-JAC-0055,Jackets,M,104,999,Y,8/7/2022
SKU-SHI-0001,Shirts,XS,0,0,N,8/14/2022
SKU-PAN-0002,Pants,L,0,0,N,8/14/2022
SKU-SHI-0003,Shirts,XS,0,0,N,8/14/2022
SKU-TSH-0004,Tshirts,S,0,0,N,8/14/2022
SKU-CRO-0005,Croptops,XXL,0,0,N,8/14/2022
SKU-SHI-0006,Shirts,XXL,0,0,N,8/14/2022
SKU-CRO-0007,Croptops,XL,0,0,N,8/14/2022
SKU-PAN-0008,Pants,XL,9,15,N,8/14/2022
SKU-PAN-0009,Pants,XXL,0,0,N,8/14/2022
SKU-TSH-0010,Tshirts,M,0,0,N,8/14/2022
SKU-SHO-0011,Shorts,XXL,36,83.1,N,8/14/2022
SKU-TSH-0012,Tshirts,XS,0,0,N,8/14/2022
SKU-SHI-0013,Shirts,S,12,36,N,8/14/2022
SKU-CRO-0014,Croptops,XS,0,0,N,8/14/2022
SKU-SHI-0015,Shirts,XXL,85,318.8,N,8/14/2022
SKU-PAN-0016,Pants,XS,58,217.5,N,8/14/2022
SKU-SHI-0017,Shirts,L,24,80,N,8/14/2022
SKU-PAN-0018,Pants,XL,78,585,N,8/14/2022
SKU-CRO-0019,Croptops,XXL,10,60,N,8/14/2022
SKU-PAN-0020,Pants,XXL,41,205,N,8/14/2022
SKU-PAN-0021,Pants,L,49,735,N,8/14/2022
SKU-PAN-0022,Pants,S,68,680,N,8/14/2022
SKU-SHO-0023,Shorts,XL,76,999,N,8/14/2022
SKU-SHI-0024,Shirts,XS,17,63.8,N,8/14/2022
SKU-JAC-0025,Jackets,M,46,172.5,N,8/14/2022
SKU-PAN-0026,Pants,XXL,59,590,N,8/14/2022
SKU-JAC-0027,Jackets,S,19,114,N,8/14/2022
SKU-PAN-0028,Pants,M,64,384,N,8/14/2022
SKU-TSH-0029,Tshirts,XL,72,720,N,8/14/2022
SKU-CRO-0030,Croptops,XS,27,135,N,8/14/2022
SKU-JAC-0031,Jackets,XL,22,110,N,8/14/2022
SKU-TSH-0032,Tshirts,M,72,999,N,8/14/2022
SKU-SHO-0033,Shorts,XS,95,475,N,8/14/2022
SKU-PAN-0034,Pants,L,51,999,N,8/14/2022
SKU-CRO-0035,Croptops,S,28,420,N,8/14/2022
SKU-SHI-0036,Shirts,XXL,103,999,N,8/14/2022
SKU-CRO-0037,Croptops,M,98,980,N,8/14/2022
SKU-CRO-0038,Croptops,S,20,600,N,8/14/2022
SKU-SHO-0039,Shorts,S,86,645,N,8/14/2022
SKU-SHO-0040,Shorts,XL,106,999,N,8/14/2022
SKU-TSH-0041,Tshirts,XXL,107,802.5,N,8/14/2022
SKU-CRO-0042,Croptops,XS,104,780,N,8/14/2022
SKU-CRO-0043,Croptops,XXL,40,300,N,8/14/2022
SKU-JAC-0044,Jackets,XXL,95,950,N,8/14/2022
SKU-SHI-0045,Shirts,L,90,900,N,8/14/2022
SKU-JAC-0046,Jackets,M,112,840,N,8/14/2022
SKU-PAN-0047,Pants,XS,89,999,N,8/14/2022
SKU-CRO-0048,Croptops,XL,40,600,N,8/14/2022
SKU-TSH-0049,Tshirts,XL,109,999,N,8/14/2022
SKU-SHO-0050,Shorts,XL,98,980,N,8/14/2022
SKU-SHI-0051,Shirts,L,52,999,N,8/14/2022
SKU-SHI-0052,Shirts,L,63,999,N,8/14/2022
SKU-JAC-0053,Jackets,XL,60,999,N,8/14/2022
SKU-SHI-0054,Shirts,S,64,640,N,8/14/2022
SKU-JAC-0055,Jackets,XS,102,999,N,8/14/2022
SKU-SHI-0001,Shirts,XS,0,0,N,8/21/2022
SKU-PAN-0002,Pants,L,0,0,N,8/21/2022
SKU-SHI-0003,Shirts,XL,0,0,N,8/21/2022
SKU-TSH-0004,Tshirts,L,0,0,N,8/21/2022
SKU-CRO-0005,Croptops,L,0,0,N,8/21/2022
SKU-SHI-0006,Shirts,XL,0,0,N,8/21/2022
SKU-CRO-0007,Croptops,XS,0,0,N,8/21/2022
SKU-PAN-0008,Pants,M,7,14,N,8/21/2022
SKU-PAN-0009,Pants,XL,0,0,N,8/21/2022
SKU-TSH-0010,Tshirts,XL,0,0,N,8/21/2022
SKU-SHO-0011,Shorts,M,33,70.7,N,8/21/2022
SKU-TSH-0012,Tshirts,L,0,0,N,8/21/2022
SKU-SHI-0013,Shirts,XXL,10,27.3,N,8/21/2022
SKU-CRO-0014,Croptops,L,0,0,N,8/21/2022
SKU-SHI-0015,Shirts,L,83,311.2,N,8/21/2022
SKU-PAN-0016,Pants,XXL,54,147.3,N,8/21/2022
SKU-SHI-0017,Shirts,XS,23,76.7,N,8/21/2022
SKU-PAN-0018,Pants,M,77,462,N,8/21/2022
SKU-CRO-0019,Croptops,XS,8,48,N,8/21/2022
SKU-PAN-0020,Pants,XS,41,307.5,N,8/21/2022
SKU-PAN-0021,Pants,L,46,276,N,8/21/2022
SKU-PAN-0022,Pants,M,67,502.5,N,8/21/2022
SKU-SHO-0023,Shorts,L,76,999,N,8/21/2022
SKU-SHI-0024,Shirts,XL,16,80,N,8/21/2022
SKU-JAC-0025,Jackets,M,44,146.7,N,8/21/2022
SKU-PAN-0026,Pants,S,57,342,N,8/21/2022
SKU-JAC-0027,Jackets,XL,18,108,N,8/21/2022
SKU-PAN-0028,Pants,L,63,315,N,8/21/2022
SKU-TSH-0029,Tshirts,XL,71,710,N,8/21/2022
SKU-CRO-0030,Croptops,XS,26,130,N,8/21/2022
SKU-JAC-0031,Jackets,L,21,126,N,8/21/2022
SKU-TSH-0032,Tshirts,XS,71,999,N,8/21/2022
SKU-SHO-0033,Shorts,S,95,950,N,8/21/2022
SKU-PAN-0034,Pants,XL,51,999,N,8/21/2022
SKU-CRO-0035,Croptops,S,27,405,N,8/21/2022
SKU-SHI-0036,Shirts,S,102,999,N,8/21/2022
SKU-CRO-0037,Croptops,L,98,999,N,8/21/2022
SKU-CRO-0038,Croptops,XS,19,285,N,8/21/2022
SKU-SHO-0039,Shorts,L,86,645,N,8/21/2022
SKU-SHO-0040,Shorts,L,106,999,N,8/21/2022
SKU-TSH-0041,Tshirts,XS,107,802.5,N,8/21/2022
SKU-CRO-0042,Croptops,L,104,780,N,8/21/2022
SKU-CRO-0043,Croptops,L,40,400,N,8/21/2022
SKU-JAC-0044,Jackets,S,95,950,N,8/21/2022
SKU-SHI-0045,Shirts,M,89,890,N,8/21/2022
SKU-JAC-0046,Jackets,M,112,840,N,8/21/2022
SKU-PAN-0047,Pants,XL,89,999,N,8/21/2022
SKU-CRO-0048,Croptops,XL,40,600,N,8/21/2022
SKU-TSH-0049,Tshirts,XXL,109,999,N,8/21/2022
SKU-SHO-0050,Shorts,XL,98,999,N,8/21/2022
SKU-SHI-0051,Shirts,M,52,999,N,8/21/2022
SKU-SHI-0052,Shirts,M,63,999,N,8/21/2022
SKU-JAC-0053,Jackets,XS,59,885,N,8/21/2022
SKU-SHI-0054,Shirts,M,61,305,N,8/21/2022
SKU-JAC-0055,Jackets,S,100,750,N,8/21/2022
SKU-SHI-0001,Shirts,XXL,0,0,N,8/28/2022
SKU-PAN-0002,Pants,L,0,0,N,8/28/2022
SKU-SHI-0003,Shirts,XS,0,0,N,8/28/2022
SKU-TSH-0004,Tshirts,M,0,0,N,8/28/2022
SKU-CRO-0005,Croptops,S,0,0,N,8/28/2022
SKU-SHI-0006,Shirts,XS,0,0,N,8/28/2022
SKU-CRO-0007,Croptops,XS,0,0,N,8/28/2022
SKU-PAN-0008,Pants,XL,2,3.8,N,8/28/2022
SKU-PAN-0009,Pants,XL,0,0,N,8/28/2022
SKU-TSH-0010,Tshirts,L,0,0,N,8/28/2022
SKU-SHO-0011,Shorts,XS,28,52.5,N,8/28/2022
SKU-TSH-0012,Tshirts,L,0,0,N,8/28/2022
SKU-SHI-0013,Shirts,M,8,21.8,N,8/28/2022
SKU-CRO-0014,Croptops,XXL,0,0,N,8/28/2022
SKU-SHI-0015,Shirts,M,78,234,N,8/28/2022
SKU-PAN-0016,Pants,XS,51,139.1,N,8/28/2022
SKU-SHI-0017,Shirts,XS,21,70,N,8/28/2022
SKU-PAN-0018,Pants,XXL,76,570,N,8/28/2022
SKU-CRO-0019,Croptops,S,8,80,N,8/28/2022
SKU-PAN-0020,Pants,M,41,410,N,8/28/2022
SKU-PAN-0021,Pants,XL,45,270,N,8/28/2022
SKU-PAN-0022,Pants,XXL,67,502.5,N,8/28/2022
SKU-SHO-0023,Shorts,S,72,432,N,8/28/2022
SKU-SHI-0024,Shirts,XXL,16,96,N,8/28/2022
SKU-JAC-0025,Jackets,XL,44,146.7,N,8/28/2022
SKU-PAN-0026,Pants,M,56,336,N,8/28/2022
SKU-JAC-0027,Jackets,XL,17,102,N,8/28/2022
SKU-PAN-0028,Pants,M,63,472.5,N,8/28/2022
SKU-TSH-0029,Tshirts,XXL,68,408,N,8/28/2022
SKU-CRO-0030,Croptops,M,25,150,N,8/28/2022
SKU-JAC-0031,Jackets,XL,20,100,N,8/28/2022
SKU-TSH-0032,Tshirts,S,70,700,N,8/28/2022
SKU-SHO-0033,Shorts,XL,95,999,N,8/28/2022
SKU-PAN-0034,Pants,XL,51,999,N,8/28/2022
SKU-CRO-0035,Croptops,XS,27,405,N,8/28/2022
SKU-SHI-0036,Shirts,XXL,101,757.5,N,8/28/2022
SKU-CRO-0037,Croptops,XS,95,950,N,8/28/2022
SKU-CRO-0038,Croptops,L,18,180,N,8/28/2022
SKU-SHO-0039,Shorts,XXL,86,645,N,8/28/2022
SKU-SHO-0040,Shorts,XXL,104,999,N,8/28/2022
SKU-TSH-0041,Tshirts,M,107,999,N,8/28/2022
SKU-CRO-0042,Croptops,XS,101,432.9,N,8/28/2022
SKU-CRO-0043,Croptops,M,40,600,N,8/28/2022
SKU-JAC-0044,Jackets,M,93,558,N,8/28/2022
SKU-SHI-0045,Shirts,M,89,890,N,8/28/2022
SKU-JAC-0046,Jackets,XS,112,840,N,8/28/2022
SKU-PAN-0047,Pants,L,89,999,N,8/28/2022
SKU-CRO-0048,Croptops,XS,40,600,N,8/28/2022
SKU-TSH-0049,Tshirts,XXL,109,999,N,8/28/2022
SKU-SHO-0050,Shorts,XXL,97,999,N,8/28/2022
SKU-SHI-0051,Shirts,XS,52,999,N,8/28/2022
SKU-SHI-0052,Shirts,XS,63,999,N,8/28/2022
SKU-JAC-0053,Jackets,S,58,580,N,8/28/2022
SKU-SHI-0054,Shirts,XXL,60,257.1,N,8/28/2022
SKU-JAC-0055,Jackets,L,100,750,N,8/28/2022
SKU-SHI-0001,Shirts,M,0,0,N,9/4/2022
SKU-PAN-0002,Pants,S,0,0,N,9/4/2022
SKU-SHI-0003,Shirts,XL,0,0,N,9/4/2022
SKU-TSH-0004,Tshirts,S,0,0,N,9/4/2022
SKU-CRO-0005,Croptops,XS,0,0,N,9/4/2022
SKU-SHI-0006,Shirts,XXL,0,0,N,9/4/2022
SKU-CRO-0007,Croptops,L,0,0,N,9/4/2022
SKU-PAN-0008,Pants,XXL,0,0,N,9/4/2022
SKU-PAN-0009,Pants,M,0,0,N,9/4/2022
SKU-TSH-0010,Tshirts,XL,0,0,N,9/4/2022
SKU-SHO-0011,Shorts,XL,24,40,N,9/4/2022
SKU-TSH-0012,Tshirts,L,0,0,N,9/4/2022
SKU-SHI-0013,Shirts,S,7,30,N,9/4/2022
SKU-CRO-0014,Croptops,XS,0,0,N,9/4/2022
SKU-SHI-0015,Shirts,XL,76,207.3,N,9/4/2022
SKU-PAN-0016,Pants,XS,47,100.7,N,9/4/2022
SKU-SHI-0017,Shirts,S,21,105,N,9/4/2022
SKU-PAN-0018,Pants,S,75,562.5,N,9/4/2022
SKU-CRO-0019,Croptops,XL,6,45,N,9/4/2022
SKU-PAN-0020,Pants,XL,41,999,N,9/4/2022
SKU-PAN-0021,Pants,M,44,264,N,9/4/2022
SKU-PAN-0022,Pants,L,66,495,N,9/4/2022
SKU-SHO-0023,Shorts,XL,72,540,N,9/4/2022
SKU-SHI-0024,Shirts,S,14,60,N,9/4/2022
SKU-JAC-0025,Jackets,XXL,43,184.3,N,9/4/2022
SKU-PAN-0026,Pants,XXL,56,420,N,9/4/2022
SKU-JAC-0027,Jackets,M,14,60,N,9/4/2022
SKU-PAN-0028,Pants,XXL,63,472.5,N,9/4/2022
SKU-TSH-0029,Tshirts,XL,67,335,N,9/4/2022
SKU-CRO-0030,Croptops,L,25,375,N,9/4/2022
SKU-JAC-0031,Jackets,XL,19,142.5,N,9/4/2022
SKU-TSH-0032,Tshirts,M,70,700,N,9/4/2022
SKU-SHO-0033,Shorts,L,95,999,N,9/4/2022
SKU-PAN-0034,Pants,M,50,999,N,9/4/2022
SKU-CRO-0035,Croptops,XL,25,250,N,9/4/2022
SKU-SHI-0036,Shirts,S,101,999,N,9/4/2022
SKU-CRO-0037,Croptops,M,93,558,N,9/4/2022
SKU-CRO-0038,Croptops,S,17,170,N,9/4/2022
SKU-SHO-0039,Shorts,XS,84,420,N,9/4/2022
SKU-SHO-0040,Shorts,S,104,999,N,9/4/2022
SKU-TSH-0041,Tshirts,XS,107,999,N,9/4/2022
SKU-CRO-0042,Croptops,S,99,371.2,N,9/4/2022
SKU-CRO-0043,Croptops,M,40,999,N,9/4/2022
SKU-JAC-0044,Jackets,XL,93,697.5,N,9/4/2022
SKU-SHI-0045,Shirts,XXL,89,999,N,9/4/2022
SKU-JAC-0046,Jackets,XL,111,832.5,N,9/4/2022
SKU-PAN-0047,Pants,XXL,89,999,N,9/4/2022
SKU-CRO-0048,Croptops,S,39,585,N,9/4/2022
SKU-TSH-0049,Tshirts,S,108,999,N,9/4/2022
SKU-SHO-0050,Shorts,L,96,999,N,9/4/2022
SKU-SHI-0051,Shirts,XXL,52,999,N,9/4/2022
SKU-SHI-0052,Shirts,L,62,999,N,9/4/2022
SKU-JAC-0053,Jackets,XL,58,580,N,9/4/2022
SKU-SHI-0054,Shirts,XS,60,300,N,9/4/2022
SKU-JAC-0055,Jackets,M,100,750,N,9/4/2022
SKU-SHI-0001,Shirts,XL,0,0,N,9/11/2022
SKU-PAN-0002,Pants,XS,0,0,N,9/11/2022
SKU-SHI-0003,Shirts,XL,0,0,N,9/11/2022
SKU-TSH-0004,Tshirts,XS,0,0,N,9/11/2022
SKU-CRO-0005,Croptops,XS,0,0,N,9/11/2022
SKU-SHI-0006,Shirts,XXL,0,0,N,9/11/2022
SKU-CRO-0007,Croptops,S,0,0,N,9/11/2022
SKU-PAN-0008,Pants,XL,0,0,N,9/11/2022
SKU-PAN-0009,Pants,L,0,0,N,9/11/2022
SKU-TSH-0010,Tshirts,M,0,0,N,9/11/2022
SKU-SHO-0011,Shorts,XS,21,35,N,9/11/2022
SKU-TSH-0012,Tshirts,XL,0,0,N,9/11/2022
SKU-SHI-0013,Shirts,XL,5,18.8,N,9/11/2022
SKU-CRO-0014,Croptops,S,0,0,N,9/11/2022
SKU-SHI-0015,Shirts,XXL,74,185,N,9/11/2022
SKU-PAN-0016,Pants,S,47,117.5,N,9/11/2022
SKU-SHI-0017,Shirts,XL,18,77.1,N,9/11/2022
SKU-PAN-0018,Pants,M,74,555,N,9/11/2022
SKU-CRO-0019,Croptops,M,4,20,N,9/11/2022
SKU-PAN-0020,Pants,XL,38,380,N,9/11/2022
SKU-PAN-0021,Pants,S,42,180,N,9/11/2022
SKU-PAN-0022,Pants,XS,64,480,N,9/11/2022
SKU-SHO-0023,Shorts,XS,70,350,N,9/11/2022
SKU-SHI-0024,Shirts,XS,14,140,N,9/11/2022
SKU-JAC-0025,Jackets,XL,43,215,N,9/11/2022
SKU-PAN-0026,Pants,XL,56,560,N,9/11/2022
SKU-JAC-0027,Jackets,XS,13,55.7,N,9/11/2022
SKU-PAN-0028,Pants,M,61,366,N,9/11/2022
SKU-TSH-0029,Tshirts,XS,67,402,N,9/11/2022
SKU-CRO-0030,Croptops,L,24,240,N,9/11/2022
SKU-JAC-0031,Jackets,XL,18,135,N,9/11/2022
SKU-TSH-0032,Tshirts,XL,69,690,N,9/11/2022
SKU-SHO-0033,Shorts,XXL,95,999,N,9/11/2022
SKU-PAN-0034,Pants,XL,50,999,N,9/11/2022
SKU-CRO-0035,Croptops,S,24,180,N,9/11/2022
SKU-SHI-0036,Shirts,L,101,999,N,9/11/2022
SKU-CRO-0037,Croptops,M,93,558,N,9/11/2022
SKU-CRO-0038,Croptops,L,17,170,N,9/11/2022
SKU-SHO-0039,Shorts,XS,84,630,N,9/11/2022
SKU-SHO-0040,Shorts,L,104,999,N,9/11/2022
SKU-TSH-0041,Tshirts,L,107,999,N,9/11/2022
SKU-CRO-0042,Croptops,XXL,99,594,N,9/11/2022
SKU-CRO-0043,Croptops,XXL,38,570,N,9/11/2022
SKU-JAC-0044,Jackets,XL,93,999,N,9/11/2022
SKU-SHI-0045,Shirts,L,89,999,N,9/11/2022
SKU-JAC-0046,Jackets,XS,111,999,N,9/11/2022
SKU-PAN-0047,Pants,S,89,999,N,9/11/2022
SKU-CRO-0048,Croptops,XL,39,999,N,9/11/2022
SKU-TSH-0049,Tshirts,XXL,108,999,N,9/11/2022
SKU-SHO-0050,Shorts,M,96,999,N,9/11/2022
SKU-SHI-0051,Shirts,S,51,999,N,9/11/2022
SKU-SHI-0052,Shirts,XXL,60,600,N,9/11/2022
SKU-JAC-0053,Jackets,M,58,580,N,9/11/2022
SKU-SHI-0054,Shirts,XS,60,450,N,9/11/2022
SKU-JAC-0055,Jackets,M,98,588,N,9/11/2022
SKU-SHI-0001,Shirts,M,0,0,N,9/18/2022
SKU-PAN-0002,Pants,XL,0,0,N,9/18/2022
SKU-SHI-0003,Shirts,XXL,0,0,N,9/18/2022
SKU-TSH-0004,Tshirts,M,0,0,N,9/18/2022
SKU-CRO-0005,Croptops,S,0,0,N,9/18/2022
SKU-SHI-0006,Shirts,XS,0,0,N,9/18/2022
SKU-CRO-0007,Croptops,S,0,0,N,9/18/2022
SKU-PAN-0008,Pants,XXL,0,0,N,9/18/2022
SKU-PAN-0009,Pants,L,0,0,N,9/18/2022
SKU-TSH-0010,Tshirts,XL,0,0,N,9/18/2022
SKU-SHO-0011,Shorts,XXL,18,31.8,N,9/18/2022
SKU-TSH-0012,Tshirts,XL,0,0,N,9/18/2022
SKU-SHI-0013,Shirts,M,3,11.2,N,9/18/2022
SKU-CRO-0014,Croptops,XS,0,0,N,9/18/2022
SKU-SHI-0015,Shirts,XXL,72,196.4,N,9/18/2022
SKU-PAN-0016,Pants,M,44,110,N,9/18/2022
SKU-SHI-0017,Shirts,L,16,68.6,N,9/18/2022
SKU-PAN-0018,Pants,L,73,547.5,N,9/18/2022
SKU-CRO-0019,Croptops,XXL,1,4.3,N,9/18/2022
SKU-PAN-0020,Pants,M,38,380,N,9/18/2022
SKU-PAN-0021,Pants,S,40,171.4,N,9/18/2022
SKU-PAN-0022,Pants,S,62,310,N,9/18/2022
SKU-SHO-0023,Shorts,M,69,295.7,N,9/18/2022
SKU-SHI-0024,Shirts,XS,14,210,N,9/18/2022
SKU-JAC-0025,Jackets,M,43,645,N,9/18/2022
SKU-PAN-0026,Pants,XXL,55,825,N,9/18/2022
SKU-JAC-0027,Jackets,S,12,60,N,9/18/2022
SKU-PAN-0028,Pants,XL,60,600,N,9/18/2022
SKU-TSH-0029,Tshirts,XXL,66,396,N,9/18/2022
SKU-CRO-0030,Croptops,XS,22,165,N,9/18/2022
SKU-JAC-0031,Jackets,XS,18,180,N,9/18/2022
SKU-TSH-0032,Tshirts,L,69,999,N,9/18/2022
SKU-SHO-0033,Shorts,L,94,999,N,9/18/2022
SKU-PAN-0034,Pants,XS,50,999,N,9/18/2022
SKU-CRO-0035,Croptops,XXL,23,138,N,9/18/2022
SKU-SHI-0036,Shirts,XS,100,999,N,9/18/2022
SKU-CRO-0037,Croptops,XXL,91,390,N,9/18/2022
SKU-CRO-0038,Croptops,XXL,16,160,N,9/18/2022
SKU-SHO-0039,Shorts,M,84,999,N,9/18/2022
SKU-SHO-0040,Shorts,M,104,999,N,9/18/2022
SKU-TSH-0041,Tshirts,XXL,107,999,N,9/18/2022
SKU-CRO-0042,Croptops,XL,97,415.7,N,9/18/2022
SKU-CRO-0043,Croptops,XXL,37,370,N,9/18/2022
SKU-JAC-0044,Jackets,L,93,999,N,9/18/2022
SKU-SHI-0045,Shirts,L,89,999,N,9/18/2022
SKU-JAC-0046,Jackets,L,109,999,N,9/18/2022
SKU-PAN-0047,Pants,M,89,999,N,9/18/2022
SKU-CRO-0048,Croptops,S,37,370,N,9/18/2022
SKU-TSH-0049,Tshirts,L,107,999,N,9/18/2022
SKU-SHO-0050,Shorts,XS,96,999,N,9/18/2022
SKU-SHI-0051,Shirts,XL,51,999,N,9/18/2022
SKU-SHI-0052,Shirts,XXL,59,442.5,N,9/18/2022
SKU-JAC-0053,Jackets,XS,57,855,N,9/18/2022
SKU-SHI-0054,Shirts,XL,59,442.5,N,9/18/2022
SKU-JAC-0055,Jackets,XXL,98,999,N,9/18/2022
SKU-SHI-0001,Shirts,L,0,0,N,9/25/2022
SKU-PAN-0002,Pants,S,0,0,N,9/25/2022
SKU-SHI-0003,Shirts,S,0,0,N,9/25/2022
SKU-TSH-0004,Tshirts,XS,0,0,N,9/25/2022
SKU-CRO-0005,Croptops,M,0,0,N,9/25/2022
SKU-SHI-0006,Shirts,S,0,0,N,9/25/2022
SKU-CRO-0007,Croptops,L,0,0,N,9/25/2022
SKU-PAN-0008,Pants,XXL,0,0,N,9/25/2022
SKU-PAN-0009,Pants,M,0,0,N,9/25/2022
SKU-TSH-0010,Tshirts,M,0,0,N,9/25/2022
SKU-SHO-0011,Shorts,M,14,28,N,9/25/2022
SKU-TSH-0012,Tshirts,L,0,0,N,9/25/2022
SKU-SHI-0013,Shirts,L,0,0,N,9/25/2022
SKU-CRO-0014,Croptops,L,0,0,N,9/25/2022
SKU-SHI-0015,Shirts,XL,68,204,N,9/25/2022
SKU-PAN-0016,Pants,XL,41,111.8,N,9/25/2022
SKU-SHI-0017,Shirts,L,16,68.6,N,9/25/2022
SKU-PAN-0018,Pants,L,72,432,N,9/25/2022
SKU-CRO-0019,Croptops,XXL,0,0,N,9/25/2022
SKU-PAN-0020,Pants,XS,37,277.5,N,9/25/2022
SKU-PAN-0021,Pants,XS,40,240,N,9/25/2022
SKU-PAN-0022,Pants,XS,61,305,N,9/25/2022
SKU-SHO-0023,Shorts,M,69,414,N,9/25/2022
SKU-SHI-0024,Shirts,XXL,13,130,N,9/25/2022
SKU-JAC-0025,Jackets,XL,43,999,N,9/25/2022
SKU-PAN-0026,Pants,S,54,810,N,9/25/2022
SKU-JAC-0027,Jackets,S,12,72,N,9/25/2022
SKU-PAN-0028,Pants,XS,60,600,N,9/25/2022
SKU-TSH-0029,Tshirts,XS,65,487.5,N,9/25/2022
SKU-CRO-0030,Croptops,XL,21,126,N,9/25/2022
SKU-JAC-0031,Jackets,M,17,170,N,9/25/2022
SKU-TSH-0032,Tshirts,S,68,680,N,9/25/2022
SKU-SHO-0033,Shorts,L,93,999,N,9/25/2022
SKU-PAN-0034,Pants,XS,50,999,N,9/25/2022
SKU-CRO-0035,Croptops,XS,23,172.5,N,9/25/2022
SKU-SHI-0036,Shirts,XXL,100,999,N,9/25/2022
SKU-CRO-0037,Croptops,XL,91,455,N,9/25/2022
SKU-CRO-0038,Croptops,M,16,240,N,9/25/2022
SKU-SHO-0039,Shorts,L,82,615,N,9/25/2022
SKU-SHO-0040,Shorts,M,103,999,N,9/25/2022
SKU-TSH-0041,Tshirts,M,107,999,N,9/25/2022
SKU-CRO-0042,Croptops,M,97,727.5,N,9/25/2022
SKU-CRO-0043,Croptops,L,37,370,N,9/25/2022
SKU-JAC-0044,Jackets,M,93,999,N,9/25/2022
SKU-SHI-0045,Shirts,S,89,999,N,9/25/2022
SKU-JAC-0046,Jackets,XS,109,999,N,9/25/2022
SKU-PAN-0047,Pants,L,89,999,N,9/25/2022
SKU-CRO-0048,Croptops,XXL,37,370,N,9/25/2022
SKU-TSH-0049,Tshirts,S,107,999,N,9/25/2022
SKU-SHO-0050,Shorts,M,95,999,N,9/25/2022
SKU-SHI-0051,Shirts,XXL,50,750,N,9/25/2022
SKU-SHI-0052,Shirts,XS,59,442.5,N,9/25/2022
SKU-JAC-0053,Jackets,XXL,57,999,N,9/25/2022
SKU-SHI-0054,Shirts,XS,59,999,N,9/25/2022
SKU-JAC-0055,Jackets,S,98,999,N,9/25/2022
SKU-SHI-0001,Shirts,XL,0,0,N,10/2/2022
SKU-PAN-0002,Pants,S,0,0,N,10/2/2022
SKU-SHI-0003,Shirts,L,0,0,N,10/2/2022
SKU-TSH-0004,Tshirts,L,0,0,N,10/2/2022
SKU-CRO-0005,Croptops,XXL,0,0,N,10/2/2022
SKU-SHI-0006,Shirts,XXL,0,0,N,10/2/2022
SKU-CRO-0007,Croptops,S,0,0,N,10/2/2022
SKU-PAN-0008,Pants,XS,0,0,N,10/2/2022
SKU-PAN-0009,Pants,M,0,0,N,10/2/2022
SKU-TSH-0010,Tshirts,XS,0,0,N,10/2/2022
SKU-SHO-0011,Shorts,M,10,18.8,N,10/2/2022
SKU-TSH-0012,Tshirts,L,0,0,N,10/2/2022
SKU-SHI-0013,Shirts,L,0,0,N,10/2/2022
SKU-CRO-0014,Croptops,L,0,0,N,10/2/2022
SKU-SHI-0015,Shirts,S,68,226.7,N,10/2/2022
SKU-PAN-0016,Pants,XS,38,126.7,N,10/2/2022
SKU-SHI-0017,Shirts,XS,14,60,N,10/2/2022
SKU-PAN-0018,Pants,L,72,720,N,10/2/2022
SKU-CRO-0019,Croptops,XS,0,0,N,10/2/2022
SKU-PAN-0020,Pants,M,37,277.5,N,10/2/2022
SKU-PAN-0021,Pants,M,40,300,N,10/2/2022
SKU-PAN-0022,Pants,M,61,366,N,10/2/2022
SKU-SHO-0023,Shorts,XXL,68,510,N,10/2/2022
SKU-SHI-0024,Shirts,M,12,120,N,10/2/2022
SKU-JAC-0025,Jackets,M,39,234,N,10/2/2022
SKU-PAN-0026,Pants,S,53,530,N,10/2/2022
SKU-JAC-0027,Jackets,L,12,120,N,10/2/2022
SKU-PAN-0028,Pants,S,60,600,N,10/2/2022
SKU-TSH-0029,Tshirts,M,65,975,N,10/2/2022
SKU-CRO-0030,Croptops,L,21,157.5,N,10/2/2022
SKU-JAC-0031,Jackets,S,16,160,N,10/2/2022
SKU-TSH-0032,Tshirts,XL,67,670,N,10/2/2022
SKU-SHO-0033,Shorts,XXL,93,999,N,10/2/2022
SKU-PAN-0034,Pants,XXL,49,999,N,10/2/2022
SKU-CRO-0035,Croptops,S,21,157.5,N,10/2/2022
SKU-SHI-0036,Shirts,L,99,999,N,10/2/2022
SKU-CRO-0037,Croptops,L,90,900,N,10/2/2022
SKU-CRO-0038,Croptops,M,15,225,N,10/2/2022
SKU-SHO-0039,Shorts,S,81,810,N,10/2/2022
SKU-SHO-0040,Shorts,XS,103,999,N,10/2/2022
SKU-TSH-0041,Tshirts,XXL,107,999,Y,10/2/2022
SKU-CRO-0042,Croptops,XXL,97,727.5,N,10/2/2022
SKU-CRO-0043,Croptops,XL,36,270,N,10/2/2022
SKU-JAC-0044,Jackets,S,92,999,N,10/2/2022
SKU-SHI-0045,Shirts,S,89,999,N,10/2/2022
SKU-JAC-0046,Jackets,XL,109,999,N,10/2/2022
SKU-PAN-0047,Pants,XL,89,999,N,10/2/2022
SKU-CRO-0048,Croptops,S,36,270,N,10/2/2022
SKU-TSH-0049,Tshirts,XL,107,999,N,10/2/2022
SKU-SHO-0050,Shorts,XXL,95,999,N,10/2/2022
SKU-SHI-0051,Shirts,S,50,750,N,10/2/2022
SKU-SHI-0052,Shirts,S,58,435,N,10/2/2022
SKU-JAC-0053,Jackets,S,57,999,N,10/2/2022
SKU-SHI-0054,Shirts,XS,59,999,N,10/2/2022
SKU-JAC-0055,Jackets,M,97,970,N,10/2/2022
SKU-SHI-0001,Shirts,L,0,0,N,10/9/2022
SKU-PAN-0002,Pants,XL,0,0,N,10/9/2022
SKU-SHI-0003,Shirts,M,0,0,N,10/9/2022
SKU-TSH-0004,Tshirts,XS,0,0,N,10/9/2022
SKU-CRO-0005,Croptops,S,0,0,N,10/9/2022
SKU-SHI-0006,Shirts,XXL,0,0,N,10/9/2022
SKU-CRO-0007,Croptops,L,0,0,N,10/9/2022
SKU-PAN-0008,Pants,XL,0,0,N,10/9/2022
SKU-PAN-0009,Pants,L,0,0,N,10/9/2022
SKU-TSH-0010,Tshirts,XL,0,0,N,10/9/2022
SKU-SHO-0011,Shorts,XL,3,5,N,10/9/2022
SKU-TSH-0012,Tshirts,M,0,0,N,10/9/2022
SKU-SHI-0013,Shirts,XS,0,0,N,10/9/2022
SKU-CRO-0014,Croptops,XS,0,0,N,10/9/2022
SKU-SHI-0015,Shirts,M,66,220,N,10/9/2022
SKU-PAN-0016,Pants,XS,36,98.2,N,10/9/2022
SKU-SHI-0017,Shirts,XXL,11,36.7,N,10/9/2022
SKU-PAN-0018,Pants,L,70,420,N,10/9/2022
SKU-CRO-0019,Croptops,M,0,0,N,10/9/2022
SKU-PAN-0020,Pants,S,33,165,N,10/9/2022
SKU-PAN-0021,Pants,M,39,292.5,N,10/9/2022
SKU-PAN-0022,Pants,S,59,252.9,N,10/9/2022
SKU-SHO-0023,Shorts,L,66,330,N,10/9/2022
SKU-SHI-0024,Shirts,XL,12,180,N,10/9/2022
SKU-JAC-0025,Jackets,M,38,228,N,10/9/2022
SKU-PAN-0026,Pants,XL,53,530,N,10/9/2022
SKU-JAC-0027,Jackets,S,12,360,N,10/9/2022
SKU-PAN-0028,Pants,L,57,285,N,10/9/2022
SKU-TSH-0029,Tshirts,M,64,640,N,10/9/2022
SKU-CRO-0030,Croptops,XS,21,210,N,10/9/2022
SKU-JAC-0031,Jackets,XXL,16,240,N,10/9/2022
SKU-TSH-0032,Tshirts,XS,65,487.5,N,10/9/2022
SKU-SHO-0033,Shorts,XS,93,999,N,10/9/2022
SKU-PAN-0034,Pants,M,49,999,N,10/9/2022
SKU-CRO-0035,Croptops,S,21,157.5,N,10/9/2022
SKU-SHI-0036,Shirts,XS,99,999,N,10/9/2022
SKU-CRO-0037,Croptops,XXL,87,435,N,10/9/2022
SKU-CRO-0038,Croptops,S,15,225,N,10/9/2022
SKU-SHO-0039,Shorts,XS,81,810,N,10/9/2022
SKU-SHO-0040,Shorts,L,100,750,N,10/9/2022
SKU-TSH-0041,Tshirts,S,106,999,N,10/9/2022
SKU-CRO-0042,Croptops,XXL,96,960,N,10/9/2022
SKU-CRO-0043,Croptops,XXL,36,540,N,10/9/2022
SKU-JAC-0044,Jackets,L,92,999,N,10/9/2022
SKU-SHI-0045,Shirts,M,89,999,N,10/9/2022
SKU-JAC-0046,Jackets,M,109,999,N,10/9/2022
SKU-PAN-0047,Pants,M,89,999,N,10/9/2022
SKU-CRO-0048,Croptops,XXL,34,204,N,10/9/2022
SKU-TSH-0049,Tshirts,XXL,106,999,N,10/9/2022
SKU-SHO-0050,Shorts,XXL,95,999,N,10/9/2022
SKU-SHI-0051,Shirts,S,49,735,N,10/9/2022
SKU-SHI-0052,Shirts,XXL,57,570,N,10/9/2022
SKU-JAC-0053,Jackets,XS,56,840,N,10/9/2022
SKU-SHI-0054,Shirts,M,58,870,N,10/9/2022
SKU-JAC-0055,Jackets,XL,96,960,N,10/9/2022
SKU-SHI-0001,Shirts,S,0,0,N,10/16/2022
SKU-PAN-0002,Pants,XL,0,0,N,10/16/2022
SKU-SHI-0003,Shirts,S,0,0,N,10/16/2022
SKU-TSH-0004,Tshirts,XXL,0,0,N,10/16/2022
SKU-CRO-0005,Croptops,XS,0,0,N,10/16/2022
SKU-SHI-0006,Shirts,XL,0,0,N,10/16/2022
SKU-CRO-0007,Croptops,M,0,0,N,10/16/2022
SKU-PAN-0008,Pants,XL,0,0,N,10/16/2022
SKU-PAN-0009,Pants,S,0,0,N,10/16/2022
SKU-TSH-0010,Tshirts,XS,0,0,N,10/16/2022
SKU-SHO-0011,Shorts,M,0,0,N,10/16/2022
SKU-TSH-0012,Tshirts,M,0,0,N,10/16/2022
SKU-SHI-0013,Shirts,XXL,0,0,N,10/16/2022
SKU-CRO-0014,Croptops,XS,0,0,N,10/16/2022
SKU-SHI-0015,Shirts,M,63,210,N,10/16/2022
SKU-PAN-0016,Pants,XS,35,105,N,10/16/2022
SKU-SHI-0017,Shirts,L,10,42.9,N,10/16/2022
SKU-PAN-0018,Pants,S,67,335,N,10/16/2022
SKU-CRO-0019,Croptops,L,0,0,N,10/16/2022
SKU-PAN-0020,Pants,XXL,32,160,N,10/16/2022
SKU-PAN-0021,Pants,M,36,270,N,10/16/2022
SKU-PAN-0022,Pants,XXL,59,442.5,N,10/16/2022
SKU-SHO-0023,Shorts,L,65,390,N,10/16/2022
SKU-SHI-0024,Shirts,S,11,110,N,10/16/2022
SKU-JAC-0025,Jackets,M,37,185,N,10/16/2022
SKU-PAN-0026,Pants,S,50,250,N,10/16/2022
SKU-JAC-0027,Jackets,XXL,11,330,N,10/16/2022
SKU-PAN-0028,Pants,XXL,54,270,N,10/16/2022
SKU-TSH-0029,Tshirts,L,62,465,N,10/16/2022
SKU-CRO-0030,Croptops,XL,20,200,N,10/16/2022
SKU-JAC-0031,Jackets,XS,14,105,N,10/16/2022
SKU-TSH-0032,Tshirts,XS,65,487.5,N,10/16/2022
SKU-SHO-0033,Shorts,M,91,910,N,10/16/2022
SKU-PAN-0034,Pants,XS,47,470,N,10/16/2022
SKU-CRO-0035,Croptops,L,19,114,N,10/16/2022
SKU-SHI-0036,Shirts,XXL,99,999,N,10/16/2022
SKU-CRO-0037,Croptops,XS,86,430,N,10/16/2022
SKU-CRO-0038,Croptops,XL,14,210,N,10/16/2022
SKU-SHO-0039,Shorts,M,79,474,N,10/16/2022
SKU-SHO-0040,Shorts,XS,99,594,N,10/16/2022
SKU-TSH-0041,Tshirts,XS,105,999,N,10/16/2022
SKU-CRO-0042,Croptops,XS,95,712.5,N,10/16/2022
SKU-CRO-0043,Croptops,XL,35,525,N,10/16/2022
SKU-JAC-0044,Jackets,XS,91,999,N,10/16/2022
SKU-SHI-0045,Shirts,XXL,88,999,N,10/16/2022
SKU-JAC-0046,Jackets,M,107,999,N,10/16/2022
SKU-PAN-0047,Pants,M,89,999,Y,10/16/2022
SKU-CRO-0048,Croptops,XXL,33,247.5,N,10/16/2022
SKU-TSH-0049,Tshirts,XXL,105,999,N,10/16/2022
SKU-SHO-0050,Shorts,XL,95,999,N,10/16/2022
SKU-SHI-0051,Shirts,XS,49,735,N,10/16/2022
SKU-SHI-0052,Shirts,XL,57,855,N,10/16/2022
SKU-JAC-0053,Jackets,XXL,56,999,N,10/16/2022
SKU-SHI-0054,Shirts,XS,58,999,N,10/16/2022
SKU-JAC-0055,Jackets,L,96,999,N,10/16/2022
SKU-SHI-0001,Shirts,L,0,0,N,10/23/2022
SKU-PAN-0002,Pants,XL,0,0,N,10/23/2022
SKU-SHI-0003,Shirts,M,0,0,N,10/23/2022
SKU-TSH-0004,Tshirts,M,0,0,N,10/23/2022
SKU-CRO-0005,Croptops,M,0,0,N,10/23/2022
SKU-SHI-0006,Shirts,M,0,0,N,10/23/2022
SKU-CRO-0007,Croptops,XS,0,0,N,10/23/2022
SKU-PAN-0008,Pants,XL,0,0,N,10/23/2022
SKU-PAN-0009,Pants,M,0,0,N,10/23/2022
SKU-TSH-0010,Tshirts,XXL,0,0,N,10/23/2022
SKU-SHO-0011,Shorts,XL,0,0,N,10/23/2022
SKU-TSH-0012,Tshirts,L,0,0,N,10/23/2022
SKU-SHI-0013,Shirts,S,0,0,N,10/23/2022
SKU-CRO-0014,Croptops,L,0,0,N,10/23/2022
SKU-SHI-0015,Shirts,XXL,61,261.4,N,10/23/2022
SKU-PAN-0016,Pants,XL,33,99,N,10/23/2022
SKU-SHI-0017,Shirts,M,10,50,N,10/23/2022
SKU-PAN-0018,Pants,XS,64,213.3,N,10/23/2022
SKU-CRO-0019,Croptops,XS,0,0,N,10/23/2022
SKU-PAN-0020,Pants,L,30,128.6,N,10/23/2022
SKU-PAN-0021,Pants,XS,35,210,N,10/23/2022
SKU-PAN-0022,Pants,XS,55,275,N,10/23/2022
SKU-SHO-0023,Shorts,M,63,315,N,10/23/2022
SKU-SHI-0024,Shirts,S,10,100,N,10/23/2022
SKU-JAC-0025,Jackets,XL,35,131.2,N,10/23/2022
SKU-PAN-0026,Pants,XXL,44,132,N,10/23/2022
SKU-JAC-0027,Jackets,XXL,10,150,N,10/23/2022
SKU-PAN-0028,Pants,XL,53,227.1,N,10/23/2022
SKU-TSH-0029,Tshirts,M,62,620,N,10/23/2022
SKU-CRO-0030,Croptops,L,20,600,N,10/23/2022
SKU-JAC-0031,Jackets,XL,13,78,N,10/23/2022
SKU-TSH-0032,Tshirts,S,65,487.5,N,10/23/2022
SKU-SHO-0033,Shorts,XS,88,528,N,10/23/2022
SKU-PAN-0034,Pants,XL,46,345,N,10/23/2022
SKU-CRO-0035,Croptops,S,17,85,N,10/23/2022
SKU-SHI-0036,Shirts,S,98,999,N,10/23/2022
SKU-CRO-0037,Croptops,L,85,425,N,10/23/2022
SKU-CRO-0038,Croptops,XL,14,210,N,10/23/2022
SKU-SHO-0039,Shorts,XL,77,462,N,10/23/2022
SKU-SHO-0040,Shorts,M,98,588,N,10/23/2022
SKU-TSH-0041,Tshirts,XXL,103,772.5,N,10/23/2022
SKU-CRO-0042,Croptops,XXL,92,552,N,10/23/2022
SKU-CRO-0043,Croptops,XXL,33,247.5,N,10/23/2022
SKU-JAC-0044,Jackets,S,91,999,N,10/23/2022
SKU-SHI-0045,Shirts,XS,87,999,N,10/23/2022
SKU-JAC-0046,Jackets,XL,104,624,N,10/23/2022
SKU-PAN-0047,Pants,XS,87,999,N,10/23/2022
SKU-CRO-0048,Croptops,XL,33,247.5,N,10/23/2022
SKU-TSH-0049,Tshirts,M,105,999,N,10/23/2022
SKU-SHO-0050,Shorts,XXL,94,999,N,10/23/2022
SKU-SHI-0051,Shirts,XXL,46,345,N,10/23/2022
SKU-SHI-0052,Shirts,L,57,855,N,10/23/2022
SKU-JAC-0053,Jackets,M,56,999,N,10/23/2022
SKU-SHI-0054,Shirts,XXL,58,999,N,10/23/2022
SKU-JAC-0055,Jackets,XS,95,950,N,10/23/2022
SKU-SHI-0001,Shirts,XS,0,0,N,10/30/2022
SKU-PAN-0002,Pants,XS,0,0,N,10/30/2022
SKU-SHI-0003,Shirts,L,0,0,N,10/30/2022
SKU-TSH-0004,Tshirts,XS,0,0,N,10/30/2022
SKU-CRO-0005,Croptops,M,0,0,N,10/30/2022
SKU-SHI-0006,Shirts,S,0,0,N,10/30/2022
SKU-CRO-0007,Croptops,XXL,0,0,N,10/30/2022
SKU-PAN-0008,Pants,L,0,0,N,10/30/2022
SKU-PAN-0009,Pants,L,0,0,N,10/30/2022
SKU-TSH-0010,Tshirts,S,0,0,N,10/30/2022
SKU-SHO-0011,Shorts,S,0,0,N,10/30/2022
SKU-TSH-0012,Tshirts,XXL,0,0,N,10/30/2022
SKU-SHI-0013,Shirts,XL,0,0,N,10/30/2022
SKU-CRO-0014,Croptops,XL,0,0,N,10/30/2022
SKU-SHI-0015,Shirts,S,58,174,N,10/30/2022
SKU-PAN-0016,Pants,M,31,103.3,N,10/30/2022
SKU-SHI-0017,Shirts,M,9,45,N,10/30/2022
SKU-PAN-0018,Pants,M,62,186,N,10/30/2022
SKU-CRO-0019,Croptops,L,0,0,N,10/30/2022
SKU-PAN-0020,Pants,XL,28,93.3,N,10/30/2022
SKU-PAN-0021,Pants,XS,34,170,N,10/30/2022
SKU-PAN-0022,Pants,S,54,231.4,N,10/30/2022
SKU-SHO-0023,Shorts,XL,63,378,N,10/30/2022
SKU-SHI-0024,Shirts,M,9,90,N,10/30/2022
SKU-JAC-0025,Jackets,M,35,150,N,10/30/2022
SKU-PAN-0026,Pants,XS,42,114.5,N,10/30/2022
SKU-JAC-0027,Jackets,XS,7,42,N,10/30/2022
SKU-PAN-0028,Pants,L,52,195,N,10/30/2022
SKU-TSH-0029,Tshirts,XXL,60,360,N,10/30/2022
SKU-CRO-0030,Croptops,L,20,600,N,10/30/2022
SKU-JAC-0031,Jackets,M,8,26.7,N,10/30/2022
SKU-TSH-0032,Tshirts,L,63,472.5,N,10/30/2022
SKU-SHO-0033,Shorts,XXL,87,435,N,10/30/2022
SKU-PAN-0034,Pants,XXL,46,460,N,10/30/2022
SKU-CRO-0035,Croptops,M,14,52.5,N,10/30/2022
SKU-SHI-0036,Shirts,L,98,999,N,10/30/2022
SKU-CRO-0037,Croptops,XXL,84,420,N,10/30/2022
SKU-CRO-0038,Croptops,XS,14,420,N,10/30/2022
SKU-SHO-0039,Shorts,L,76,380,N,10/30/2022
SKU-SHO-0040,Shorts,XS,98,588,N,10/30/2022
SKU-TSH-0041,Tshirts,XL,102,612,N,10/30/2022
SKU-CRO-0042,Croptops,M,92,552,N,10/30/2022
SKU-CRO-0043,Croptops,XXL,33,330,N,10/30/2022
SKU-JAC-0044,Jackets,L,90,900,N,10/30/2022
SKU-SHI-0045,Shirts,XS,86,860,N,10/30/2022
SKU-JAC-0046,Jackets,XL,104,624,N,10/30/2022
SKU-PAN-0047,Pants,M,87,999,N,10/30/2022
SKU-CRO-0048,Croptops,XL,32,240,N,10/30/2022
SKU-TSH-0049,Tshirts,L,105,999,N,10/30/2022
SKU-SHO-0050,Shorts,S,94,999,N,10/30/2022
SKU-SHI-0051,Shirts,M,46,345,N,10/30/2022
SKU-SHI-0052,Shirts,L,57,999,N,10/30/2022
SKU-JAC-0053,Jackets,XS,54,540,N,10/30/2022
SKU-SHI-0054,Shirts,XXL,58,999,N,10/30/2022
SKU-JAC-0055,Jackets,XXL,95,999,N,10/30/2022
SKU-SHI-0001,Shirts,XXL,0,0,N,11/6/2022
SKU-PAN-0002,Pants,M,0,0,N,11/6/2022
SKU-SHI-0003,Shirts,S,0,0,N,11/6/2022
SKU-TSH-0004,Tshirts,L,0,0,N,11/6/2022
SKU-CRO-0005,Croptops,XXL,0,0,N,11/6/2022
SKU-SHI-0006,Shirts,XS,0,0,N,11/6/2022
SKU-CRO-0007,Croptops,XL,0,0,N,11/6/2022
SKU-PAN-0008,Pants,XXL,0,0,N,11/6/2022
SKU-PAN-0009,Pants,L,0,0,N,11/6/2022
SKU-TSH-0010,Tshirts,XXL,0,0,N,11/6/2022
SKU-SHO-0011,Shorts,XS,0,0,N,11/6/2022
SKU-TSH-0012,Tshirts,XL,0,0,N,11/6/2022
SKU-SHI-0013,Shirts,XXL,0,0,N,11/6/2022
SKU-CRO-0014,Croptops,M,0,0,N,11/6/2022
SKU-SHI-0015,Shirts,S,57,171,N,11/6/2022
SKU-PAN-0016,Pants,M,27,90,N,11/6/2022
SKU-SHI-0017,Shirts,M,5,21.4,N,11/6/2022
SKU-PAN-0018,Pants,XS,61,183,N,11/6/2022
SKU-CRO-0019,Croptops,M,0,0,N,11/6/2022
SKU-PAN-0020,Pants,M,25,93.8,N,11/6/2022
SKU-PAN-0021,Pants,M,31,116.2,N,11/6/2022
SKU-PAN-0022,Pants,L,53,198.8,N,11/6/2022
SKU-SHO-0023,Shorts,S,61,366,N,11/6/2022
SKU-SHI-0024,Shirts,S,7,42,N,11/6/2022
SKU-JAC-0025,Jackets,M,32,160,N,11/6/2022
SKU-PAN-0026,Pants,XS,42,114.5,N,11/6/2022
SKU-JAC-0027,Jackets,XS,6,30,N,11/6/2022
SKU-PAN-0028,Pants,XS,50,214.3,N,11/6/2022
SKU-TSH-0029,Tshirts,XXL,56,186.7,N,11/6/2022
SKU-CRO-0030,Croptops,L,19,285,N,11/6/2022
SKU-JAC-0031,Jackets,XXL,6,18,N,11/6/2022
SKU-TSH-0032,Tshirts,L,63,945,N,11/6/2022
SKU-SHO-0033,Shorts,S,85,318.8,N,11/6/2022
SKU-PAN-0034,Pants,XS,45,337.5,N,11/6/2022
SKU-CRO-0035,Croptops,M,12,40,N,11/6/2022
SKU-SHI-0036,Shirts,S,97,999,N,11/6/2022
SKU-CRO-0037,Croptops,XS,84,840,N,11/6/2022
SKU-CRO-0038,Croptops,S,13,195,N,11/6/2022
SKU-SHO-0039,Shorts,M,76,456,N,11/6/2022
SKU-SHO-0040,Shorts,XXL,97,970,N,11/6/2022
SKU-TSH-0041,Tshirts,XS,102,612,N,11/6/2022
SKU-CRO-0042,Croptops,M,91,546,N,11/6/2022
SKU-CRO-0043,Croptops,XS,33,330,N,11/6/2022
SKU-JAC-0044,Jackets,L,90,999,N,11/6/2022
SKU-SHI-0045,Shirts,XXL,86,860,N,11/6/2022
SKU-JAC-0046,Jackets,XXL,104,624,N,11/6/2022
SKU-PAN-0047,Pants,XXL,86,860,N,11/6/2022
SKU-CRO-0048,Croptops,XL,32,320,N,11/6/2022
SKU-TSH-0049,Tshirts,XL,104,999,N,11/6/2022
SKU-SHO-0050,Shorts,M,93,999,N,11/6/2022
SKU-SHI-0051,Shirts,M,44,220,N,11/6/2022
SKU-SHI-0052,Shirts,XL,57,999,N,11/6/2022
SKU-JAC-0053,Jackets,XS,53,530,N,11/6/2022
SKU-SHI-0054,Shirts,M,57,999,N,11/6/2022
SKU-JAC-0055,Jackets,XS,94,999,N,11/6/2022
SKU-SHI-0001,Shirts,XL,0,0,N,11/13/2022
SKU-PAN-0002,Pants,XXL,0,0,N,11/13/2022
SKU-SHI-0003,Shirts,L,0,0,N,11/13/2022
SKU-TSH-0004,Tshirts,XL,0,0,N,11/13/2022
SKU-CRO-0005,Croptops,L,0,0,N,11/13/2022
SKU-SHI-0006,Shirts,L,0,0,N,11/13/2022
SKU-CRO-0007,Croptops,S,0,0,N,11/13/2022
SKU-PAN-0008,Pants,XXL,0,0,N,11/13/2022
SKU-PAN-0009,Pants,L,0,0,N,11/13/2022
SKU-TSH-0010,Tshirts,M,0,0,N,11/13/2022
SKU-SHO-0011,Shorts,S,0,0,N,11/13/2022
SKU-TSH-0012,Tshirts,XXL,0,0,N,11/13/2022
SKU-SHI-0013,Shirts,XS,0,0,N,11/13/2022
SKU-CRO-0014,Croptops,XXL,0,0,N,11/13/2022
SKU-SHI-0015,Shirts,XS,55,183.3,N,11/13/2022
SKU-PAN-0016,Pants,XS,26,78,N,11/13/2022
SKU-SHI-0017,Shirts,S,5,30,N,11/13/2022
SKU-PAN-0018,Pants,S,60,225,N,11/13/2022
SKU-CRO-0019,Croptops,XL,0,0,N,11/13/2022
SKU-PAN-0020,Pants,XXL,24,90,N,11/13/2022
SKU-PAN-0021,Pants,L,29,108.8,N,11/13/2022
SKU-PAN-0022,Pants,XXL,52,222.9,N,11/13/2022
SKU-SHO-0023,Shorts,M,61,366,N,11/13/2022
SKU-SHI-0024,Shirts,L,5,21.4,N,11/13/2022
SKU-JAC-0025,Jackets,S,31,132.9,N,11/13/2022
SKU-PAN-0026,Pants,M,42,140,N,11/13/2022
SKU-JAC-0027,Jackets,S,5,21.4,N,11/13/2022
SKU-PAN-0028,Pants,XS,50,250,N,11/13/2022
SKU-TSH-0029,Tshirts,M,55,235.7,N,11/13/2022
SKU-CRO-0030,Croptops,S,18,180,N,11/13/2022
SKU-JAC-0031,Jackets,L,4,10.9,N,11/13/2022
SKU-TSH-0032,Tshirts,S,63,945,N,11/13/2022
SKU-SHO-0033,Shorts,S,85,364.3,N,11/13/2022
SKU-PAN-0034,Pants,XL,44,264,N,11/13/2022
SKU-CRO-0035,Croptops,L,12,51.4,N,11/13/2022
SKU-SHI-0036,Shirts,XXL,97,999,N,11/13/2022
SKU-CRO-0037,Croptops,XXL,84,840,N,11/13/2022
SKU-CRO-0038,Croptops,M,10,60,N,11/13/2022
SKU-SHO-0039,Shorts,M,75,562.5,N,11/13/2022
SKU-SHO-0040,Shorts,L,96,960,N,11/13/2022
SKU-TSH-0041,Tshirts,S,102,999,N,11/13/2022
SKU-CRO-0042,Croptops,S,89,381.4,N,11/13/2022
SKU-CRO-0043,Croptops,XL,33,330,N,11/13/2022
SKU-JAC-0044,Jackets,M,90,999,N,11/13/2022
SKU-SHI-0045,Shirts,XS,86,999,N,11/13/2022
SKU-JAC-0046,Jackets,L,104,780,N,11/13/2022
SKU-PAN-0047,Pants,XS,86,860,N,11/13/2022
SKU-CRO-0048,Croptops,L,32,960,N,11/13/2022
SKU-TSH-0049,Tshirts,XL,104,999,N,11/13/2022
SKU-SHO-0050,Shorts,XXL,93,999,N,11/13/2022
SKU-SHI-0051,Shirts,S,43,215,N,11/13/2022
SKU-SHI-0052,Shirts,L,57,999,N,11/13/2022
SKU-JAC-0053,Jackets,M,52,390,N,11/13/2022
SKU-SHI-0054,Shirts,XS,57,999,N,11/13/2022
SKU-JAC-0055,Jackets,S,94,999,N,11/13/2022
SKU-SHI-0001,Shirts,S,0,0,N,11/20/2022
SKU-PAN-0002,Pants,XS,0,0,N,11/20/2022
SKU-SHI-0003,Shirts,XXL,0,0,N,11/20/2022
SKU-TSH-0004,Tshirts,M,0,0,N,11/20/2022
SKU-CRO-0005,Croptops,XL,0,0,N,11/20/2022
SKU-SHI-0006,Shirts,M,0,0,N,11/20/2022
SKU-CRO-0007,Croptops,XXL,0,0,N,11/20/2022
SKU-PAN-0008,Pants,S,0,0,N,11/20/2022
SKU-PAN-0009,Pants,XL,0,0,N,11/20/2022
SKU-TSH-0010,Tshirts,L,0,0,N,11/20/2022
SKU-SHO-0011,Shorts,XS,0,0,N,11/20/2022
SKU-TSH-0012,Tshirts,XXL,0,0,N,11/20/2022
SKU-SHI-0013,Shirts,XXL,0,0,N,11/20/2022
SKU-CRO-0014,Croptops,M,0,0,N,11/20/2022
SKU-SHI-0015,Shirts,XXL,54,231.4,N,11/20/2022
SKU-PAN-0016,Pants,XXL,25,93.8,N,11/20/2022
SKU-SHI-0017,Shirts,L,3,12.9,N,11/20/2022
SKU-PAN-0018,Pants,XXL,60,450,N,11/20/2022
SKU-CRO-0019,Croptops,XL,0,0,N,11/20/2022
SKU-PAN-0020,Pants,XL,24,102.9,N,11/20/2022
SKU-PAN-0021,Pants,XS,27,101.2,N,11/20/2022
SKU-PAN-0022,Pants,L,52,222.9,N,11/20/2022
SKU-SHO-0023,Shorts,M,59,354,N,11/20/2022
SKU-SHI-0024,Shirts,XXL,4,17.1,N,11/20/2022
SKU-JAC-0025,Jackets,XXL,29,145,N,11/20/2022
SKU-PAN-0026,Pants,XXL,40,240,N,11/20/2022
SKU-JAC-0027,Jackets,M,4,20,N,11/20/2022
SKU-PAN-0028,Pants,XXL,50,500,N,11/20/2022
SKU-TSH-0029,Tshirts,S,55,235.7,N,11/20/2022
SKU-CRO-0030,Croptops,M,17,170,N,11/20/2022
SKU-JAC-0031,Jackets,L,3,9,N,11/20/2022
SKU-TSH-0032,Tshirts,S,62,620,N,11/20/2022
SKU-SHO-0033,Shorts,XS,82,410,N,11/20/2022
SKU-PAN-0034,Pants,XS,44,440,N,11/20/2022
SKU-CRO-0035,Croptops,XXL,12,72,N,11/20/2022
SKU-SHI-0036,Shirts,XXL,96,999,N,11/20/2022
SKU-CRO-0037,Croptops,XXL,84,999,N,11/20/2022
SKU-CRO-0038,Croptops,XXL,10,75,N,11/20/2022
SKU-SHO-0039,Shorts,XS,75,750,N,11/20/2022
SKU-SHO-0040,Shorts,M,94,564,N,11/20/2022
SKU-TSH-0041,Tshirts,XL,100,999,N,11/20/2022
SKU-CRO-0042,Croptops,M,88,440,N,11/20/2022
SKU-CRO-0043,Croptops,M,32,960,N,11/20/2022
SKU-JAC-0044,Jackets,XXL,89,999,N,11/20/2022
SKU-SHI-0045,Shirts,M,85,850,N,11/20/2022
SKU-JAC-0046,Jackets,XXL,104,999,N,11/20/2022
SKU-PAN-0047,Pants,S,85,999,N,11/20/2022
SKU-CRO-0048,Croptops,XS,31,465,N,11/20/2022
SKU-TSH-0049,Tshirts,L,104,999,N,11/20/2022
SKU-SHO-0050,Shorts,S,93,999,N,11/20/2022
SKU-SHI-0051,Shirts,L,42,315,N,11/20/2022
SKU-SHI-0052,Shirts,XS,57,999,N,11/20/2022
SKU-JAC-0053,Jackets,XS,50,250,N,11/20/2022
SKU-SHI-0054,Shirts,L,56,840,N,11/20/2022
SKU-JAC-0055,Jackets,L,94,999,N,11/20/2022
SKU-SHI-0001,Shirts,S,0,0,N,11/27/2022
SKU-PAN-0002,Pants,XXL,0,0,N,11/27/2022
SKU-SHI-0003,Shirts,L,0,0,N,11/27/2022
SKU-TSH-0004,Tshirts,XS,0,0,N,11/27/2022
SKU-CRO-0005,Croptops,L,0,0,N,11/27/2022
SKU-SHI-0006,Shirts,M,0,0,N,11/27/2022
SKU-CRO-0007,Croptops,XL,0,0,N,11/27/2022
SKU-PAN-0008,Pants,S,0,0,N,11/27/2022
SKU-PAN-0009,Pants,XL,0,0,N,11/27/2022
SKU-TSH-0010,Tshirts,M,0,0,N,11/27/2022
SKU-SHO-0011,Shorts,S,0,0,N,11/27/2022
SKU-TSH-0012,Tshirts,XS,0,0,N,11/27/2022
SKU-SHI-0013,Shirts,M,0,0,N,11/27/2022
SKU-CRO-0014,Croptops,XXL,0,0,N,11/27/2022
SKU-SHI-0015,Shirts,L,50,166.7,N,11/27/2022
SKU-PAN-0016,Pants,XL,24,102.9,N,11/27/2022
SKU-SHI-0017,Shirts,XL,3,15,N,11/27/2022
SKU-PAN-0018,Pants,XXL,59,590,N,11/27/2022
SKU-CRO-0019,Croptops,XXL,0,0,N,11/27/2022
SKU-PAN-0020,Pants,XS,24,180,N,11/27/2022
SKU-PAN-0021,Pants,XS,25,83.3,N,11/27/2022
SKU-PAN-0022,Pants,S,51,382.5,N,11/27/2022
SKU-SHO-0023,Shorts,S,59,442.5,N,11/27/2022
SKU-SHI-0024,Shirts,XS,2,8.6,N,11/27/2022
SKU-JAC-0025,Jackets,XL,27,101.2,N,11/27/2022
SKU-PAN-0026,Pants,XS,39,292.5,N,11/27/2022
SKU-JAC-0027,Jackets,L,4,40,N,11/27/2022
SKU-PAN-0028,Pants,S,50,750,N,11/27/2022
SKU-TSH-0029,Tshirts,S,53,198.8,N,11/27/2022
SKU-CRO-0030,Croptops,XS,17,170,N,11/27/2022
SKU-JAC-0031,Jackets,XS,2,6.7,N,11/27/2022
SKU-TSH-0032,Tshirts,XXL,61,915,N,11/27/2022
SKU-SHO-0033,Shorts,S,81,405,N,11/27/2022
SKU-PAN-0034,Pants,XS,44,660,N,11/27/2022
SKU-CRO-0035,Croptops,M,12,120,N,11/27/2022
SKU-SHI-0036,Shirts,L,96,999,N,11/27/2022
SKU-CRO-0037,Croptops,XS,84,999,N,11/27/2022
SKU-CRO-0038,Croptops,M,10,75,N,11/27/2022
SKU-SHO-0039,Shorts,M,74,999,N,11/27/2022
SKU-SHO-0040,Shorts,XL,94,705,N,11/27/2022
SKU-TSH-0041,Tshirts,XS,100,999,N,11/27/2022
SKU-CRO-0042,Croptops,L,87,522,N,11/27/2022
SKU-CRO-0043,Croptops,S,30,300,N,11/27/2022
SKU-JAC-0044,Jackets,XS,87,870,N,11/27/2022
SKU-SHI-0045,Shirts,XXL,85,999,N,11/27/2022
SKU-JAC-0046,Jackets,M,104,999,N,11/27/2022
SKU-PAN-0047,Pants,XS,83,622.5,N,11/27/2022
SKU-CRO-0048,Croptops,S,31,930,N,11/27/2022
SKU-TSH-0049,Tshirts,XL,104,999,N,11/27/2022
SKU-SHO-0050,Shorts,L,93,999,N,11/27/2022
SKU-SHI-0051,Shirts,L,41,246,N,11/27/2022
SKU-SHI-0052,Shirts,L,57,999,N,11/27/2022
SKU-JAC-0053,Jackets,S,49,245,N,11/27/2022
SKU-SHI-0054,Shirts,S,56,840,N,11/27/2022
SKU-JAC-0055,Jackets,XL,94,999,N,11/27/2022
SKU-SHI-0001,Shirts,M,0,0,N,12/4/2022
SKU-PAN-0002,Pants,M,0,0,N,12/4/2022
SKU-SHI-0003,Shirts,M,0,0,N,12/4/2022
SKU-TSH-0004,Tshirts,S,0,0,N,12/4/2022
SKU-CRO-0005,Croptops,M,0,0,N,12/4/2022
SKU-SHI-0006,Shirts,XS,0,0,N,12/4/2022
SKU-CRO-0007,Croptops,M,0,0,N,12/4/2022
SKU-PAN-0008,Pants,XS,0,0,N,12/4/2022
SKU-PAN-0009,Pants,XS,0,0,N,12/4/2022
SKU-TSH-0010,Tshirts,XS,0,0,N,12/4/2022
SKU-SHO-0011,Shorts,S,0,0,N,12/4/2022
SKU-TSH-0012,Tshirts,M,0,0,N,12/4/2022
SKU-SHI-0013,Shirts,XXL,0,0,N,12/4/2022
SKU-CRO-0014,Croptops,S,0,0,N,12/4/2022
SKU-SHI-0015,Shirts,XL,48,160,N,12/4/2022
SKU-PAN-0016,Pants,M,24,180,N,12/4/2022
SKU-SHI-0017,Shirts,XS,1,6,N,12/4/2022
SKU-PAN-0018,Pants,L,58,435,N,12/4/2022
SKU-CRO-0019,Croptops,M,0,0,N,12/4/2022
SKU-PAN-0020,Pants,XS,24,360,N,12/4/2022
SKU-PAN-0021,Pants,XS,25,93.8,N,12/4/2022
SKU-PAN-0022,Pants,L,49,367.5,N,12/4/2022
SKU-SHO-0023,Shorts,L,59,590,N,12/4/2022
SKU-SHI-0024,Shirts,L,1,4.3,N,12/4/2022
SKU-JAC-0025,Jackets,XL,25,93.8,N,12/4/2022
SKU-PAN-0026,Pants,S,39,390,N,12/4/2022
SKU-JAC-0027,Jackets,M,3,22.5,N,12/4/2022
SKU-PAN-0028,Pants,L,49,735,N,12/4/2022
SKU-TSH-0029,Tshirts,XS,53,318,N,12/4/2022
SKU-CRO-0030,Croptops,S,16,160,N,12/4/2022
SKU-JAC-0031,Jackets,XXL,1,6,N,12/4/2022
SKU-TSH-0032,Tshirts,XS,59,442.5,N,12/4/2022
SKU-SHO-0033,Shorts,S,81,486,N,12/4/2022
SKU-PAN-0034,Pants,S,42,420,N,12/4/2022
SKU-CRO-0035,Croptops,L,12,999,N,12/4/2022
SKU-SHI-0036,Shirts,XXL,95,999,N,12/4/2022
SKU-CRO-0037,Croptops,L,84,999,N,12/4/2022
SKU-CRO-0038,Croptops,M,9,54,N,12/4/2022
SKU-SHO-0039,Shorts,XS,73,730,N,12/4/2022
SKU-SHO-0040,Shorts,XXL,94,940,N,12/4/2022
SKU-TSH-0041,Tshirts,XXL,100,999,N,12/4/2022
SKU-CRO-0042,Croptops,M,87,652.5,N,12/4/2022
SKU-CRO-0043,Croptops,S,29,217.5,N,12/4/2022
SKU-JAC-0044,Jackets,S,87,870,N,12/4/2022
SKU-SHI-0045,Shirts,XL,85,999,N,12/4/2022
SKU-JAC-0046,Jackets,L,104,999,N,12/4/2022
SKU-PAN-0047,Pants,S,83,622.5,N,12/4/2022
SKU-CRO-0048,Croptops,XXL,30,450,N,12/4/2022
SKU-TSH-0049,Tshirts,XXL,104,999,N,12/4/2022
SKU-SHO-0050,Shorts,S,93,999,N,12/4/2022
SKU-SHI-0051,Shirts,XL,40,300,N,12/4/2022
SKU-SHI-0052,Shirts,L,55,825,N,12/4/2022
SKU-JAC-0053,Jackets,XXL,49,367.5,N,12/4/2022
SKU-SHI-0054,Shirts,M,56,840,N,12/4/2022
SKU-JAC-0055,Jackets,L,94,999,N,12/4/2022
SKU-SHI-0001,Shirts,S,0,0,N,12/11/2022
SKU-PAN-0002,Pants,M,0,0,N,12/11/2022
SKU-SHI-0003,Shirts,XXL,0,0,N,12/11/2022
SKU-TSH-0004,Tshirts,M,0,0,N,12/11/2022
SKU-CRO-0005,Croptops,XS,0,0,N,12/11/2022
SKU-SHI-0006,Shirts,XXL,0,0,N,12/11/2022
SKU-CRO-0007,Croptops,S,0,0,N,12/11/2022
SKU-PAN-0008,Pants,M,0,0,N,12/11/2022
SKU-PAN-0009,Pants,XXL,0,0,N,12/11/2022
SKU-TSH-0010,Tshirts,XS,0,0,N,12/11/2022
SKU-SHO-0011,Shorts,XL,0,0,N,12/11/2022
SKU-TSH-0012,Tshirts,XL,0,0,N,12/11/2022
SKU-SHI-0013,Shirts,M,0,0,N,12/11/2022
SKU-CRO-0014,Croptops,XL,0,0,N,12/11/2022
SKU-SHI-0015,Shirts,XXL,45,122.7,N,12/11/2022
SKU-PAN-0016,Pants,XXL,23,230,N,12/11/2022
SKU-SHI-0017,Shirts,S,0,0,N,12/11/2022
SKU-PAN-0018,Pants,L,57,570,N,12/11/2022
SKU-CRO-0019,Croptops,M,0,0,N,12/11/2022
SKU-PAN-0020,Pants,XXL,23,345,N,12/11/2022
SKU-PAN-0021,Pants,M,25,150,N,12/11/2022
SKU-PAN-0022,Pants,S,45,192.9,N,12/11/2022
SKU-SHO-0023,Shorts,S,59,885,N,12/11/2022
SKU-SHI-0024,Shirts,XXL,0,0,N,12/11/2022
SKU-JAC-0025,Jackets,M,24,90,N,12/11/2022
SKU-PAN-0026,Pants,M,37,222,N,12/11/2022
SKU-JAC-0027,Jackets,M,1,7.5,N,12/11/2022
SKU-PAN-0028,Pants,XL,48,720,N,12/11/2022
SKU-TSH-0029,Tshirts,XL,52,520,N,12/11/2022
SKU-CRO-0030,Croptops,XXL,16,240,N,12/11/2022
SKU-JAC-0031,Jackets,M,1,10,N,12/11/2022
SKU-TSH-0032,Tshirts,XS,59,442.5,N,12/11/2022
SKU-SHO-0033,Shorts,S,80,480,N,12/11/2022
SKU-PAN-0034,Pants,S,42,630,N,12/11/2022
SKU-CRO-0035,Croptops,XL,12,999,N,12/11/2022
SKU-SHI-0036,Shirts,XXL,93,697.5,N,12/11/2022
SKU-CRO-0037,Croptops,L,84,999,N,12/11/2022
SKU-CRO-0038,Croptops,XS,9,270,N,12/11/2022
SKU-SHO-0039,Shorts,XS,72,720,N,12/11/2022
SKU-SHO-0040,Shorts,XL,94,999,N,12/11/2022
SKU-TSH-0041,Tshirts,M,99,990,N,12/11/2022
SKU-CRO-0042,Croptops,M,86,860,N,12/11/2022
SKU-CRO-0043,Croptops,M,29,217.5,N,12/11/2022
SKU-JAC-0044,Jackets,XL,87,870,N,12/11/2022
SKU-SHI-0045,Shirts,XS,85,999,N,12/11/2022
SKU-JAC-0046,Jackets,S,104,999,N,12/11/2022
SKU-PAN-0047,Pants,XL,83,830,N,12/11/2022
SKU-CRO-0048,Croptops,XXL,30,450,N,12/11/2022
SKU-TSH-0049,Tshirts,XL,104,999,N,12/11/2022
SKU-SHO-0050,Shorts,XS,93,999,N,12/11/2022
SKU-SHI-0051,Shirts,XXL,40,400,N,12/11/2022
SKU-SHI-0052,Shirts,S,53,397.5,N,12/11/2022
SKU-JAC-0053,Jackets,L,49,490,N,12/11/2022
SKU-SHI-0054,Shirts,XS,56,999,N,12/11/2022
SKU-JAC-0055,Jackets,XS,94,999,N,12/11/2022
SKU-SHI-0001,Shirts,XS,0,0,N,12/18/2022
SKU-PAN-0002,Pants,XXL,0,0,N,12/18/2022
SKU-SHI-0003,Shirts,S,0,0,N,12/18/2022
SKU-TSH-0004,Tshirts,M,0,0,N,12/18/2022
SKU-CRO-0005,Croptops,XS,0,0,N,12/18/2022
SKU-SHI-0006,Shirts,XL,0,0,N,12/18/2022
SKU-CRO-0007,Croptops,XL,0,0,N,12/18/2022
SKU-PAN-0008,Pants,XS,0,0,N,12/18/2022
SKU-PAN-0009,Pants,XL,0,0,N,12/18/2022
SKU-TSH-0010,Tshirts,M,0,0,N,12/18/2022
SKU-SHO-0011,Shorts,XL,0,0,N,12/18/2022
SKU-TSH-0012,Tshirts,XXL,0,0,N,12/18/2022
SKU-SHI-0013,Shirts,XL,0,0,N,12/18/2022
SKU-CRO-0014,Croptops,S,0,0,N,12/18/2022
SKU-SHI-0015,Shirts,XL,42,105,N,12/18/2022
SKU-PAN-0016,Pants,L,22,220,N,12/18/2022
SKU-SHI-0017,Shirts,M,0,0,N,12/18/2022
SKU-PAN-0018,Pants,L,55,330,N,12/18/2022
SKU-CRO-0019,Croptops,M,0,0,N,12/18/2022
SKU-PAN-0020,Pants,L,22,330,N,12/18/2022
SKU-PAN-0021,Pants,XS,25,250,N,12/18/2022
SKU-PAN-0022,Pants,L,44,165,N,12/18/2022
SKU-SHO-0023,Shorts,XS,57,570,N,12/18/2022
SKU-SHI-0024,Shirts,M,0,0,N,12/18/2022
SKU-JAC-0025,Jackets,XS,24,144,N,12/18/2022
SKU-PAN-0026,Pants,XXL,35,210,N,12/18/2022
SKU-JAC-0027,Jackets,S,0,0,N,12/18/2022
SKU-PAN-0028,Pants,M,46,345,N,12/18/2022
SKU-TSH-0029,Tshirts,S,52,520,N,12/18/2022
SKU-CRO-0030,Croptops,S,16,240,N,12/18/2022
SKU-JAC-0031,Jackets,M,0,0,N,12/18/2022
SKU-TSH-0032,Tshirts,XS,59,590,N,12/18/2022
SKU-SHO-0033,Shorts,M,80,800,N,12/18/2022
SKU-PAN-0034,Pants,S,41,410,N,12/18/2022
SKU-CRO-0035,Croptops,S,10,150,N,12/18/2022
SKU-SHI-0036,Shirts,XS,92,690,N,12/18/2022
SKU-CRO-0037,Croptops,M,83,999,N,12/18/2022
SKU-CRO-0038,Croptops,XXL,9,270,N,12/18/2022
SKU-SHO-0039,Shorts,XS,72,720,N,12/18/2022
SKU-SHO-0040,Shorts,S,93,999,N,12/18/2022
SKU-TSH-0041,Tshirts,XS,99,999,N,12/18/2022
SKU-CRO-0042,Croptops,XS,86,999,N,12/18/2022
SKU-CRO-0043,Croptops,XL,27,162,N,12/18/2022
SKU-JAC-0044,Jackets,L,86,860,N,12/18/2022
SKU-SHI-0045,Shirts,M,84,999,N,12/18/2022
SKU-JAC-0046,Jackets,L,102,999,N,12/18/2022
SKU-PAN-0047,Pants,XL,83,999,N,12/18/2022
SKU-CRO-0048,Croptops,L,29,435,N,12/18/2022
SKU-TSH-0049,Tshirts,XL,104,999,N,12/18/2022
SKU-SHO-0050,Shorts,XXL,93,999,N,12/18/2022
SKU-SHI-0051,Shirts,L,39,390,N,12/18/2022
SKU-SHI-0052,Shirts,S,53,397.5,N,12/18/2022
SKU-JAC-0053,Jackets,XXL,48,720,N,12/18/2022
SKU-SHI-0054,Shirts,M,55,999,N,12/18/2022
SKU-JAC-0055,Jackets,M,94,999,N,12/18/2022
SKU-SHI-0001,Shirts,XXL,0,0,N,12/25/2022
SKU-PAN-0002,Pants,XL,0,0,N,12/25/2022
SKU-SHI-0003,Shirts,XS,0,0,N,12/25/2022
SKU-TSH-0004,Tshirts,L,0,0,N,12/25/2022
SKU-CRO-0005,Croptops,XXL,0,0,N,12/25/2022
SKU-SHI-0006,Shirts,L,0,0,N,12/25/2022
SKU-CRO-0007,Croptops,XL,0,0,N,12/25/2022
SKU-PAN-0008,Pants,XS,0,0,N,12/25/2022
SKU-PAN-0009,Pants,XXL,0,0,N,12/25/2022
SKU-TSH-0010,Tshirts,XXL,0,0,N,12/25/2022
SKU-SHO-0011,Shorts,XL,0,0,N,12/25/2022
SKU-TSH-0012,Tshirts,S,0,0,N,12/25/2022
SKU-SHI-0013,Shirts,XXL,0,0,N,12/25/2022
SKU-CRO-0014,Croptops,XL,0,0,N,12/25/2022
SKU-SHI-0015,Shirts,XL,38,95,N,12/25/2022
SKU-PAN-0016,Pants,XXL,19,95,N,12/25/2022
SKU-SHI-0017,Shirts,XS,0,0,N,12/25/2022
SKU-PAN-0018,Pants,XL,50,150,N,12/25/2022
SKU-CRO-0019,Croptops,XS,0,0,N,12/25/2022
SKU-PAN-0020,Pants,L,21,210,N,12/25/2022
SKU-PAN-0021,Pants,XL,23,345,N,12/25/2022
SKU-PAN-0022,Pants,XS,41,111.8,N,12/25/2022
SKU-SHO-0023,Shorts,M,56,560,N,12/25/2022
SKU-SHI-0024,Shirts,M,0,0,N,12/25/2022
SKU-JAC-0025,Jackets,XL,24,144,N,12/25/2022
SKU-PAN-0026,Pants,L,35,210,N,12/25/2022
SKU-JAC-0027,Jackets,XL,0,0,N,12/25/2022
SKU-PAN-0028,Pants,S,46,345,N,12/25/2022
SKU-TSH-0029,Tshirts,XXL,50,375,N,12/25/2022
SKU-CRO-0030,Croptops,XXL,15,225,N,12/25/2022
SKU-JAC-0031,Jackets,S,0,0,N,12/25/2022
SKU-TSH-0032,Tshirts,M,57,427.5,N,12/25/2022
SKU-SHO-0033,Shorts,M,78,585,N,12/25/2022
SKU-PAN-0034,Pants,S,40,300,N,12/25/2022
SKU-CRO-0035,Croptops,XXL,8,60,N,12/25/2022
SKU-SHI-0036,Shirts,XS,91,546,N,12/25/2022
SKU-CRO-0037,Croptops,M,82,999,N,12/25/2022
SKU-CRO-0038,Croptops,XXL,7,70,N,12/25/2022
SKU-SHO-0039,Shorts,L,72,999,N,12/25/2022
SKU-SHO-0040,Shorts,XXL,90,675,N,12/25/2022
SKU-TSH-0041,Tshirts,S,98,999,N,12/25/2022
SKU-CRO-0042,Croptops,S,83,622.5,N,12/25/2022
SKU-CRO-0043,Croptops,L,27,202.5,N,12/25/2022
SKU-JAC-0044,Jackets,XS,86,999,N,12/25/2022
SKU-SHI-0045,Shirts,L,84,999,N,12/25/2022
SKU-JAC-0046,Jackets,XXL,101,999,N,12/25/2022
SKU-PAN-0047,Pants,XS,82,999,N,12/25/2022
SKU-CRO-0048,Croptops,XL,28,280,N,12/25/2022
SKU-TSH-0049,Tshirts,L,103,999,N,12/25/2022
SKU-SHO-0050,Shorts,L,93,999,N,12/25/2022
SKU-SHI-0051,Shirts,L,39,585,N,12/25/2022
SKU-SHI-0052,Shirts,L,52,312,N,12/25/2022
SKU-JAC-0053,Jackets,S,47,470,N,12/25/2022
SKU-SHI-0054,Shirts,L,54,810,N,12/25/2022
SKU-JAC-0055,Jackets,L,94,999,N,12/25/2022
SKU-SHI-0001,Shirts,XXL,0,0,N,1/1/2023
SKU-PAN-0002,Pants,S,0,0,N,1/1/2023
SKU-SHI-0003,Shirts,M,0,0,N,1/1/2023
SKU-TSH-0004,Tshirts,XL,0,0,N,1/1/2023
SKU-CRO-0005,Croptops,XL,0,0,N,1/1/2023
SKU-SHI-0006,Shirts,XL,0,0,N,1/1/2023
SKU-CRO-0007,Croptops,XS,0,0,N,1/1/2023
SKU-PAN-0008,Pants,XS,0,0,N,1/1/2023
SKU-PAN-0009,Pants,XL,0,0,N,1/1/2023
SKU-TSH-0010,Tshirts,XL,0,0,N,1/1/2023
SKU-SHO-0011,Shorts,L,0,0,N,1/1/2023
SKU-TSH-0012,Tshirts,S,0,0,N,1/1/2023
SKU-SHI-0013,Shirts,XL,0,0,N,1/1/2023
SKU-CRO-0014,Croptops,XS,0,0,N,1/1/2023
SKU-SHI-0015,Shirts,XL,36,90,N,1/1/2023
SKU-PAN-0016,Pants,XL,17,72.9,N,1/1/2023
SKU-SHI-0017,Shirts,L,0,0,N,1/1/2023
SKU-PAN-0018,Pants,XXL,49,163.3,N,1/1/2023
SKU-CRO-0019,Croptops,XL,0,0,N,1/1/2023
SKU-PAN-0020,Pants,XXL,18,90,N,1/1/2023
SKU-PAN-0021,Pants,XL,20,120,N,1/1/2023
SKU-PAN-0022,Pants,XS,41,153.8,N,1/1/2023
SKU-SHO-0023,Shorts,XXL,54,324,N,1/1/2023
SKU-SHI-0024,Shirts,M,0,0,N,1/1/2023
SKU-JAC-0025,Jackets,XL,23,230,N,1/1/2023
SKU-PAN-0026,Pants,XS,34,204,N,1/1/2023
SKU-JAC-0027,Jackets,S,0,0,N,1/1/2023
SKU-PAN-0028,Pants,XS,43,215,N,1/1/2023
SKU-TSH-0029,Tshirts,L,50,500,N,1/1/2023
SKU-CRO-0030,Croptops,XS,15,450,N,1/1/2023
SKU-JAC-0031,Jackets,L,0,0,N,1/1/2023
SKU-TSH-0032,Tshirts,XS,56,560,N,1/1/2023
SKU-SHO-0033,Shorts,XL,77,577.5,N,1/1/2023
SKU-PAN-0034,Pants,L,40,600,N,1/1/2023
SKU-CRO-0035,Croptops,XXL,6,30,N,1/1/2023
SKU-SHI-0036,Shirts,XXL,91,682.5,N,1/1/2023
SKU-CRO-0037,Croptops,XS,81,810,N,1/1/2023
SKU-CRO-0038,Croptops,XL,5,37.5,N,1/1/2023
SKU-SHO-0039,Shorts,M,71,710,N,1/1/2023
SKU-SHO-0040,Shorts,XS,90,675,N,1/1/2023
SKU-TSH-0041,Tshirts,XS,96,720,N,1/1/2023
SKU-CRO-0042,Croptops,S,82,492,N,1/1/2023
SKU-CRO-0043,Croptops,L,27,270,N,1/1/2023
SKU-JAC-0044,Jackets,S,84,840,N,1/1/2023
SKU-SHI-0045,Shirts,L,84,999,N,1/1/2023
SKU-JAC-0046,Jackets,XXL,100,750,N,1/1/2023
SKU-PAN-0047,Pants,L,82,999,N,1/1/2023
SKU-CRO-0048,Croptops,L,28,280,N,1/1/2023
SKU-TSH-0049,Tshirts,XXL,102,999,N,1/1/2023
SKU-SHO-0050,Shorts,XXL,92,999,N,1/1/2023
SKU-SHI-0051,Shirts,M,39,585,N,1/1/2023
SKU-SHI-0052,Shirts,L,52,390,N,1/1/2023
SKU-JAC-0053,Jackets,XL,46,460,N,1/1/2023
SKU-SHI-0054,Shirts,M,53,530,N,1/1/2023
SKU-JAC-0055,Jackets,XL,93,999,N,1/1/2023
SKU-SHI-0001,Shirts,S,0,0,N,1/8/2023
SKU-PAN-0002,Pants,S,0,0,N,1/8/2023
SKU-SHI-0003,Shirts,L,0,0,N,1/8/2023
SKU-TSH-0004,Tshirts,L,0,0,N,1/8/2023
SKU-CRO-0005,Croptops,M,0,0,N,1/8/2023
SKU-SHI-0006,Shirts,L,0,0,N,1/8/2023
SKU-CRO-0007,Croptops,XS,0,0,N,1/8/2023
SKU-PAN-0008,Pants,XXL,0,0,N,1/8/2023
SKU-PAN-0009,Pants,XS,0,0,N,1/8/2023
SKU-TSH-0010,Tshirts,S,0,0,N,1/8/2023
SKU-SHO-0011,Shorts,L,0,0,N,1/8/2023
SKU-TSH-0012,Tshirts,XXL,0,0,N,1/8/2023
SKU-SHI-0013,Shirts,M,0,0,N,1/8/2023
SKU-CRO-0014,Croptops,XL,0,0,N,1/8/2023
SKU-SHI-0015,Shirts,XXL,32,64,N,1/8/2023
SKU-PAN-0016,Pants,M,13,39,N,1/8/2023
SKU-SHI-0017,Shirts,XL,0,0,N,1/8/2023
SKU-PAN-0018,Pants,XXL,46,115,N,1/8/2023
SKU-CRO-0019,Croptops,S,0,0,N,1/8/2023
SKU-PAN-0020,Pants,S,15,50,N,1/8/2023
SKU-PAN-0021,Pants,M,19,95,N,1/8/2023
SKU-PAN-0022,Pants,XL,39,195,N,1/8/2023
SKU-SHO-0023,Shorts,L,49,147,N,1/8/2023
SKU-SHI-0024,Shirts,XS,0,0,N,1/8/2023
SKU-JAC-0025,Jackets,XXL,22,330,N,1/8/2023
SKU-PAN-0026,Pants,S,34,340,N,1/8/2023
SKU-JAC-0027,Jackets,XL,0,0,N,1/8/2023
SKU-PAN-0028,Pants,M,38,114,N,1/8/2023
SKU-TSH-0029,Tshirts,S,48,360,N,1/8/2023
SKU-CRO-0030,Croptops,XL,15,450,N,1/8/2023
SKU-JAC-0031,Jackets,S,0,0,N,1/8/2023
SKU-TSH-0032,Tshirts,XS,56,560,N,1/8/2023
SKU-SHO-0033,Shorts,S,76,570,N,1/8/2023
SKU-PAN-0034,Pants,XL,37,222,N,1/8/2023
SKU-CRO-0035,Croptops,XXL,6,30,N,1/8/2023
SKU-SHI-0036,Shirts,M,91,910,N,1/8/2023
SKU-CRO-0037,Croptops,S,78,390,N,1/8/2023
SKU-CRO-0038,Croptops,L,5,37.5,N,1/8/2023
SKU-SHO-0039,Shorts,S,69,517.5,N,1/8/2023
SKU-SHO-0040,Shorts,XS,89,534,N,1/8/2023
SKU-TSH-0041,Tshirts,XL,96,720,N,1/8/2023
SKU-CRO-0042,Croptops,M,81,405,N,1/8/2023
SKU-CRO-0043,Croptops,S,26,260,N,1/8/2023
SKU-JAC-0044,Jackets,XXL,84,840,N,1/8/2023
SKU-SHI-0045,Shirts,L,84,999,N,1/8/2023
SKU-JAC-0046,Jackets,L,99,594,N,1/8/2023
SKU-PAN-0047,Pants,L,81,999,N,1/8/2023
SKU-CRO-0048,Croptops,XS,28,420,N,1/8/2023
SKU-TSH-0049,Tshirts,XS,100,750,N,1/8/2023
SKU-SHO-0050,Shorts,M,92,999,N,1/8/2023
SKU-SHI-0051,Shirts,XL,39,999,N,1/8/2023
SKU-SHI-0052,Shirts,XL,50,500,N,1/8/2023
SKU-JAC-0053,Jackets,XXL,45,337.5,N,1/8/2023
SKU-SHI-0054,Shirts,M,52,390,N,1/8/2023
SKU-JAC-0055,Jackets,S,92,999,N,1/8/2023
SKU-SHI-0001,Shirts,M,0,0,N,1/15/2023
SKU-PAN-0002,Pants,S,0,0,N,1/15/2023
SKU-SHI-0003,Shirts,XS,0,0,N,1/15/2023
SKU-TSH-0004,Tshirts,XL,0,0,N,1/15/2023
SKU-CRO-0005,Croptops,L,0,0,N,1/15/2023
SKU-SHI-0006,Shirts,L,0,0,N,1/15/2023
SKU-CRO-0007,Croptops,S,0,0,N,1/15/2023
SKU-PAN-0008,Pants,XXL,0,0,N,1/15/2023
SKU-PAN-0009,Pants,M,0,0,N,1/15/2023
SKU-TSH-0010,Tshirts,XXL,0,0,N,1/15/2023
SKU-SHO-0011,Shorts,XS,0,0,N,1/15/2023
SKU-TSH-0012,Tshirts,M,0,0,N,1/15/2023
SKU-SHI-0013,Shirts,XXL,0,0,N,1/15/2023
SKU-CRO-0014,Croptops,L,0,0,N,1/15/2023
SKU-SHI-0015,Shirts,L,27,54,N,1/15/2023
SKU-PAN-0016,Pants,M,13,43.3,N,1/15/2023
SKU-SHI-0017,Shirts,XS,0,0,N,1/15/2023
SKU-PAN-0018,Pants,XXL,40,75,N,1/15/2023
SKU-CRO-0019,Croptops,XXL,0,0,N,1/15/2023
SKU-PAN-0020,Pants,M,11,30,N,1/15/2023
SKU-PAN-0021,Pants,L,17,63.8,N,1/15/2023
SKU-PAN-0022,Pants,XXL,36,135,N,1/15/2023
SKU-SHO-0023,Shorts,M,48,160,N,1/15/2023
SKU-SHI-0024,Shirts,L,0,0,N,1/15/2023
SKU-JAC-0025,Jackets,XS,17,72.9,N,1/15/2023
SKU-PAN-0026,Pants,XL,33,247.5,N,1/15/2023
SKU-JAC-0027,Jackets,L,0,0,N,1/15/2023
SKU-PAN-0028,Pants,L,37,123.3,N,1/15/2023
SKU-TSH-0029,Tshirts,XL,46,230,N,1/15/2023
SKU-CRO-0030,Croptops,XXL,13,130,N,1/15/2023
SKU-JAC-0031,Jackets,L,0,0,N,1/15/2023
SKU-TSH-0032,Tshirts,XL,55,412.5,N,1/15/2023
SKU-SHO-0033,Shorts,XL,74,370,N,1/15/2023
SKU-PAN-0034,Pants,XS,37,277.5,N,1/15/2023
SKU-CRO-0035,Croptops,XXL,5,30,N,1/15/2023
SKU-SHI-0036,Shirts,L,88,660,N,1/15/2023
SKU-CRO-0037,Croptops,XL,77,385,N,1/15/2023
SKU-CRO-0038,Croptops,XS,4,24,N,1/15/2023
SKU-SHO-0039,Shorts,S,67,402,N,1/15/2023
SKU-SHO-0040,Shorts,XS,88,528,N,1/15/2023
SKU-TSH-0041,Tshirts,XXL,95,712.5,N,1/15/2023
SKU-CRO-0042,Croptops,XL,80,400,N,1/15/2023
SKU-CRO-0043,Croptops,S,26,390,N,1/15/2023
SKU-JAC-0044,Jackets,M,84,999,N,1/15/2023
SKU-SHI-0045,Shirts,M,84,999,N,1/15/2023
SKU-JAC-0046,Jackets,M,99,594,N,1/15/2023
SKU-PAN-0047,Pants,M,79,592.5,N,1/15/2023
SKU-CRO-0048,Croptops,S,28,840,N,1/15/2023
SKU-TSH-0049,Tshirts,XXL,100,750,N,1/15/2023
SKU-SHO-0050,Shorts,XL,90,900,N,1/15/2023
SKU-SHI-0051,Shirts,XS,39,999,N,1/15/2023
SKU-SHI-0052,Shirts,M,49,367.5,N,1/15/2023
SKU-JAC-0053,Jackets,XL,44,264,N,1/15/2023
SKU-SHI-0054,Shirts,XL,52,520,N,1/15/2023
SKU-JAC-0055,Jackets,XS,92,999,N,1/15/2023
SKU-SHI-0001,Shirts,XXL,0,0,N,1/22/2023
SKU-PAN-0002,Pants,XXL,0,0,N,1/22/2023
SKU-SHI-0003,Shirts,XS,0,0,N,1/22/2023
SKU-TSH-0004,Tshirts,XS,0,0,N,1/22/2023
SKU-CRO-0005,Croptops,L,0,0,N,1/22/2023
SKU-SHI-0006,Shirts,M,0,0,N,1/22/2023
SKU-CRO-0007,Croptops,XL,0,0,N,1/22/2023
SKU-PAN-0008,Pants,S,0,0,N,1/22/2023
SKU-PAN-0009,Pants,XL,0,0,N,1/22/2023
SKU-TSH-0010,Tshirts,S,0,0,N,1/22/2023
SKU-SHO-0011,Shorts,L,0,0,N,1/22/2023
SKU-TSH-0012,Tshirts,L,0,0,N,1/22/2023
SKU-SHI-0013,Shirts,XXL,0,0,N,1/22/2023
SKU-CRO-0014,Croptops,M,0,0,N,1/22/2023
SKU-SHI-0015,Shirts,L,25,57.7,N,1/22/2023
SKU-PAN-0016,Pants,S,11,41.2,N,1/22/2023
SKU-SHI-0017,Shirts,S,0,0,N,1/22/2023
SKU-PAN-0018,Pants,XS,35,70,N,1/22/2023
SKU-CRO-0019,Croptops,XL,0,0,N,1/22/2023
SKU-PAN-0020,Pants,S,9,22.5,N,1/22/2023
SKU-PAN-0021,Pants,XXL,13,35.5,N,1/22/2023
SKU-PAN-0022,Pants,M,34,145.7,N,1/22/2023
SKU-SHO-0023,Shorts,M,43,99.2,N,1/22/2023
SKU-SHI-0024,Shirts,L,0,0,N,1/22/2023
SKU-JAC-0025,Jackets,XL,16,60,N,1/22/2023
SKU-PAN-0026,Pants,L,30,180,N,1/22/2023
SKU-JAC-0027,Jackets,M,0,0,N,1/22/2023
SKU-PAN-0028,Pants,XS,34,85,N,1/22/2023
SKU-TSH-0029,Tshirts,XS,46,345,N,1/22/2023
SKU-CRO-0030,Croptops,XL,12,120,N,1/22/2023
SKU-JAC-0031,Jackets,XL,0,0,N,1/22/2023
SKU-TSH-0032,Tshirts,M,54,540,N,1/22/2023
SKU-SHO-0033,Shorts,L,74,555,N,1/22/2023
SKU-PAN-0034,Pants,XXL,35,210,N,1/22/2023
SKU-CRO-0035,Croptops,XS,5,37.5,N,1/22/2023
SKU-SHI-0036,Shirts,XS,86,516,N,1/22/2023
SKU-CRO-0037,Croptops,XS,75,321.4,N,1/22/2023
SKU-CRO-0038,Croptops,XXL,4,40,N,1/22/2023
SKU-SHO-0039,Shorts,XL,65,278.6,N,1/22/2023
SKU-SHO-0040,Shorts,L,88,999,N,1/22/2023
SKU-TSH-0041,Tshirts,XS,95,712.5,N,1/22/2023
SKU-CRO-0042,Croptops,XS,79,474,N,1/22/2023
SKU-CRO-0043,Croptops,M,26,780,N,1/22/2023
SKU-JAC-0044,Jackets,S,84,999,N,1/22/2023
SKU-SHI-0045,Shirts,XL,84,999,N,1/22/2023
SKU-JAC-0046,Jackets,XXL,99,999,N,1/22/2023
SKU-PAN-0047,Pants,XXL,76,325.7,N,1/22/2023
SKU-CRO-0048,Croptops,XL,24,180,N,1/22/2023
SKU-TSH-0049,Tshirts,XL,99,742.5,N,1/22/2023
SKU-SHO-0050,Shorts,XL,90,900,N,1/22/2023
SKU-SHI-0051,Shirts,XXL,39,999,N,1/22/2023
SKU-SHI-0052,Shirts,XL,49,367.5,N,1/22/2023
SKU-JAC-0053,Jackets,XL,42,252,N,1/22/2023
SKU-SHI-0054,Shirts,XL,51,510,N,1/22/2023
SKU-JAC-0055,Jackets,S,89,534,N,1/22/2023
SKU-SHI-0001,Shirts,M,0,0,N,1/29/2023
SKU-PAN-0002,Pants,L,0,0,N,1/29/2023
SKU-SHI-0003,Shirts,S,0,0,N,1/29/2023
SKU-TSH-0004,Tshirts,S,0,0,N,1/29/2023
SKU-CRO-0005,Croptops,XL,0,0,N,1/29/2023
SKU-SHI-0006,Shirts,XS,0,0,N,1/29/2023
SKU-CRO-0007,Croptops,XXL,0,0,N,1/29/2023
SKU-PAN-0008,Pants,L,0,0,N,1/29/2023
SKU-PAN-0009,Pants,XXL,0,0,N,1/29/2023
SKU-TSH-0010,Tshirts,S,0,0,N,1/29/2023
SKU-SHO-0011,Shorts,XS,0,0,N,1/29/2023
SKU-TSH-0012,Tshirts,XL,0,0,N,1/29/2023
SKU-SHI-0013,Shirts,XS,0,0,N,1/29/2023
SKU-CRO-0014,Croptops,XL,0,0,N,1/29/2023
SKU-SHI-0015,Shirts,L,25,62.5,N,1/29/2023
SKU-PAN-0016,Pants,S,10,37.5,N,1/29/2023
SKU-SHI-0017,Shirts,XS,0,0,N,1/29/2023
SKU-PAN-0018,Pants,S,35,75,N,1/29/2023
SKU-CRO-0019,Croptops,M,0,0,N,1/29/2023
SKU-PAN-0020,Pants,XS,9,27,N,1/29/2023
SKU-PAN-0021,Pants,L,10,23.1,N,1/29/2023
SKU-PAN-0022,Pants,XS,33,123.8,N,1/29/2023
SKU-SHO-0023,Shorts,XXL,39,78,N,1/29/2023
SKU-SHI-0024,Shirts,L,0,0,N,1/29/2023
SKU-JAC-0025,Jackets,XL,14,46.7,N,1/29/2023
SKU-PAN-0026,Pants,M,28,140,N,1/29/2023
SKU-JAC-0027,Jackets,L,0,0,N,1/29/2023
SKU-PAN-0028,Pants,XXL,31,71.5,N,1/29/2023
SKU-TSH-0029,Tshirts,XL,41,136.7,N,1/29/2023
SKU-CRO-0030,Croptops,XXL,11,82.5,N,1/29/2023
SKU-JAC-0031,Jackets,XL,0,0,N,1/29/2023
SKU-TSH-0032,Tshirts,XL,53,397.5,N,1/29/2023
SKU-SHO-0033,Shorts,L,71,304.3,N,1/29/2023
SKU-PAN-0034,Pants,XXL,33,141.4,N,1/29/2023
SKU-CRO-0035,Croptops,S,3,22.5,N,1/29/2023
SKU-SHI-0036,Shirts,XL,86,516,N,1/29/2023
SKU-CRO-0037,Croptops,M,73,243.3,N,1/29/2023
SKU-CRO-0038,Croptops,L,2,12,N,1/29/2023
SKU-SHO-0039,Shorts,XXL,64,274.3,N,1/29/2023
SKU-SHO-0040,Shorts,L,88,999,N,1/29/2023
SKU-TSH-0041,Tshirts,M,93,697.5,N,1/29/2023
SKU-CRO-0042,Croptops,XL,77,385,N,1/29/2023
SKU-CRO-0043,Croptops,L,26,780,N,1/29/2023
SKU-JAC-0044,Jackets,M,83,999,N,1/29/2023
SKU-SHI-0045,Shirts,L,82,999,N,1/29/2023
SKU-JAC-0046,Jackets,XL,97,970,N,1/29/2023
SKU-PAN-0047,Pants,S,73,243.3,N,1/29/2023
SKU-CRO-0048,Croptops,L,24,180,N,1/29/2023
SKU-TSH-0049,Tshirts,M,98,588,N,1/29/2023
SKU-SHO-0050,Shorts,M,89,667.5,N,1/29/2023
SKU-SHI-0051,Shirts,M,37,555,N,1/29/2023
SKU-SHI-0052,Shirts,XXL,48,360,N,1/29/2023
SKU-JAC-0053,Jackets,S,40,171.4,N,1/29/2023
SKU-SHI-0054,Shirts,XS,51,765,N,1/29/2023
SKU-JAC-0055,Jackets,M,89,534,N,1/29/2023
SKU-SHI-0001,Shirts,M,0,0,N,2/5/2023
SKU-PAN-0002,Pants,XXL,0,0,N,2/5/2023
SKU-SHI-0003,Shirts,XL,0,0,N,2/5/2023
SKU-TSH-0004,Tshirts,L,0,0,N,2/5/2023
SKU-CRO-0005,Croptops,XS,0,0,N,2/5/2023
SKU-SHI-0006,Shirts,XL,0,0,N,2/5/2023
SKU-CRO-0007,Croptops,XS,0,0,N,2/5/2023
SKU-PAN-0008,Pants,XL,0,0,N,2/5/2023
SKU-PAN-0009,Pants,L,0,0,N,2/5/2023
SKU-TSH-0010,Tshirts,S,0,0,N,2/5/2023
SKU-SHO-0011,Shorts,XL,0,0,N,2/5/2023
SKU-TSH-0012,Tshirts,XL,0,0,N,2/5/2023
SKU-SHI-0013,Shirts,XL,0,0,N,2/5/2023
SKU-CRO-0014,Croptops,XXL,0,0,N,2/5/2023
SKU-SHI-0015,Shirts,M,23,62.7,N,2/5/2023
SKU-PAN-0016,Pants,S,9,67.5,N,2/5/2023
SKU-SHI-0017,Shirts,XS,0,0,N,2/5/2023
SKU-PAN-0018,Pants,XS,34,78.5,N,2/5/2023
SKU-CRO-0019,Croptops,XS,0,0,N,2/5/2023
SKU-PAN-0020,Pants,XS,5,12.5,N,2/5/2023
SKU-PAN-0021,Pants,M,7,16.2,N,2/5/2023
SKU-PAN-0022,Pants,S,32,120,N,2/5/2023
SKU-SHO-0023,Shorts,XL,36,77.1,N,2/5/2023
SKU-SHI-0024,Shirts,S,0,0,N,2/5/2023
SKU-JAC-0025,Jackets,M,12,36,N,2/5/2023
SKU-PAN-0026,Pants,S,28,140,N,2/5/2023
SKU-JAC-0027,Jackets,XXL,0,0,N,2/5/2023
SKU-PAN-0028,Pants,S,31,116.2,N,2/5/2023
SKU-TSH-0029,Tshirts,L,40,133.3,N,2/5/2023
SKU-CRO-0030,Croptops,XL,11,82.5,N,2/5/2023
SKU-JAC-0031,Jackets,L,0,0,N,2/5/2023
SKU-TSH-0032,Tshirts,XL,53,530,N,2/5/2023
SKU-SHO-0033,Shorts,XXL,71,355,N,2/5/2023
SKU-PAN-0034,Pants,XS,33,165,N,2/5/2023
SKU-CRO-0035,Croptops,XL,2,15,N,2/5/2023
SKU-SHI-0036,Shirts,XXL,86,516,N,2/5/2023
SKU-CRO-0037,Croptops,XXL,70,262.5,N,2/5/2023
SKU-CRO-0038,Croptops,M,1,7.5,N,2/5/2023
SKU-SHO-0039,Shorts,S,63,270,N,2/5/2023
SKU-SHO-0040,Shorts,XXL,87,999,N,2/5/2023
SKU-TSH-0041,Tshirts,XL,93,930,N,2/5/2023
SKU-CRO-0042,Croptops,XXL,74,317.1,N,2/5/2023
SKU-CRO-0043,Croptops,XL,26,999,N,2/5/2023
SKU-JAC-0044,Jackets,M,79,474,N,2/5/2023
SKU-SHI-0045,Shirts,XXL,78,390,N,2/5/2023
SKU-JAC-0046,Jackets,L,97,999,N,2/5/2023
SKU-PAN-0047,Pants,XL,72,216,N,2/5/2023
SKU-CRO-0048,Croptops,S,24,180,N,2/5/2023
SKU-TSH-0049,Tshirts,L,97,970,N,2/5/2023
SKU-SHO-0050,Shorts,M,89,890,N,2/5/2023
SKU-SHI-0051,Shirts,L,37,555,N,2/5/2023
SKU-SHI-0052,Shirts,XXL,48,480,N,2/5/2023
SKU-JAC-0053,Jackets,XS,38,142.5,N,2/5/2023
SKU-SHI-0054,Shirts,M,50,750,N,2/5/2023
SKU-JAC-0055,Jackets,XXL,89,667.5,N,2/5/2023
SKU-SHI-0001,Shirts,S,0,0,N,2/12/2023
SKU-PAN-0002,Pants,XS,0,0,N,2/12/2023
SKU-SHI-0003,Shirts,L,0,0,N,2/12/2023
SKU-TSH-0004,Tshirts,XXL,0,0,N,2/12/2023
SKU-CRO-0005,Croptops,M,0,0,N,2/12/2023
SKU-SHI-0006,Shirts,XS,0,0,N,2/12/2023
SKU-CRO-0007,Croptops,XXL,0,0,N,2/12/2023
SKU-PAN-0008,Pants,S,0,0,N,2/12/2023
SKU-PAN-0009,Pants,XL,0,0,N,2/12/2023
SKU-TSH-0010,Tshirts,L,0,0,N,2/12/2023
SKU-SHO-0011,Shorts,S,0,0,N,2/12/2023
SKU-TSH-0012,Tshirts,XL,0,0,N,2/12/2023
SKU-SHI-0013,Shirts,S,0,0,N,2/12/2023
SKU-CRO-0014,Croptops,M,0,0,N,2/12/2023
SKU-SHI-0015,Shirts,XS,22,110,N,2/12/2023
SKU-PAN-0016,Pants,XS,8,48,N,2/12/2023
SKU-SHI-0017,Shirts,XXL,0,0,N,2/12/2023
SKU-PAN-0018,Pants,M,33,141.4,N,2/12/2023
SKU-CRO-0019,Croptops,M,0,0,N,2/12/2023
SKU-PAN-0020,Pants,L,4,13.3,N,2/12/2023
SKU-PAN-0021,Pants,L,6,16.4,N,2/12/2023
SKU-PAN-0022,Pants,S,30,112.5,N,2/12/2023
SKU-SHO-0023,Shorts,M,36,83.1,N,2/12/2023
SKU-SHI-0024,Shirts,M,0,0,N,2/12/2023
SKU-JAC-0025,Jackets,XS,11,47.1,N,2/12/2023
SKU-PAN-0026,Pants,XXL,26,111.4,N,2/12/2023
SKU-JAC-0027,Jackets,M,0,0,N,2/12/2023
SKU-PAN-0028,Pants,XL,31,132.9,N,2/12/2023
SKU-TSH-0029,Tshirts,M,40,200,N,2/12/2023
SKU-CRO-0030,Croptops,S,9,45,N,2/12/2023
SKU-JAC-0031,Jackets,L,0,0,N,2/12/2023
SKU-TSH-0032,Tshirts,S,52,390,N,2/12/2023
SKU-SHO-0033,Shorts,XL,71,532.5,N,2/12/2023
SKU-PAN-0034,Pants,L,32,192,N,2/12/2023
SKU-CRO-0035,Croptops,XL,1,7.5,N,2/12/2023
SKU-SHI-0036,Shirts,XXL,86,860,N,2/12/2023
SKU-CRO-0037,Croptops,XS,68,226.7,N,2/12/2023
SKU-CRO-0038,Croptops,XXL,1,10,N,2/12/2023
SKU-SHO-0039,Shorts,S,62,310,N,2/12/2023
SKU-SHO-0040,Shorts,XS,87,999,N,2/12/2023
SKU-TSH-0041,Tshirts,M,93,999,N,2/12/2023
SKU-CRO-0042,Croptops,L,73,312.9,N,2/12/2023
SKU-CRO-0043,Croptops,L,26,999,N,2/12/2023
SKU-JAC-0044,Jackets,S,79,474,N,2/12/2023
SKU-SHI-0045,Shirts,M,78,390,N,2/12/2023
SKU-JAC-0046,Jackets,XS,94,564,N,2/12/2023
SKU-PAN-0047,Pants,XL,72,270,N,2/12/2023
SKU-CRO-0048,Croptops,M,22,110,N,2/12/2023
SKU-TSH-0049,Tshirts,S,97,970,N,2/12/2023
SKU-SHO-0050,Shorts,XS,89,999,N,2/12/2023
SKU-SHI-0051,Shirts,XS,37,555,N,2/12/2023
SKU-SHI-0052,Shirts,L,47,705,N,2/12/2023
SKU-JAC-0053,Jackets,L,37,158.6,N,2/12/2023
SKU-SHI-0054,Shirts,XS,48,360,N,2/12/2023
SKU-JAC-0055,Jackets,L,89,890,N,2/12/2023
SKU-SHI-0001,Shirts,L,0,0,N,2/19/2023
SKU-PAN-0002,Pants,XXL,0,0,N,2/19/2023
SKU-SHI-0003,Shirts,S,0,0,N,2/19/2023
SKU-TSH-0004,Tshirts,S,0,0,N,2/19/2023
SKU-CRO-0005,Croptops,XXL,0,0,N,2/19/2023
SKU-SHI-0006,Shirts,XXL,0,0,N,2/19/2023
SKU-CRO-0007,Croptops,L,0,0,N,2/19/2023
SKU-PAN-0008,Pants,XXL,0,0,N,2/19/2023
SKU-PAN-0009,Pants,XL,0,0,N,2/19/2023
SKU-TSH-0010,Tshirts,L,0,0,N,2/19/2023
SKU-SHO-0011,Shorts,S,0,0,N,2/19/2023
SKU-TSH-0012,Tshirts,XXL,0,0,N,2/19/2023
SKU-SHI-0013,Shirts,M,0,0,N,2/19/2023
SKU-CRO-0014,Croptops,XXL,0,0,N,2/19/2023
SKU-SHI-0015,Shirts,XXL,19,95,N,2/19/2023
SKU-PAN-0016,Pants,XXL,6,36,N,2/19/2023
SKU-SHI-0017,Shirts,S,0,0,N,2/19/2023
SKU-PAN-0018,Pants,XS,31,155,N,2/19/2023
SKU-CRO-0019,Croptops,M,0,0,N,2/19/2023
SKU-PAN-0020,Pants,XS,2,7.5,N,2/19/2023
SKU-PAN-0021,Pants,S,5,15,N,2/19/2023
SKU-PAN-0022,Pants,L,26,97.5,N,2/19/2023
SKU-SHO-0023,Shorts,L,33,99,N,2/19/2023
SKU-SHI-0024,Shirts,L,0,0,N,2/19/2023
SKU-JAC-0025,Jackets,XL,10,42.9,N,2/19/2023
SKU-PAN-0026,Pants,M,25,150,N,2/19/2023
SKU-JAC-0027,Jackets,XS,0,0,N,2/19/2023
SKU-PAN-0028,Pants,XS,28,105,N,2/19/2023
SKU-TSH-0029,Tshirts,M,37,123.3,N,2/19/2023
SKU-CRO-0030,Croptops,XXL,6,30,N,2/19/2023
SKU-JAC-0031,Jackets,XL,0,0,N,2/19/2023
SKU-TSH-0032,Tshirts,L,52,780,N,2/19/2023
SKU-SHO-0033,Shorts,XL,71,710,N,2/19/2023
SKU-PAN-0034,Pants,S,30,150,N,2/19/2023
SKU-CRO-0035,Croptops,XXL,1,7.5,N,2/19/2023
SKU-SHI-0036,Shirts,M,86,999,N,2/19/2023
SKU-CRO-0037,Croptops,XS,68,255,N,2/19/2023
SKU-CRO-0038,Croptops,S,1,10,N,2/19/2023
SKU-SHO-0039,Shorts,L,61,366,N,2/19/2023
SKU-SHO-0040,Shorts,S,87,999,N,2/19/2023
SKU-TSH-0041,Tshirts,M,92,920,N,2/19/2023
SKU-CRO-0042,Croptops,XXL,73,312.9,N,2/19/2023
SKU-CRO-0043,Croptops,L,26,999,N,2/19/2023
SKU-JAC-0044,Jackets,L,78,390,N,2/19/2023
SKU-SHI-0045,Shirts,XXL,78,390,N,2/19/2023
SKU-JAC-0046,Jackets,XS,93,465,N,2/19/2023
SKU-PAN-0047,Pants,L,71,304.3,N,2/19/2023
SKU-CRO-0048,Croptops,XL,21,210,N,2/19/2023
SKU-TSH-0049,Tshirts,XL,96,720,N,2/19/2023
SKU-SHO-0050,Shorts,L,88,999,N,2/19/2023
SKU-SHI-0051,Shirts,XL,36,360,N,2/19/2023
SKU-SHI-0052,Shirts,XXL,46,460,N,2/19/2023
SKU-JAC-0053,Jackets,XXL,37,222,N,2/19/2023
SKU-SHI-0054,Shirts,XS,47,352.5,N,2/19/2023
SKU-JAC-0055,Jackets,S,88,999,N,2/19/2023
SKU-SHI-0001,Shirts,XS,0,0,N,2/26/2023
SKU-PAN-0002,Pants,XS,0,0,N,2/26/2023
SKU-SHI-0003,Shirts,XL,0,0,N,2/26/2023
SKU-TSH-0004,Tshirts,XXL,0,0,N,2/26/2023
SKU-CRO-0005,Croptops,M,0,0,N,2/26/2023
SKU-SHI-0006,Shirts,XXL,0,0,N,2/26/2023
SKU-CRO-0007,Croptops,XS,0,0,N,2/26/2023
SKU-PAN-0008,Pants,XL,0,0,N,2/26/2023
SKU-PAN-0009,Pants,XL,0,0,N,2/26/2023
SKU-TSH-0010,Tshirts,XS,0,0,N,2/26/2023
SKU-SHO-0011,Shorts,XXL,0,0,N,2/26/2023
SKU-TSH-0012,Tshirts,M,0,0,N,2/26/2023
SKU-SHI-0013,Shirts,M,0,0,N,2/26/2023
SKU-CRO-0014,Croptops,S,0,0,N,2/26/2023
SKU-SHI-0015,Shirts,XXL,15,45,N,2/26/2023
SKU-PAN-0016,Pants,XXL,3,12.9,N,2/26/2023
SKU-SHI-0017,Shirts,M,0,0,N,2/26/2023
SKU-PAN-0018,Pants,XL,28,120,N,2/26/2023
SKU-CRO-0019,Croptops,XL,0,0,N,2/26/2023
SKU-PAN-0020,Pants,XXL,1,3.8,N,2/26/2023
SKU-PAN-0021,Pants,L,4,17.1,N,2/26/2023
SKU-PAN-0022,Pants,XL,21,52.5,N,2/26/2023
SKU-SHO-0023,Shorts,XL,32,120,N,2/26/2023
SKU-SHI-0024,Shirts,XS,0,0,N,2/26/2023
SKU-JAC-0025,Jackets,XS,9,54,N,2/26/2023
SKU-PAN-0026,Pants,XXL,25,250,N,2/26/2023
SKU-JAC-0027,Jackets,XL,0,0,N,2/26/2023
SKU-PAN-0028,Pants,XS,25,107.1,N,2/26/2023
SKU-TSH-0029,Tshirts,XS,36,180,N,2/26/2023
SKU-CRO-0030,Croptops,L,4,17.1,N,2/26/2023
SKU-JAC-0031,Jackets,XL,0,0,N,2/26/2023
SKU-TSH-0032,Tshirts,XS,51,765,N,2/26/2023
SKU-SHO-0033,Shorts,XS,69,999,N,2/26/2023
SKU-PAN-0034,Pants,S,30,300,N,2/26/2023
SKU-CRO-0035,Croptops,M,0,0,N,2/26/2023
SKU-SHI-0036,Shirts,XS,84,999,N,2/26/2023
SKU-CRO-0037,Croptops,S,68,340,N,2/26/2023
SKU-CRO-0038,Croptops,XL,0,0,N,2/26/2023
SKU-SHO-0039,Shorts,M,61,610,N,2/26/2023
SKU-SHO-0040,Shorts,L,86,999,N,2/26/2023
SKU-TSH-0041,Tshirts,XXL,92,920,N,2/26/2023
SKU-CRO-0042,Croptops,XS,73,438,N,2/26/2023
SKU-CRO-0043,Croptops,XS,24,360,N,2/26/2023
SKU-JAC-0044,Jackets,L,75,250,N,2/26/2023
SKU-SHI-0045,Shirts,XXL,77,385,N,2/26/2023
SKU-JAC-0046,Jackets,L,93,697.5,N,2/26/2023
SKU-PAN-0047,Pants,M,71,532.5,N,2/26/2023
SKU-CRO-0048,Croptops,XXL,20,150,N,2/26/2023
SKU-TSH-0049,Tshirts,L,94,564,N,2/26/2023
SKU-SHO-0050,Shorts,M,88,999,N,2/26/2023
SKU-SHI-0051,Shirts,XL,34,255,N,2/26/2023
SKU-SHI-0052,Shirts,XL,42,180,N,2/26/2023
SKU-JAC-0053,Jackets,S,36,270,N,2/26/2023
SKU-SHI-0054,Shirts,XS,47,352.5,N,2/26/2023
SKU-JAC-0055,Jackets,M,88,999,N,2/26/2023
SKU-SHI-0001,Shirts,XXL,0,0,N,3/5/2023
SKU-PAN-0002,Pants,XL,0,0,N,3/5/2023
SKU-SHI-0003,Shirts,XXL,0,0,N,3/5/2023
SKU-TSH-0004,Tshirts,M,0,0,N,3/5/2023
SKU-CRO-0005,Croptops,L,0,0,N,3/5/2023
SKU-SHI-0006,Shirts,S,0,0,N,3/5/2023
SKU-CRO-0007,Croptops,XS,0,0,N,3/5/2023
SKU-PAN-0008,Pants,XXL,0,0,N,3/5/2023
SKU-PAN-0009,Pants,XXL,0,0,N,3/5/2023
SKU-TSH-0010,Tshirts,L,0,0,N,3/5/2023
SKU-SHO-0011,Shorts,XXL,0,0,N,3/5/2023
SKU-TSH-0012,Tshirts,XXL,0,0,N,3/5/2023
SKU-SHI-0013,Shirts,M,0,0,N,3/5/2023
SKU-CRO-0014,Croptops,S,0,0,N,3/5/2023
SKU-SHI-0015,Shirts,XS,8,15,N,3/5/2023
SKU-PAN-0016,Pants,M,0,0,N,3/5/2023
SKU-SHI-0017,Shirts,XXL,0,0,N,3/5/2023
SKU-PAN-0018,Pants,M,28,140,N,3/5/2023
SKU-CRO-0019,Croptops,M,0,0,N,3/5/2023
SKU-PAN-0020,Pants,XL,1,7.5,N,3/5/2023
SKU-PAN-0021,Pants,XS,3,22.5,N,3/5/2023
SKU-PAN-0022,Pants,XXL,19,43.8,N,3/5/2023
SKU-SHO-0023,Shorts,XS,31,132.9,N,3/5/2023
SKU-SHI-0024,Shirts,L,0,0,N,3/5/2023
SKU-JAC-0025,Jackets,XXL,9,67.5,N,3/5/2023
SKU-PAN-0026,Pants,M,24,180,N,3/5/2023
SKU-JAC-0027,Jackets,XL,0,0,N,3/5/2023
SKU-PAN-0028,Pants,XXL,24,102.9,N,3/5/2023
SKU-TSH-0029,Tshirts,XS,34,145.7,N,3/5/2023
SKU-CRO-0030,Croptops,XS,3,11.2,N,3/5/2023
SKU-JAC-0031,Jackets,XXL,0,0,N,3/5/2023
SKU-TSH-0032,Tshirts,XS,50,500,N,3/5/2023
SKU-SHO-0033,Shorts,L,69,999,N,3/5/2023
SKU-PAN-0034,Pants,L,30,300,N,3/5/2023
SKU-CRO-0035,Croptops,XS,0,0,N,3/5/2023
SKU-SHI-0036,Shirts,XXL,83,830,N,3/5/2023
SKU-CRO-0037,Croptops,XL,68,999,N,3/5/2023
SKU-CRO-0038,Croptops,M,0,0,N,3/5/2023
SKU-SHO-0039,Shorts,XXL,61,610,N,3/5/2023
SKU-SHO-0040,Shorts,XL,86,999,N,3/5/2023
SKU-TSH-0041,Tshirts,M,92,999,N,3/5/2023
SKU-CRO-0042,Croptops,XL,72,999,N,3/5/2023
SKU-CRO-0043,Croptops,XL,23,230,N,3/5/2023
SKU-JAC-0044,Jackets,XXL,74,444,N,3/5/2023
SKU-SHI-0045,Shirts,M,76,999,N,3/5/2023
SKU-JAC-0046,Jackets,XS,91,455,N,3/5/2023
SKU-PAN-0047,Pants,XL,71,999,N,3/5/2023
SKU-CRO-0048,Croptops,M,19,114,N,3/5/2023
SKU-TSH-0049,Tshirts,XS,92,552,N,3/5/2023
SKU-SHO-0050,Shorts,S,86,860,N,3/5/2023
SKU-SHI-0051,Shirts,XL,33,247.5,N,3/5/2023
SKU-SHI-0052,Shirts,XL,42,210,N,3/5/2023
SKU-JAC-0053,Jackets,S,35,350,N,3/5/2023
SKU-SHI-0054,Shirts,L,46,276,N,3/5/2023
SKU-JAC-0055,Jackets,L,88,999,N,3/5/2023
SKU-SHI-0001,Shirts,L,0,0,N,3/12/2023
SKU-PAN-0002,Pants,S,0,0,N,3/12/2023
SKU-SHI-0003,Shirts,XL,0,0,N,3/12/2023
SKU-TSH-0004,Tshirts,L,0,0,N,3/12/2023
SKU-CRO-0005,Croptops,XL,0,0,N,3/12/2023
SKU-SHI-0006,Shirts,S,0,0,N,3/12/2023
SKU-CRO-0007,Croptops,S,0,0,N,3/12/2023
SKU-PAN-0008,Pants,XS,0,0,N,3/12/2023
SKU-PAN-0009,Pants,XS,0,0,N,3/12/2023
SKU-TSH-0010,Tshirts,L,0,0,N,3/12/2023
SKU-SHO-0011,Shorts,L,0,0,N,3/12/2023
SKU-TSH-0012,Tshirts,L,0,0,N,3/12/2023
SKU-SHI-0013,Shirts,L,0,0,N,3/12/2023
SKU-CRO-0014,Croptops,XXL,0,0,N,3/12/2023
SKU-SHI-0015,Shirts,L,8,17.1,N,3/12/2023
SKU-PAN-0016,Pants,L,0,0,N,3/12/2023
SKU-SHI-0017,Shirts,L,0,0,N,3/12/2023
SKU-PAN-0018,Pants,L,26,111.4,N,3/12/2023
SKU-CRO-0019,Croptops,XXL,0,0,N,3/12/2023
SKU-PAN-0020,Pants,S,0,0,N,3/12/2023
SKU-PAN-0021,Pants,XS,0,0,N,3/12/2023
SKU-PAN-0022,Pants,XL,16,34.3,N,3/12/2023
SKU-SHO-0023,Shorts,L,30,150,N,3/12/2023
SKU-SHI-0024,Shirts,S,0,0,N,3/12/2023
SKU-JAC-0025,Jackets,XS,7,42,N,3/12/2023
SKU-PAN-0026,Pants,M,23,172.5,N,3/12/2023
SKU-JAC-0027,Jackets,XL,0,0,N,3/12/2023
SKU-PAN-0028,Pants,M,23,86.2,N,3/12/2023
SKU-TSH-0029,Tshirts,S,33,141.4,N,3/12/2023
SKU-CRO-0030,Croptops,S,1,3.3,N,3/12/2023
SKU-JAC-0031,Jackets,XL,0,0,N,3/12/2023
SKU-TSH-0032,Tshirts,XS,50,750,N,3/12/2023
SKU-SHO-0033,Shorts,XXL,68,680,N,3/12/2023
SKU-PAN-0034,Pants,L,30,300,N,3/12/2023
SKU-CRO-0035,Croptops,XS,0,0,N,3/12/2023
SKU-SHI-0036,Shirts,XL,80,400,N,3/12/2023
SKU-CRO-0037,Croptops,S,68,999,N,3/12/2023
SKU-CRO-0038,Croptops,S,0,0,N,3/12/2023
SKU-SHO-0039,Shorts,XL,59,590,N,3/12/2023
SKU-SHO-0040,Shorts,XS,86,999,N,3/12/2023
SKU-TSH-0041,Tshirts,L,91,999,N,3/12/2023
SKU-CRO-0042,Croptops,XS,71,999,N,3/12/2023
SKU-CRO-0043,Croptops,M,22,165,N,3/12/2023
SKU-JAC-0044,Jackets,M,74,444,N,3/12/2023
SKU-SHI-0045,Shirts,S,73,438,N,3/12/2023
SKU-JAC-0046,Jackets,XXL,90,675,N,3/12/2023
SKU-PAN-0047,Pants,XS,71,999,N,3/12/2023
SKU-CRO-0048,Croptops,XXL,16,68.6,N,3/12/2023
SKU-TSH-0049,Tshirts,XL,90,385.7,N,3/12/2023
SKU-SHO-0050,Shorts,L,86,860,N,3/12/2023
SKU-SHI-0051,Shirts,L,32,192,N,3/12/2023
SKU-SHI-0052,Shirts,S,42,252,N,3/12/2023
SKU-JAC-0053,Jackets,XS,34,340,N,3/12/2023
SKU-SHI-0054,Shirts,M,46,460,N,3/12/2023
SKU-JAC-0055,Jackets,XS,88,999,N,3/12/2023
SKU-SHI-0001,Shirts,XL,0,0,N,3/19/2023
SKU-PAN-0002,Pants,XL,0,0,N,3/19/2023
SKU-SHI-0003,Shirts,L,0,0,N,3/19/2023
SKU-TSH-0004,Tshirts,XL,0,0,N,3/19/2023
SKU-CRO-0005,Croptops,L,0,0,N,3/19/2023
SKU-SHI-0006,Shirts,S,0,0,N,3/19/2023
SKU-CRO-0007,Croptops,M,0,0,N,3/19/2023
SKU-PAN-0008,Pants,S,0,0,N,3/19/2023
SKU-PAN-0009,Pants,M,0,0,N,3/19/2023
SKU-TSH-0010,Tshirts,XL,0,0,N,3/19/2023
SKU-SHO-0011,Shorts,M,0,0,N,3/19/2023
SKU-TSH-0012,Tshirts,XXL,0,0,N,3/19/2023
SKU-SHI-0013,Shirts,S,0,0,N,3/19/2023
SKU-CRO-0014,Croptops,XL,0,0,N,3/19/2023
SKU-SHI-0015,Shirts,S,7,17.5,N,3/19/2023
SKU-PAN-0016,Pants,XS,0,0,N,3/19/2023
SKU-SHI-0017,Shirts,S,0,0,N,3/19/2023
SKU-PAN-0018,Pants,XS,21,63,N,3/19/2023
SKU-CRO-0019,Croptops,XXL,0,0,N,3/19/2023
SKU-PAN-0020,Pants,L,0,0,N,3/19/2023
SKU-PAN-0021,Pants,L,0,0,N,3/19/2023
SKU-PAN-0022,Pants,S,16,43.6,N,3/19/2023
SKU-SHO-0023,Shorts,XXL,26,111.4,N,3/19/2023
SKU-SHI-0024,Shirts,L,0,0,N,3/19/2023
SKU-JAC-0025,Jackets,M,6,36,N,3/19/2023
SKU-PAN-0026,Pants,L,21,157.5,N,3/19/2023
SKU-JAC-0027,Jackets,S,0,0,N,3/19/2023
SKU-PAN-0028,Pants,M,23,138,N,3/19/2023
SKU-TSH-0029,Tshirts,M,32,160,N,3/19/2023
SKU-CRO-0030,Croptops,L,1,4.3,N,3/19/2023
SKU-JAC-0031,Jackets,M,0,0,N,3/19/2023
SKU-TSH-0032,Tshirts,XS,49,490,N,3/19/2023
SKU-SHO-0033,Shorts,XXL,66,396,N,3/19/2023
SKU-PAN-0034,Pants,XL,30,900,N,3/19/2023
SKU-CRO-0035,Croptops,XS,0,0,N,3/19/2023
SKU-SHI-0036,Shirts,M,78,292.5,N,3/19/2023
SKU-CRO-0037,Croptops,L,67,999,N,3/19/2023
SKU-CRO-0038,Croptops,XS,0,0,N,3/19/2023
SKU-SHO-0039,Shorts,S,59,590,N,3/19/2023
SKU-SHO-0040,Shorts,XS,86,999,N,3/19/2023
SKU-TSH-0041,Tshirts,XL,89,890,N,3/19/2023
SKU-CRO-0042,Croptops,XS,71,999,N,3/19/2023
SKU-CRO-0043,Croptops,XXL,21,126,N,3/19/2023
SKU-JAC-0044,Jackets,L,71,266.2,N,3/19/2023
SKU-SHI-0045,Shirts,XL,72,360,N,3/19/2023
SKU-JAC-0046,Jackets,S,90,900,N,3/19/2023
SKU-PAN-0047,Pants,XL,70,999,N,3/19/2023
SKU-CRO-0048,Croptops,S,15,64.3,N,3/19/2023
SKU-TSH-0049,Tshirts,XXL,90,450,N,3/19/2023
SKU-SHO-0050,Shorts,L,85,850,N,3/19/2023
SKU-SHI-0051,Shirts,M,31,186,N,3/19/2023
SKU-SHI-0052,Shirts,M,42,315,N,3/19/2023
SKU-JAC-0053,Jackets,XL,33,247.5,N,3/19/2023
SKU-SHI-0054,Shirts,M,44,440,N,3/19/2023
SKU-JAC-0055,Jackets,S,88,999,N,3/19/2023
SKU-SHI-0001,Shirts,XS,0,0,N,3/26/2023
SKU-PAN-0002,Pants,XL,0,0,N,3/26/2023
SKU-SHI-0003,Shirts,L,0,0,N,3/26/2023
SKU-TSH-0004,Tshirts,M,0,0,N,3/26/2023
SKU-CRO-0005,Croptops,XL,0,0,N,3/26/2023
SKU-SHI-0006,Shirts,XXL,0,0,N,3/26/2023
SKU-CRO-0007,Croptops,XXL,0,0,N,3/26/2023
SKU-PAN-0008,Pants,M,0,0,N,3/26/2023
SKU-PAN-0009,Pants,L,0,0,N,3/26/2023
SKU-TSH-0010,Tshirts,XS,0,0,N,3/26/2023
SKU-SHO-0011,Shorts,XS,0,0,N,3/26/2023
SKU-TSH-0012,Tshirts,XXL,0,0,N,3/26/2023
SKU-SHI-0013,Shirts,M,0,0,N,3/26/2023
SKU-CRO-0014,Croptops,S,0,0,N,3/26/2023
SKU-SHI-0015,Shirts,L,5,13.6,N,3/26/2023
SKU-PAN-0016,Pants,L,0,0,N,3/26/2023
SKU-SHI-0017,Shirts,S,0,0,N,3/26/2023
SKU-PAN-0018,Pants,M,20,75,N,3/26/2023
SKU-CRO-0019,Croptops,S,0,0,N,3/26/2023
SKU-PAN-0020,Pants,XS,0,0,N,3/26/2023
SKU-PAN-0021,Pants,XXL,0,0,N,3/26/2023
SKU-PAN-0022,Pants,XXL,11,33,N,3/26/2023
SKU-SHO-0023,Shorts,L,24,80,N,3/26/2023
SKU-SHI-0024,Shirts,S,0,0,N,3/26/2023
SKU-JAC-0025,Jackets,XXL,4,24,N,3/26/2023
SKU-PAN-0026,Pants,XL,20,120,N,3/26/2023
SKU-JAC-0027,Jackets,XXL,0,0,N,3/26/2023
SKU-PAN-0028,Pants,L,23,138,N,3/26/2023
SKU-TSH-0029,Tshirts,XL,30,150,N,3/26/2023
SKU-CRO-0030,Croptops,S,0,0,N,3/26/2023
SKU-JAC-0031,Jackets,XS,0,0,N,3/26/2023
SKU-TSH-0032,Tshirts,L,47,352.5,N,3/26/2023
SKU-SHO-0033,Shorts,XXL,65,390,N,3/26/2023
SKU-PAN-0034,Pants,S,28,420,N,3/26/2023
SKU-CRO-0035,Croptops,XXL,0,0,N,3/26/2023
SKU-SHI-0036,Shirts,XXL,78,390,N,3/26/2023
SKU-CRO-0037,Croptops,L,67,999,N,3/26/2023
SKU-CRO-0038,Croptops,XS,0,0,N,3/26/2023
SKU-SHO-0039,Shorts,M,59,885,N,3/26/2023
SKU-SHO-0040,Shorts,XS,85,999,N,3/26/2023
SKU-TSH-0041,Tshirts,M,87,522,N,3/26/2023
SKU-CRO-0042,Croptops,S,71,999,N,3/26/2023
SKU-CRO-0043,Croptops,XS,21,210,N,3/26/2023
SKU-JAC-0044,Jackets,M,71,532.5,N,3/26/2023
SKU-SHI-0045,Shirts,XL,71,304.3,N,3/26/2023
SKU-JAC-0046,Jackets,XXL,90,900,N,3/26/2023
SKU-PAN-0047,Pants,S,68,680,N,3/26/2023
SKU-CRO-0048,Croptops,XXL,15,90,N,3/26/2023
SKU-TSH-0049,Tshirts,XS,90,675,N,3/26/2023
SKU-SHO-0050,Shorts,M,85,850,N,3/26/2023
SKU-SHI-0051,Shirts,S,30,180,N,3/26/2023
SKU-SHI-0052,Shirts,M,42,630,N,3/26/2023
SKU-JAC-0053,Jackets,XXL,32,192,N,3/26/2023
SKU-SHI-0054,Shirts,S,44,440,N,3/26/2023
SKU-JAC-0055,Jackets,M,88,999,N,3/26/2023
SKU-SHI-0001,Shirts,M,0,0,N,4/2/2023
SKU-PAN-0002,Pants,S,0,0,N,4/2/2023
SKU-SHI-0003,Shirts,XL,0,0,N,4/2/2023
SKU-TSH-0004,Tshirts,L,0,0,N,4/2/2023
SKU-CRO-0005,Croptops,M,0,0,N,4/2/2023
SKU-SHI-0006,Shirts,M,0,0,N,4/2/2023
SKU-CRO-0007,Croptops,XXL,0,0,N,4/2/2023
SKU-PAN-0008,Pants,M,0,0,N,4/2/2023
SKU-PAN-0009,Pants,XXL,0,0,N,4/2/2023
SKU-TSH-0010,Tshirts,M,0,0,N,4/2/2023
SKU-SHO-0011,Shorts,S,0,0,N,4/2/2023
SKU-TSH-0012,Tshirts,XS,0,0,N,4/2/2023
SKU-SHI-0013,Shirts,XS,0,0,N,4/2/2023
SKU-CRO-0014,Croptops,XXL,0,0,N,4/2/2023
SKU-SHI-0015,Shirts,XXL,0,0,N,4/2/2023
SKU-PAN-0016,Pants,S,0,0,N,4/2/2023
SKU-SHI-0017,Shirts,XL,0,0,N,4/2/2023
SKU-PAN-0018,Pants,XXL,18,54,N,4/2/2023
SKU-CRO-0019,Croptops,S,0,0,N,4/2/2023
SKU-PAN-0020,Pants,XS,0,0,N,4/2/2023
SKU-PAN-0021,Pants,L,0,0,N,4/2/2023
SKU-PAN-0022,Pants,XS,10,30,N,4/2/2023
SKU-SHO-0023,Shorts,XXL,24,102.9,N,4/2/2023
SKU-SHI-0024,Shirts,XS,0,0,N,4/2/2023
SKU-JAC-0025,Jackets,XL,4,24,N,4/2/2023
SKU-PAN-0026,Pants,XXL,19,95,N,4/2/2023
SKU-JAC-0027,Jackets,M,0,0,N,4/2/2023
SKU-PAN-0028,Pants,XXL,22,220,N,4/2/2023
SKU-TSH-0029,Tshirts,M,28,140,N,4/2/2023
SKU-CRO-0030,Croptops,M,0,0,N,4/2/2023
SKU-JAC-0031,Jackets,S,0,0,N,4/2/2023
SKU-TSH-0032,Tshirts,L,46,345,N,4/2/2023
SKU-SHO-0033,Shorts,L,63,315,N,4/2/2023
SKU-PAN-0034,Pants,L,28,420,N,4/2/2023
SKU-CRO-0035,Croptops,XS,0,0,N,4/2/2023
SKU-SHI-0036,Shirts,L,78,468,N,4/2/2023
SKU-CRO-0037,Croptops,XS,67,999,N,4/2/2023
SKU-CRO-0038,Croptops,XXL,0,0,N,4/2/2023
SKU-SHO-0039,Shorts,XS,59,885,N,4/2/2023
SKU-SHO-0040,Shorts,S,84,999,N,4/2/2023
SKU-TSH-0041,Tshirts,XL,85,364.3,N,4/2/2023
SKU-CRO-0042,Croptops,S,70,700,N,4/2/2023
SKU-CRO-0043,Croptops,M,21,210,N,4/2/2023
SKU-JAC-0044,Jackets,S,70,525,N,4/2/2023
SKU-SHI-0045,Shirts,M,71,426,N,4/2/2023
SKU-JAC-0046,Jackets,S,88,660,N,4/2/2023
SKU-PAN-0047,Pants,L,68,680,N,4/2/2023
SKU-CRO-0048,Croptops,M,13,65,N,4/2/2023
SKU-TSH-0049,Tshirts,XXL,90,900,N,4/2/2023
SKU-SHO-0050,Shorts,XS,85,999,N,4/2/2023
SKU-SHI-0051,Shirts,S,30,300,N,4/2/2023
SKU-SHI-0052,Shirts,XXL,41,999,N,4/2/2023
SKU-JAC-0053,Jackets,XS,31,232.5,N,4/2/2023
SKU-SHI-0054,Shirts,XXL,44,660,N,4/2/2023
SKU-JAC-0055,Jackets,M,87,999,N,4/2/2023
SKU-SHI-0001,Shirts,S,0,0,N,4/9/2023
SKU-PAN-0002,Pants,XS,0,0,N,4/9/2023
SKU-SHI-0003,Shirts,XS,0,0,N,4/9/2023
SKU-TSH-0004,Tshirts,XXL,0,0,N,4/9/2023
SKU-CRO-0005,Croptops,S,0,0,N,4/9/2023
SKU-SHI-0006,Shirts,S,0,0,N,4/9/2023
SKU-CRO-0007,Croptops,XL,0,0,N,4/9/2023
SKU-PAN-0008,Pants,XS,0,0,N,4/9/2023
SKU-PAN-0009,Pants,XL,0,0,N,4/9/2023
SKU-TSH-0010,Tshirts,XS,0,0,N,4/9/2023
SKU-SHO-0011,Shorts,M,0,0,N,4/9/2023
SKU-TSH-0012,Tshirts,L,0,0,N,4/9/2023
SKU-SHI-0013,Shirts,XL,0,0,N,4/9/2023
SKU-CRO-0014,Croptops,XS,0,0,N,4/9/2023
SKU-SHI-0015,Shirts,S,0,0,N,4/9/2023
SKU-PAN-0016,Pants,S,0,0,N,4/9/2023
SKU-SHI-0017,Shirts,XL,0,0,N,4/9/2023
SKU-PAN-0018,Pants,XL,12,25.7,N,4/9/2023
SKU-CRO-0019,Croptops,M,0,0,N,4/9/2023
SKU-PAN-0020,Pants,XS,0,0,N,4/9/2023
SKU-PAN-0021,Pants,XXL,0,0,N,4/9/2023
SKU-PAN-0022,Pants,XL,8,26.7,N,4/9/2023
SKU-SHO-0023,Shorts,XS,23,98.6,N,4/9/2023
SKU-SHI-0024,Shirts,XXL,0,0,N,4/9/2023
SKU-JAC-0025,Jackets,L,0,0,N,4/9/2023
SKU-PAN-0026,Pants,XXL,19,142.5,N,4/9/2023
SKU-JAC-0027,Jackets,XXL,0,0,N,4/9/2023
SKU-PAN-0028,Pants,L,22,660,N,4/9/2023
SKU-TSH-0029,Tshirts,M,26,111.4,N,4/9/2023
SKU-CRO-0030,Croptops,M,0,0,N,4/9/2023
SKU-JAC-0031,Jackets,S,0,0,N,4/9/2023
SKU-TSH-0032,Tshirts,XL,44,220,N,4/9/2023
SKU-SHO-0033,Shorts,XXL,62,310,N,4/9/2023
SKU-PAN-0034,Pants,XXL,28,420,N,4/9/2023
SKU-CRO-0035,Croptops,XXL,0,0,N,4/9/2023
SKU-SHI-0036,Shirts,S,75,375,N,4/9/2023
SKU-CRO-0037,Croptops,M,66,990,N,4/9/2023
SKU-CRO-0038,Croptops,XL,0,0,N,4/9/2023
SKU-SHO-0039,Shorts,XS,57,570,N,4/9/2023
SKU-SHO-0040,Shorts,S,83,830,N,4/9/2023
SKU-TSH-0041,Tshirts,XXL,85,364.3,N,4/9/2023
SKU-CRO-0042,Croptops,M,67,502.5,N,4/9/2023
SKU-CRO-0043,Croptops,XS,21,630,N,4/9/2023
SKU-JAC-0044,Jackets,S,68,340,N,4/9/2023
SKU-SHI-0045,Shirts,XS,71,999,N,4/9/2023
SKU-JAC-0046,Jackets,XL,87,870,N,4/9/2023
SKU-PAN-0047,Pants,XXL,67,502.5,N,4/9/2023
SKU-CRO-0048,Croptops,L,12,60,N,4/9/2023
SKU-TSH-0049,Tshirts,XS,89,999,N,4/9/2023
SKU-SHO-0050,Shorts,L,84,999,N,4/9/2023
SKU-SHI-0051,Shirts,XXL,29,290,N,4/9/2023
SKU-SHI-0052,Shirts,M,41,999,N,4/9/2023
SKU-JAC-0053,Jackets,XS,29,174,N,4/9/2023
SKU-SHI-0054,Shirts,S,43,430,N,4/9/2023
SKU-JAC-0055,Jackets,XS,86,999,N,4/9/2023
SKU-SHI-0001,Shirts,L,0,0,N,4/16/2023
SKU-PAN-0002,Pants,M,0,0,N,4/16/2023
SKU-SHI-0003,Shirts,XXL,0,0,N,4/16/2023
SKU-TSH-0004,Tshirts,XL,0,0,N,4/16/2023
SKU-CRO-0005,Croptops,S,0,0,N,4/16/2023
SKU-SHI-0006,Shirts,M,0,0,N,4/16/2023
SKU-CRO-0007,Croptops,XS,0,0,N,4/16/2023
SKU-PAN-0008,Pants,L,0,0,N,4/16/2023
SKU-PAN-0009,Pants,M,0,0,N,4/16/2023
SKU-TSH-0010,Tshirts,XXL,0,0,N,4/16/2023
SKU-SHO-0011,Shorts,XXL,0,0,N,4/16/2023
SKU-TSH-0012,Tshirts,XS,0,0,N,4/16/2023
SKU-SHI-0013,Shirts,XL,0,0,N,4/16/2023
SKU-CRO-0014,Croptops,XS,0,0,N,4/16/2023
SKU-SHI-0015,Shirts,S,0,0,N,4/16/2023
SKU-PAN-0016,Pants,XS,0,0,N,4/16/2023
SKU-SHI-0017,Shirts,XL,0,0,N,4/16/2023
SKU-PAN-0018,Pants,M,9,20.8,N,4/16/2023
SKU-CRO-0019,Croptops,M,0,0,N,4/16/2023
SKU-PAN-0020,Pants,L,0,0,N,4/16/2023
SKU-PAN-0021,Pants,XL,0,0,N,4/16/2023
SKU-PAN-0022,Pants,S,4,10,N,4/16/2023
SKU-SHO-0023,Shorts,XXL,20,100,N,4/16/2023
SKU-SHI-0024,Shirts,S,0,0,N,4/16/2023
SKU-JAC-0025,Jackets,XS,0,0,N,4/16/2023
SKU-PAN-0026,Pants,XS,17,102,N,4/16/2023
SKU-JAC-0027,Jackets,L,0,0,N,4/16/2023
SKU-PAN-0028,Pants,XL,20,200,N,4/16/2023
SKU-TSH-0029,Tshirts,L,24,90,N,4/16/2023
SKU-CRO-0030,Croptops,L,0,0,N,4/16/2023
SKU-JAC-0031,Jackets,S,0,0,N,4/16/2023
SKU-TSH-0032,Tshirts,M,44,264,N,4/16/2023
SKU-SHO-0033,Shorts,XXL,61,366,N,4/16/2023
SKU-PAN-0034,Pants,M,27,270,N,4/16/2023
SKU-CRO-0035,Croptops,M,0,0,N,4/16/2023
SKU-SHI-0036,Shirts,S,73,438,N,4/16/2023
SKU-CRO-0037,Croptops,XL,66,990,N,4/16/2023
SKU-CRO-0038,Croptops,S,0,0,N,4/16/2023
SKU-SHO-0039,Shorts,M,57,855,N,4/16/2023
SKU-SHO-0040,Shorts,L,81,486,N,4/16/2023
SKU-TSH-0041,Tshirts,S,84,420,N,4/16/2023
SKU-CRO-0042,Croptops,XXL,67,502.5,N,4/16/2023
SKU-CRO-0043,Croptops,L,19,285,N,4/16/2023
SKU-JAC-0044,Jackets,XXL,68,680,N,4/16/2023
SKU-SHI-0045,Shirts,XXL,68,510,N,4/16/2023
SKU-JAC-0046,Jackets,XXL,86,645,N,4/16/2023
SKU-PAN-0047,Pants,XS,66,495,N,4/16/2023
SKU-CRO-0048,Croptops,M,11,66,N,4/16/2023
SKU-TSH-0049,Tshirts,XS,89,999,N,4/16/2023
SKU-SHO-0050,Shorts,XS,82,615,N,4/16/2023
SKU-SHI-0051,Shirts,XXL,29,435,N,4/16/2023
SKU-SHI-0052,Shirts,M,41,999,N,4/16/2023
SKU-JAC-0053,Jackets,XS,28,140,N,4/16/2023
SKU-SHI-0054,Shirts,XS,42,630,N,4/16/2023
SKU-JAC-0055,Jackets,XS,86,999,N,4/16/2023
SKU-SHI-0001,Shirts,L,0,0,N,4/23/2023
SKU-PAN-0002,Pants,XS,0,0,N,4/23/2023
SKU-SHI-0003,Shirts,XXL,0,0,N,4/23/2023
SKU-TSH-0004,Tshirts,XS,0,0,N,4/23/2023
SKU-CRO-0005,Croptops,S,0,0,N,4/23/2023
SKU-SHI-0006,Shirts,XL,0,0,N,4/23/2023
SKU-CRO-0007,Croptops,XXL,0,0,N,4/23/2023
SKU-PAN-0008,Pants,XS,0,0,N,4/23/2023
SKU-PAN-0009,Pants,XL,0,0,N,4/23/2023
SKU-TSH-0010,Tshirts,S,0,0,N,4/23/2023
SKU-SHO-0011,Shorts,XXL,0,0,N,4/23/2023
SKU-TSH-0012,Tshirts,XS,0,0,N,4/23/2023
SKU-SHI-0013,Shirts,M,0,0,N,4/23/2023
SKU-CRO-0014,Croptops,XL,0,0,N,4/23/2023
SKU-SHI-0015,Shirts,M,0,0,N,4/23/2023
SKU-PAN-0016,Pants,XS,0,0,N,4/23/2023
SKU-SHI-0017,Shirts,M,0,0,N,4/23/2023
SKU-PAN-0018,Pants,XS,8,18.5,N,4/23/2023
SKU-CRO-0019,Croptops,M,0,0,N,4/23/2023
SKU-PAN-0020,Pants,XL,0,0,N,4/23/2023
SKU-PAN-0021,Pants,M,0,0,N,4/23/2023
SKU-PAN-0022,Pants,L,0,0,N,4/23/2023
SKU-SHO-0023,Shorts,XXL,18,90,N,4/23/2023
SKU-SHI-0024,Shirts,L,0,0,N,4/23/2023
SKU-JAC-0025,Jackets,M,0,0,N,4/23/2023
SKU-PAN-0026,Pants,L,16,120,N,4/23/2023
SKU-JAC-0027,Jackets,L,0,0,N,4/23/2023
SKU-PAN-0028,Pants,XL,19,142.5,N,4/23/2023
SKU-TSH-0029,Tshirts,S,23,86.2,N,4/23/2023
SKU-CRO-0030,Croptops,S,0,0,N,4/23/2023
SKU-JAC-0031,Jackets,M,0,0,N,4/23/2023
SKU-TSH-0032,Tshirts,XXL,43,258,N,4/23/2023
SKU-SHO-0033,Shorts,XL,60,360,N,4/23/2023
SKU-PAN-0034,Pants,XXL,26,390,N,4/23/2023
SKU-CRO-0035,Croptops,L,0,0,N,4/23/2023
SKU-SHI-0036,Shirts,XL,73,438,N,4/23/2023
SKU-CRO-0037,Croptops,XL,66,999,N,4/23/2023
SKU-CRO-0038,Croptops,L,0,0,N,4/23/2023
SKU-SHO-0039,Shorts,S,57,855,N,4/23/2023
SKU-SHO-0040,Shorts,XXL,77,288.8,N,4/23/2023
SKU-TSH-0041,Tshirts,L,84,630,N,4/23/2023
SKU-CRO-0042,Croptops,S,66,396,N,4/23/2023
SKU-CRO-0043,Croptops,M,18,180,N,4/23/2023
SKU-JAC-0044,Jackets,L,66,396,N,4/23/2023
SKU-SHI-0045,Shirts,L,67,502.5,N,4/23/2023
SKU-JAC-0046,Jackets,XXL,85,510,N,4/23/2023
SKU-PAN-0047,Pants,XXL,64,480,N,4/23/2023
SKU-CRO-0048,Croptops,XXL,10,60,N,4/23/2023
SKU-TSH-0049,Tshirts,M,89,999,N,4/23/2023
SKU-SHO-0050,Shorts,XS,81,607.5,N,4/23/2023
SKU-SHI-0051,Shirts,XXL,28,280,N,4/23/2023
SKU-SHI-0052,Shirts,XXL,40,600,N,4/23/2023
SKU-JAC-0053,Jackets,S,27,135,N,4/23/2023
SKU-SHI-0054,Shirts,XL,41,410,N,4/23/2023
SKU-JAC-0055,Jackets,M,85,850,N,4/23/2023
SKU-SHI-0001,Shirts,XS,0,0,N,4/30/2023
SKU-PAN-0002,Pants,XL,0,0,N,4/30/2023
SKU-SHI-0003,Shirts,XL,0,0,N,4/30/2023
SKU-TSH-0004,Tshirts,XS,0,0,N,4/30/2023
SKU-CRO-0005,Croptops,XXL,0,0,N,4/30/2023
SKU-SHI-0006,Shirts,XXL,0,0,N,4/30/2023
SKU-CRO-0007,Croptops,L,0,0,N,4/30/2023
SKU-PAN-0008,Pants,M,0,0,N,4/30/2023
SKU-PAN-0009,Pants,L,0,0,N,4/30/2023
SKU-TSH-0010,Tshirts,XXL,0,0,N,4/30/2023
SKU-SHO-0011,Shorts,S,0,0,N,4/30/2023
SKU-TSH-0012,Tshirts,XS,0,0,N,4/30/2023
SKU-SHI-0013,Shirts,XS,0,0,N,4/30/2023
SKU-CRO-0014,Croptops,XS,0,0,N,4/30/2023
SKU-SHI-0015,Shirts,XS,0,0,N,4/30/2023
SKU-PAN-0016,Pants,XL,0,0,N,4/30/2023
SKU-SHI-0017,Shirts,XL,0,0,N,4/30/2023
SKU-PAN-0018,Pants,XXL,7,19.1,N,4/30/2023
SKU-CRO-0019,Croptops,XXL,0,0,N,4/30/2023
SKU-PAN-0020,Pants,XXL,0,0,N,4/30/2023
SKU-PAN-0021,Pants,L,0,0,N,4/30/2023
SKU-PAN-0022,Pants,L,0,0,N,4/30/2023
SKU-SHO-0023,Shorts,M,15,50,N,4/30/2023
SKU-SHI-0024,Shirts,L,0,0,N,4/30/2023
SKU-JAC-0025,Jackets,XL,0,0,N,4/30/2023
SKU-PAN-0026,Pants,XL,15,112.5,N,4/30/2023
SKU-JAC-0027,Jackets,XL,0,0,N,4/30/2023
SKU-PAN-0028,Pants,XXL,15,56.2,N,4/30/2023
SKU-TSH-0029,Tshirts,L,19,57,N,4/30/2023
SKU-CRO-0030,Croptops,S,0,0,N,4/30/2023
SKU-JAC-0031,Jackets,M,0,0,N,4/30/2023
SKU-TSH-0032,Tshirts,XXL,41,246,N,4/30/2023
SKU-SHO-0033,Shorts,XS,56,240,N,4/30/2023
SKU-PAN-0034,Pants,XS,24,180,N,4/30/2023
SKU-CRO-0035,Croptops,M,0,0,N,4/30/2023
SKU-SHI-0036,Shirts,S,71,304.3,N,4/30/2023
SKU-CRO-0037,Croptops,XS,63,472.5,N,4/30/2023
SKU-CRO-0038,Croptops,XXL,0,0,N,4/30/2023
SKU-SHO-0039,Shorts,M,57,855,N,4/30/2023
SKU-SHO-0040,Shorts,XXL,76,285,N,4/30/2023
SKU-TSH-0041,Tshirts,L,84,840,N,4/30/2023
SKU-CRO-0042,Croptops,XXL,66,396,N,4/30/2023
SKU-CRO-0043,Croptops,XXL,17,127.5,N,4/30/2023
SKU-JAC-0044,Jackets,XL,65,325,N,4/30/2023
SKU-SHI-0045,Shirts,S,66,396,N,4/30/2023
SKU-JAC-0046,Jackets,XS,85,510,N,4/30/2023
SKU-PAN-0047,Pants,S,63,378,N,4/30/2023
SKU-CRO-0048,Croptops,XXL,9,67.5,N,4/30/2023
SKU-TSH-0049,Tshirts,M,88,999,N,4/30/2023
SKU-SHO-0050,Shorts,S,80,480,N,4/30/2023
SKU-SHI-0051,Shirts,XXL,26,195,N,4/30/2023
SKU-SHI-0052,Shirts,S,40,999,N,4/30/2023
SKU-JAC-0053,Jackets,XS,27,162,N,4/30/2023
SKU-SHI-0054,Shirts,L,41,410,N,4/30/2023
SKU-JAC-0055,Jackets,L,85,850,N,4/30/2023
SKU-SHI-0001,Shirts,L,0,0,N,5/7/2023
SKU-PAN-0002,Pants,XS,0,0,N,5/7/2023
SKU-SHI-0003,Shirts,XXL,0,0,N,5/7/2023
SKU-TSH-0004,Tshirts,XXL,0,0,N,5/7/2023
SKU-CRO-0005,Croptops,L,0,0,N,5/7/2023
SKU-SHI-0006,Shirts,XS,0,0,N,5/7/2023
SKU-CRO-0007,Croptops,L,0,0,N,5/7/2023
SKU-PAN-0008,Pants,S,0,0,N,5/7/2023
SKU-PAN-0009,Pants,L,0,0,N,5/7/2023
SKU-TSH-0010,Tshirts,XXL,0,0,N,5/7/2023
SKU-SHO-0011,Shorts,M,0,0,N,5/7/2023
SKU-TSH-0012,Tshirts,XL,0,0,N,5/7/2023
SKU-SHI-0013,Shirts,M,0,0,N,5/7/2023
SKU-CRO-0014,Croptops,L,0,0,N,5/7/2023
SKU-SHI-0015,Shirts,L,0,0,N,5/7/2023
SKU-PAN-0016,Pants,XXL,0,0,N,5/7/2023
SKU-SHI-0017,Shirts,L,0,0,N,5/7/2023
SKU-PAN-0018,Pants,XL,7,35,N,5/7/2023
SKU-CRO-0019,Croptops,M,0,0,N,5/7/2023
SKU-PAN-0020,Pants,XL,0,0,N,5/7/2023
SKU-PAN-0021,Pants,XS,0,0,N,5/7/2023
SKU-PAN-0022,Pants,M,0,0,N,5/7/2023
SKU-SHO-0023,Shorts,M,14,46.7,N,5/7/2023
SKU-SHI-0024,Shirts,S,0,0,N,5/7/2023
SKU-JAC-0025,Jackets,XXL,0,0,N,5/7/2023
SKU-PAN-0026,Pants,XL,15,112.5,N,5/7/2023
SKU-JAC-0027,Jackets,M,0,0,N,5/7/2023
SKU-PAN-0028,Pants,L,14,52.5,N,5/7/2023
SKU-TSH-0029,Tshirts,M,18,54,N,5/7/2023
SKU-CRO-0030,Croptops,XL,0,0,N,5/7/2023
SKU-JAC-0031,Jackets,XL,0,0,N,5/7/2023
SKU-TSH-0032,Tshirts,XS,38,162.9,N,5/7/2023
SKU-SHO-0033,Shorts,M,56,240,N,5/7/2023
SKU-PAN-0034,Pants,S,24,180,N,5/7/2023
SKU-CRO-0035,Croptops,XL,0,0,N,5/7/2023
SKU-SHI-0036,Shirts,XS,71,426,N,5/7/2023
SKU-CRO-0037,Croptops,L,63,630,N,5/7/2023
SKU-CRO-0038,Croptops,XXL,0,0,N,5/7/2023
SKU-SHO-0039,Shorts,XXL,57,999,N,5/7/2023
SKU-SHO-0040,Shorts,XL,75,281.2,N,5/7/2023
SKU-TSH-0041,Tshirts,XXL,83,999,N,5/7/2023
SKU-CRO-0042,Croptops,M,66,990,N,5/7/2023
SKU-CRO-0043,Croptops,L,16,96,N,5/7/2023
SKU-JAC-0044,Jackets,XL,65,650,N,5/7/2023
SKU-SHI-0045,Shirts,S,66,396,N,5/7/2023
SKU-JAC-0046,Jackets,XXL,84,840,N,5/7/2023
SKU-PAN-0047,Pants,XXL,60,225,N,5/7/2023
SKU-CRO-0048,Croptops,XXL,9,90,N,5/7/2023
SKU-TSH-0049,Tshirts,L,88,999,N,5/7/2023
SKU-SHO-0050,Shorts,M,80,600,N,5/7/2023
SKU-SHI-0051,Shirts,XL,25,150,N,5/7/2023
SKU-SHI-0052,Shirts,XL,39,585,N,5/7/2023
SKU-JAC-0053,Jackets,L,27,270,N,5/7/2023
SKU-SHI-0054,Shirts,XL,40,400,N,5/7/2023
SKU-JAC-0055,Jackets,XXL,84,999,N,5/7/2023
SKU-SHI-0001,Shirts,XS,0,0,N,5/14/2023
SKU-PAN-0002,Pants,L,0,0,N,5/14/2023
SKU-SHI-0003,Shirts,S,0,0,N,5/14/2023
SKU-TSH-0004,Tshirts,XXL,0,0,N,5/14/2023
SKU-CRO-0005,Croptops,M,0,0,N,5/14/2023
SKU-SHI-0006,Shirts,XS,0,0,N,5/14/2023
SKU-CRO-0007,Croptops,XXL,0,0,N,5/14/2023
SKU-PAN-0008,Pants,XS,0,0,N,5/14/2023
SKU-PAN-0009,Pants,XL,0,0,N,5/14/2023
SKU-TSH-0010,Tshirts,L,0,0,N,5/14/2023
SKU-SHO-0011,Shorts,M,0,0,N,5/14/2023
SKU-TSH-0012,Tshirts,XXL,0,0,N,5/14/2023
SKU-SHI-0013,Shirts,XL,0,0,N,5/14/2023
SKU-CRO-0014,Croptops,XS,0,0,N,5/14/2023
SKU-SHI-0015,Shirts,XL,0,0,N,5/14/2023
SKU-PAN-0016,Pants,M,0,0,N,5/14/2023
SKU-SHI-0017,Shirts,S,0,0,N,5/14/2023
SKU-PAN-0018,Pants,L,4,20,N,5/14/2023
SKU-CRO-0019,Croptops,S,0,0,N,5/14/2023
SKU-PAN-0020,Pants,M,0,0,N,5/14/2023
SKU-PAN-0021,Pants,XXL,0,0,N,5/14/2023
SKU-PAN-0022,Pants,S,0,0,N,5/14/2023
SKU-SHO-0023,Shorts,S,12,40,N,5/14/2023
SKU-SHI-0024,Shirts,S,0,0,N,5/14/2023
SKU-JAC-0025,Jackets,M,0,0,N,5/14/2023
SKU-PAN-0026,Pants,XS,13,65,N,5/14/2023
SKU-JAC-0027,Jackets,S,0,0,N,5/14/2023
SKU-PAN-0028,Pants,XS,13,48.8,N,5/14/2023
SKU-TSH-0029,Tshirts,M,18,90,N,5/14/2023
SKU-CRO-0030,Croptops,L,0,0,N,5/14/2023
SKU-JAC-0031,Jackets,S,0,0,N,5/14/2023
SKU-TSH-0032,Tshirts,L,38,190,N,5/14/2023
SKU-SHO-0033,Shorts,XS,55,275,N,5/14/2023
SKU-PAN-0034,Pants,XL,24,240,N,5/14/2023
SKU-CRO-0035,Croptops,S,0,0,N,5/14/2023
SKU-SHI-0036,Shirts,XL,69,517.5,N,5/14/2023
SKU-CRO-0037,Croptops,S,63,630,N,5/14/2023
SKU-CRO-0038,Croptops,M,0,0,N,5/14/2023
SKU-SHO-0039,Shorts,XL,57,999,N,5/14/2023
SKU-SHO-0040,Shorts,M,74,246.7,N,5/14/2023
SKU-TSH-0041,Tshirts,S,83,999,N,5/14/2023
SKU-CRO-0042,Croptops,XXL,65,975,N,5/14/2023
SKU-CRO-0043,Croptops,L,16,160,N,5/14/2023
SKU-JAC-0044,Jackets,XS,64,480,N,5/14/2023
SKU-SHI-0045,Shirts,M,66,396,N,5/14/2023
SKU-JAC-0046,Jackets,M,84,999,N,5/14/2023
SKU-PAN-0047,Pants,XXL,60,300,N,5/14/2023
SKU-CRO-0048,Croptops,S,8,80,N,5/14/2023
SKU-TSH-0049,Tshirts,L,87,999,N,5/14/2023
SKU-SHO-0050,Shorts,S,80,800,N,5/14/2023
SKU-SHI-0051,Shirts,L,24,144,N,5/14/2023
SKU-SHI-0052,Shirts,M,38,380,N,5/14/2023
SKU-JAC-0053,Jackets,M,26,390,N,5/14/2023
SKU-SHI-0054,Shirts,L,40,400,N,5/14/2023
SKU-JAC-0055,Jackets,XXL,83,830,N,5/14/2023
SKU-SHI-0001,Shirts,XXL,0,0,N,5/21/2023
SKU-PAN-0002,Pants,S,0,0,N,5/21/2023
SKU-SHI-0003,Shirts,XL,0,0,N,5/21/2023
SKU-TSH-0004,Tshirts,L,0,0,N,5/21/2023
SKU-CRO-0005,Croptops,M,0,0,N,5/21/2023
SKU-SHI-0006,Shirts,XXL,0,0,N,5/21/2023
SKU-CRO-0007,Croptops,M,0,0,N,5/21/2023
SKU-PAN-0008,Pants,S,0,0,N,5/21/2023
SKU-PAN-0009,Pants,XL,0,0,N,5/21/2023
SKU-TSH-0010,Tshirts,S,0,0,N,5/21/2023
SKU-SHO-0011,Shorts,XXL,0,0,N,5/21/2023
SKU-TSH-0012,Tshirts,M,0,0,N,5/21/2023
SKU-SHI-0013,Shirts,M,0,0,N,5/21/2023
SKU-CRO-0014,Croptops,S,0,0,N,5/21/2023
SKU-SHI-0015,Shirts,XL,0,0,N,5/21/2023
SKU-PAN-0016,Pants,XS,0,0,N,5/21/2023
SKU-SHI-0017,Shirts,XXL,0,0,N,5/21/2023
SKU-PAN-0018,Pants,XXL,2,10,N,5/21/2023
SKU-CRO-0019,Croptops,XL,0,0,N,5/21/2023
SKU-PAN-0020,Pants,XS,0,0,N,5/21/2023
SKU-PAN-0021,Pants,S,0,0,N,5/21/2023
SKU-PAN-0022,Pants,XXL,0,0,N,5/21/2023
SKU-SHO-0023,Shorts,XXL,11,47.1,N,5/21/2023
SKU-SHI-0024,Shirts,XXL,0,0,N,5/21/2023
SKU-JAC-0025,Jackets,S,0,0,N,5/21/2023
SKU-PAN-0026,Pants,L,12,90,N,5/21/2023
SKU-JAC-0027,Jackets,XXL,0,0,N,5/21/2023
SKU-PAN-0028,Pants,XL,13,55.7,N,5/21/2023
SKU-TSH-0029,Tshirts,S,16,68.6,N,5/21/2023
SKU-CRO-0030,Croptops,M,0,0,N,5/21/2023
SKU-JAC-0031,Jackets,S,0,0,N,5/21/2023
SKU-TSH-0032,Tshirts,XXL,37,185,N,5/21/2023
SKU-SHO-0033,Shorts,L,54,231.4,N,5/21/2023
SKU-PAN-0034,Pants,S,24,240,N,5/21/2023
SKU-CRO-0035,Croptops,XL,0,0,N,5/21/2023
SKU-SHI-0036,Shirts,L,68,408,N,5/21/2023
SKU-CRO-0037,Croptops,XXL,63,630,N,5/21/2023
SKU-CRO-0038,Croptops,XS,0,0,N,5/21/2023
SKU-SHO-0039,Shorts,XS,57,999,N,5/21/2023
SKU-SHO-0040,Shorts,L,74,740,N,5/21/2023
SKU-TSH-0041,Tshirts,XXL,81,810,N,5/21/2023
SKU-CRO-0042,Croptops,XS,64,960,N,5/21/2023
SKU-CRO-0043,Croptops,XL,15,150,N,5/21/2023
SKU-JAC-0044,Jackets,XL,64,640,N,5/21/2023
SKU-SHI-0045,Shirts,XL,66,999,N,5/21/2023
SKU-JAC-0046,Jackets,L,84,999,N,5/21/2023
SKU-PAN-0047,Pants,L,60,450,N,5/21/2023
SKU-CRO-0048,Croptops,XS,8,120,N,5/21/2023
SKU-TSH-0049,Tshirts,XS,87,999,N,5/21/2023
SKU-SHO-0050,Shorts,XL,80,999,N,5/21/2023
SKU-SHI-0051,Shirts,XS,24,180,N,5/21/2023
SKU-SHI-0052,Shirts,XS,38,570,N,5/21/2023
SKU-JAC-0053,Jackets,XXL,25,375,N,5/21/2023
SKU-SHI-0054,Shirts,S,40,999,N,5/21/2023
SKU-JAC-0055,Jackets,XXL,83,999,N,5/21/2023
SKU-SHI-0001,Shirts,XXL,0,0,N,5/28/2023
SKU-PAN-0002,Pants,XS,0,0,N,5/28/2023
SKU-SHI-0003,Shirts,XXL,0,0,N,5/28/2023
SKU-TSH-0004,Tshirts,M,0,0,N,5/28/2023
SKU-CRO-0005,Croptops,M,0,0,N,5/28/2023
SKU-SHI-0006,Shirts,S,0,0,N,5/28/2023
SKU-CRO-0007,Croptops,XL,0,0,N,5/28/2023
SKU-PAN-0008,Pants,M,0,0,N,5/28/2023
SKU-PAN-0009,Pants,S,0,0,N,5/28/2023
SKU-TSH-0010,Tshirts,S,0,0,N,5/28/2023
SKU-SHO-0011,Shorts,S,0,0,N,5/28/2023
SKU-TSH-0012,Tshirts,S,0,0,N,5/28/2023
SKU-SHI-0013,Shirts,S,0,0,N,5/28/2023
SKU-CRO-0014,Croptops,XXL,0,0,N,5/28/2023
SKU-SHI-0015,Shirts,S,0,0,N,5/28/2023
SKU-PAN-0016,Pants,M,0,0,N,5/28/2023
SKU-SHI-0017,Shirts,S,0,0,N,5/28/2023
SKU-PAN-0018,Pants,XL,2,10,N,5/28/2023
SKU-CRO-0019,Croptops,XXL,0,0,N,5/28/2023
SKU-PAN-0020,Pants,M,0,0,N,5/28/2023
SKU-PAN-0021,Pants,XXL,0,0,N,5/28/2023
SKU-PAN-0022,Pants,XXL,0,0,N,5/28/2023
SKU-SHO-0023,Shorts,XS,10,50,N,5/28/2023
SKU-SHI-0024,Shirts,XXL,0,0,N,5/28/2023
SKU-JAC-0025,Jackets,M,0,0,N,5/28/2023
SKU-PAN-0026,Pants,L,10,50,N,5/28/2023
SKU-JAC-0027,Jackets,XS,0,0,N,5/28/2023
SKU-PAN-0028,Pants,XL,11,82.5,N,5/28/2023
SKU-TSH-0029,Tshirts,L,13,55.7,N,5/28/2023
SKU-CRO-0030,Croptops,S,0,0,N,5/28/2023
SKU-JAC-0031,Jackets,XS,0,0,N,5/28/2023
SKU-TSH-0032,Tshirts,M,36,180,N,5/28/2023
SKU-SHO-0033,Shorts,XXL,52,312,N,5/28/2023
SKU-PAN-0034,Pants,L,24,720,N,5/28/2023
SKU-CRO-0035,Croptops,XS,0,0,N,5/28/2023
SKU-SHI-0036,Shirts,M,67,502.5,N,5/28/2023
SKU-CRO-0037,Croptops,XL,63,999,N,5/28/2023
SKU-CRO-0038,Croptops,S,0,0,N,5/28/2023
SKU-SHO-0039,Shorts,S,57,999,N,5/28/2023
SKU-SHO-0040,Shorts,S,73,547.5,N,5/28/2023
SKU-TSH-0041,Tshirts,M,79,474,N,5/28/2023
SKU-CRO-0042,Croptops,XS,64,960,N,5/28/2023
SKU-CRO-0043,Croptops,XL,15,225,N,5/28/2023
SKU-JAC-0044,Jackets,XXL,64,999,N,5/28/2023
SKU-SHI-0045,Shirts,XS,66,999,N,5/28/2023
SKU-JAC-0046,Jackets,L,83,999,N,5/28/2023
SKU-PAN-0047,Pants,M,59,442.5,N,5/28/2023
SKU-CRO-0048,Croptops,XL,6,60,N,5/28/2023
SKU-TSH-0049,Tshirts,M,86,860,N,5/28/2023
SKU-SHO-0050,Shorts,L,80,999,N,5/28/2023
SKU-SHI-0051,Shirts,XL,24,240,N,5/28/2023
SKU-SHI-0052,Shirts,XS,38,570,N,5/28/2023
SKU-JAC-0053,Jackets,M,24,240,N,5/28/2023
SKU-SHI-0054,Shirts,S,40,999,N,5/28/2023
SKU-JAC-0055,Jackets,XL,83,999,N,5/28/2023
SKU-SHI-0001,Shirts,S,0,0,N,6/4/2023
SKU-PAN-0002,Pants,XL,0,0,N,6/4/2023
SKU-SHI-0003,Shirts,XS,0,0,N,6/4/2023
SKU-TSH-0004,Tshirts,M,0,0,N,6/4/2023
SKU-CRO-0005,Croptops,XXL,0,0,N,6/4/2023
SKU-SHI-0006,Shirts,XL,0,0,N,6/4/2023
SKU-CRO-0007,Croptops,M,0,0,N,6/4/2023
SKU-PAN-0008,Pants,XL,0,0,N,6/4/2023
SKU-PAN-0009,Pants,M,0,0,N,6/4/2023
SKU-TSH-0010,Tshirts,XL,0,0,N,6/4/2023
SKU-SHO-0011,Shorts,S,0,0,N,6/4/2023
SKU-TSH-0012,Tshirts,XXL,0,0,N,6/4/2023
SKU-SHI-0013,Shirts,XS,0,0,N,6/4/2023
SKU-CRO-0014,Croptops,M,0,0,N,6/4/2023
SKU-SHI-0015,Shirts,XL,0,0,N,6/4/2023
SKU-PAN-0016,Pants,XS,0,0,N,6/4/2023
SKU-SHI-0017,Shirts,M,0,0,N,6/4/2023
SKU-PAN-0018,Pants,L,0,0,N,6/4/2023
SKU-CRO-0019,Croptops,M,0,0,N,6/4/2023
SKU-PAN-0020,Pants,XL,0,0,N,6/4/2023
SKU-PAN-0021,Pants,XL,0,0,N,6/4/2023
SKU-PAN-0022,Pants,M,0,0,N,6/4/2023
SKU-SHO-0023,Shorts,XL,10,75,N,6/4/2023
SKU-SHI-0024,Shirts,M,0,0,N,6/4/2023
SKU-JAC-0025,Jackets,XL,0,0,N,6/4/2023
SKU-PAN-0026,Pants,XXL,8,34.3,N,6/4/2023
SKU-JAC-0027,Jackets,XS,0,0,N,6/4/2023
SKU-PAN-0028,Pants,XL,11,110,N,6/4/2023
SKU-TSH-0029,Tshirts,XXL,13,65,N,6/4/2023
SKU-CRO-0030,Croptops,S,0,0,N,6/4/2023
SKU-JAC-0031,Jackets,XS,0,0,N,6/4/2023
SKU-TSH-0032,Tshirts,XXL,36,270,N,6/4/2023
SKU-SHO-0033,Shorts,S,52,390,N,6/4/2023
SKU-PAN-0034,Pants,L,24,999,N,6/4/2023
SKU-CRO-0035,Croptops,S,0,0,N,6/4/2023
SKU-SHI-0036,Shirts,XS,66,396,N,6/4/2023
SKU-CRO-0037,Croptops,S,63,999,N,6/4/2023
SKU-CRO-0038,Croptops,S,0,0,N,6/4/2023
SKU-SHO-0039,Shorts,S,55,825,N,6/4/2023
SKU-SHO-0040,Shorts,L,73,730,N,6/4/2023
SKU-TSH-0041,Tshirts,XL,79,592.5,N,6/4/2023
SKU-CRO-0042,Croptops,XL,64,960,N,6/4/2023
SKU-CRO-0043,Croptops,M,15,225,N,6/4/2023
SKU-JAC-0044,Jackets,XL,63,945,N,6/4/2023
SKU-SHI-0045,Shirts,XXL,66,999,N,6/4/2023
SKU-JAC-0046,Jackets,XXL,83,999,N,6/4/2023
SKU-PAN-0047,Pants,XXL,58,580,N,6/4/2023
SKU-CRO-0048,Croptops,XXL,6,60,N,6/4/2023
SKU-TSH-0049,Tshirts,XS,84,630,N,6/4/2023
SKU-SHO-0050,Shorts,L,78,999,N,6/4/2023
SKU-SHI-0051,Shirts,XXL,23,345,N,6/4/2023
SKU-SHI-0052,Shirts,S,37,555,N,6/4/2023
SKU-JAC-0053,Jackets,XXL,23,172.5,N,6/4/2023
SKU-SHI-0054,Shirts,M,39,585,N,6/4/2023
SKU-JAC-0055,Jackets,XS,82,999,N,6/4/2023
SKU-SHI-0001,Shirts,XS,0,0,N,6/11/2023
SKU-PAN-0002,Pants,XXL,0,0,N,6/11/2023
SKU-SHI-0003,Shirts,M,0,0,N,6/11/2023
SKU-TSH-0004,Tshirts,M,0,0,N,6/11/2023
SKU-CRO-0005,Croptops,XS,0,0,N,6/11/2023
SKU-SHI-0006,Shirts,M,0,0,N,6/11/2023
SKU-CRO-0007,Croptops,M,0,0,N,6/11/2023
SKU-PAN-0008,Pants,XL,0,0,N,6/11/2023
SKU-PAN-0009,Pants,M,0,0,N,6/11/2023
SKU-TSH-0010,Tshirts,S,0,0,N,6/11/2023
SKU-SHO-0011,Shorts,M,0,0,N,6/11/2023
SKU-TSH-0012,Tshirts,M,0,0,N,6/11/2023
SKU-SHI-0013,Shirts,M,0,0,N,6/11/2023
SKU-CRO-0014,Croptops,L,0,0,N,6/11/2023
SKU-SHI-0015,Shirts,S,0,0,N,6/11/2023
SKU-PAN-0016,Pants,S,0,0,N,6/11/2023
SKU-SHI-0017,Shirts,XXL,0,0,N,6/11/2023
SKU-PAN-0018,Pants,S,0,0,N,6/11/2023
SKU-CRO-0019,Croptops,XL,0,0,N,6/11/2023
SKU-PAN-0020,Pants,XS,0,0,N,6/11/2023
SKU-PAN-0021,Pants,XS,0,0,N,6/11/2023
SKU-PAN-0022,Pants,XS,0,0,N,6/11/2023
SKU-SHO-0023,Shorts,S,7,42,N,6/11/2023
SKU-SHI-0024,Shirts,XL,0,0,N,6/11/2023
SKU-JAC-0025,Jackets,S,0,0,N,6/11/2023
SKU-PAN-0026,Pants,S,6,22.5,N,6/11/2023
SKU-JAC-0027,Jackets,XXL,0,0,N,6/11/2023
SKU-PAN-0028,Pants,M,10,100,N,6/11/2023
SKU-TSH-0029,Tshirts,XS,13,78,N,6/11/2023
SKU-CRO-0030,Croptops,XL,0,0,N,6/11/2023
SKU-JAC-0031,Jackets,L,0,0,N,6/11/2023
SKU-TSH-0032,Tshirts,XL,35,350,N,6/11/2023
SKU-SHO-0033,Shorts,S,51,382.5,N,6/11/2023
SKU-PAN-0034,Pants,XS,22,330,N,6/11/2023
SKU-CRO-0035,Croptops,XXL,0,0,N,6/11/2023
SKU-SHI-0036,Shirts,XXL,65,325,N,6/11/2023
SKU-CRO-0037,Croptops,XS,62,999,N,6/11/2023
SKU-CRO-0038,Croptops,S,0,0,N,6/11/2023
SKU-SHO-0039,Shorts,L,54,540,N,6/11/2023
SKU-SHO-0040,Shorts,XXL,72,999,N,6/11/2023
SKU-TSH-0041,Tshirts,XS,77,385,N,6/11/2023
SKU-CRO-0042,Croptops,XXL,64,999,N,6/11/2023
SKU-CRO-0043,Croptops,XXL,13,130,N,6/11/2023
SKU-JAC-0044,Jackets,XS,63,945,N,6/11/2023
SKU-SHI-0045,Shirts,XS,66,999,N,6/11/2023
SKU-JAC-0046,Jackets,XS,83,999,N,6/11/2023
SKU-PAN-0047,Pants,XL,58,870,N,6/11/2023
SKU-CRO-0048,Croptops,XS,5,50,N,6/11/2023
SKU-TSH-0049,Tshirts,XS,79,296.2,N,6/11/2023
SKU-SHO-0050,Shorts,XXL,78,999,N,6/11/2023
SKU-SHI-0051,Shirts,S,21,210,N,6/11/2023
SKU-SHI-0052,Shirts,L,36,540,N,6/11/2023
SKU-JAC-0053,Jackets,M,23,230,N,6/11/2023
SKU-SHI-0054,Shirts,XS,39,999,N,6/11/2023
SKU-JAC-0055,Jackets,M,81,810,N,6/11/2023
SKU-SHI-0001,Shirts,XL,0,0,N,6/18/2023
SKU-PAN-0002,Pants,XXL,0,0,N,6/18/2023
SKU-SHI-0003,Shirts,XL,0,0,N,6/18/2023
SKU-TSH-0004,Tshirts,XXL,0,0,N,6/18/2023
SKU-CRO-0005,Croptops,XL,0,0,N,6/18/2023
SKU-SHI-0006,Shirts,XXL,0,0,N,6/18/2023
SKU-CRO-0007,Croptops,L,0,0,N,6/18/2023
SKU-PAN-0008,Pants,XXL,0,0,N,6/18/2023
SKU-PAN-0009,Pants,XXL,0,0,N,6/18/2023
SKU-TSH-0010,Tshirts,L,0,0,N,6/18/2023
SKU-SHO-0011,Shorts,L,0,0,N,6/18/2023
SKU-TSH-0012,Tshirts,S,0,0,N,6/18/2023
SKU-SHI-0013,Shirts,M,0,0,N,6/18/2023
SKU-CRO-0014,Croptops,XL,0,0,N,6/18/2023
SKU-SHI-0015,Shirts,M,0,0,N,6/18/2023
SKU-PAN-0016,Pants,L,0,0,N,6/18/2023
SKU-SHI-0017,Shirts,XL,0,0,N,6/18/2023
SKU-PAN-0018,Pants,M,0,0,N,6/18/2023
SKU-CRO-0019,Croptops,M,0,0,N,6/18/2023
SKU-PAN-0020,Pants,L,0,0,N,6/18/2023
SKU-PAN-0021,Pants,L,0,0,N,6/18/2023
SKU-PAN-0022,Pants,L,0,0,N,6/18/2023
SKU-SHO-0023,Shorts,S,6,36,N,6/18/2023
SKU-SHI-0024,Shirts,L,0,0,N,6/18/2023
SKU-JAC-0025,Jackets,XL,0,0,N,6/18/2023
SKU-PAN-0026,Pants,S,4,15,N,6/18/2023
SKU-JAC-0027,Jackets,M,0,0,N,6/18/2023
SKU-PAN-0028,Pants,S,9,67.5,N,6/18/2023
SKU-TSH-0029,Tshirts,XL,13,97.5,N,6/18/2023
SKU-CRO-0030,Croptops,XS,0,0,N,6/18/2023
SKU-JAC-0031,Jackets,XL,0,0,N,6/18/2023
SKU-TSH-0032,Tshirts,M,35,525,N,6/18/2023
SKU-SHO-0033,Shorts,S,51,510,N,6/18/2023
SKU-PAN-0034,Pants,XS,22,330,N,6/18/2023
SKU-CRO-0035,Croptops,XS,0,0,N,6/18/2023
SKU-SHI-0036,Shirts,L,63,378,N,6/18/2023
SKU-CRO-0037,Croptops,XL,62,999,N,6/18/2023
SKU-CRO-0038,Croptops,S,0,0,N,6/18/2023
SKU-SHO-0039,Shorts,M,52,312,N,6/18/2023
SKU-SHO-0040,Shorts,XXL,70,525,N,6/18/2023
SKU-TSH-0041,Tshirts,M,76,456,N,6/18/2023
SKU-CRO-0042,Croptops,XXL,63,999,N,6/18/2023
SKU-CRO-0043,Croptops,XL,13,195,N,6/18/2023
SKU-JAC-0044,Jackets,M,63,999,N,6/18/2023
SKU-SHI-0045,Shirts,L,65,999,N,6/18/2023
SKU-JAC-0046,Jackets,M,83,999,N,6/18/2023
SKU-PAN-0047,Pants,L,57,570,N,6/18/2023
SKU-CRO-0048,Croptops,XS,5,50,N,6/18/2023
SKU-TSH-0049,Tshirts,S,79,296.2,N,6/18/2023
SKU-SHO-0050,Shorts,XS,78,999,N,6/18/2023
SKU-SHI-0051,Shirts,XS,20,150,N,6/18/2023
SKU-SHI-0052,Shirts,S,36,540,N,6/18/2023
SKU-JAC-0053,Jackets,XS,22,165,N,6/18/2023
SKU-SHI-0054,Shirts,XS,39,999,N,6/18/2023
SKU-JAC-0055,Jackets,L,80,800,N,6/18/2023
SKU-SHI-0001,Shirts,XL,0,0,N,6/25/2023
SKU-PAN-0002,Pants,XL,0,0,N,6/25/2023
SKU-SHI-0003,Shirts,XL,0,0,N,6/25/2023
SKU-TSH-0004,Tshirts,S,0,0,N,6/25/2023
SKU-CRO-0005,Croptops,XXL,0,0,N,6/25/2023
SKU-SHI-0006,Shirts,XXL,0,0,N,6/25/2023
SKU-CRO-0007,Croptops,XS,0,0,N,6/25/2023
SKU-PAN-0008,Pants,XS,0,0,N,6/25/2023
SKU-PAN-0009,Pants,XXL,0,0,N,6/25/2023
SKU-TSH-0010,Tshirts,L,0,0,N,6/25/2023
SKU-SHO-0011,Shorts,L,0,0,N,6/25/2023
SKU-TSH-0012,Tshirts,L,0,0,N,6/25/2023
SKU-SHI-0013,Shirts,XL,0,0,N,6/25/2023
SKU-CRO-0014,Croptops,S,0,0,N,6/25/2023
SKU-SHI-0015,Shirts,L,0,0,N,6/25/2023
SKU-PAN-0016,Pants,L,0,0,N,6/25/2023
SKU-SHI-0017,Shirts,L,0,0,N,6/25/2023
SKU-PAN-0018,Pants,S,0,0,N,6/25/2023
SKU-CRO-0019,Croptops,XXL,0,0,N,6/25/2023
SKU-PAN-0020,Pants,S,0,0,N,6/25/2023
SKU-PAN-0021,Pants,XS,0,0,N,6/25/2023
SKU-PAN-0022,Pants,S,0,0,N,6/25/2023
SKU-SHO-0023,Shorts,S,4,20,N,6/25/2023
SKU-SHI-0024,Shirts,L,0,0,N,6/25/2023
SKU-JAC-0025,Jackets,M,0,0,N,6/25/2023
SKU-PAN-0026,Pants,XS,2,6.7,N,6/25/2023
SKU-JAC-0027,Jackets,XL,0,0,N,6/25/2023
SKU-PAN-0028,Pants,XXL,9,135,N,6/25/2023
SKU-TSH-0029,Tshirts,XL,11,82.5,N,6/25/2023
SKU-CRO-0030,Croptops,XXL,0,0,N,6/25/2023
SKU-JAC-0031,Jackets,XXL,0,0,N,6/25/2023
SKU-TSH-0032,Tshirts,S,34,510,N,6/25/2023
SKU-SHO-0033,Shorts,M,48,288,N,6/25/2023
SKU-PAN-0034,Pants,XXL,21,210,N,6/25/2023
SKU-CRO-0035,Croptops,M,0,0,N,6/25/2023
SKU-SHI-0036,Shirts,M,62,372,N,6/25/2023
SKU-CRO-0037,Croptops,XXL,62,999,N,6/25/2023
SKU-CRO-0038,Croptops,XXL,0,0,N,6/25/2023
SKU-SHO-0039,Shorts,L,51,255,N,6/25/2023
SKU-SHO-0040,Shorts,XS,69,414,N,6/25/2023
SKU-TSH-0041,Tshirts,XL,75,562.5,N,6/25/2023
SKU-CRO-0042,Croptops,S,62,930,N,6/25/2023
SKU-CRO-0043,Croptops,XXL,12,120,N,6/25/2023
SKU-JAC-0044,Jackets,L,62,930,N,6/25/2023
SKU-SHI-0045,Shirts,S,63,630,N,6/25/2023
SKU-JAC-0046,Jackets,S,83,999,N,6/25/2023
SKU-PAN-0047,Pants,XXL,56,420,N,6/25/2023
SKU-CRO-0048,Croptops,XXL,5,50,N,6/25/2023
SKU-TSH-0049,Tshirts,L,78,292.5,N,6/25/2023
SKU-SHO-0050,Shorts,XL,78,999,N,6/25/2023
SKU-SHI-0051,Shirts,XXL,19,114,N,6/25/2023
SKU-SHI-0052,Shirts,XL,35,350,N,6/25/2023
SKU-JAC-0053,Jackets,S,22,330,N,6/25/2023
SKU-SHI-0054,Shirts,XL,39,999,N,6/25/2023
SKU-JAC-0055,Jackets,L,79,592.5,N,6/25/2023
SKU-SHI-0001,Shirts,XS,0,0,N,7/2/2023
SKU-PAN-0002,Pants,XS,0,0,N,7/2/2023
SKU-SHI-0003,Shirts,L,0,0,N,7/2/2023
SKU-TSH-0004,Tshirts,XL,0,0,N,7/2/2023
SKU-CRO-0005,Croptops,L,0,0,N,7/2/2023
SKU-SHI-0006,Shirts,S,0,0,N,7/2/2023
SKU-CRO-0007,Croptops,XS,0,0,N,7/2/2023
SKU-PAN-0008,Pants,XS,0,0,N,7/2/2023
SKU-PAN-0009,Pants,XL,0,0,N,7/2/2023
SKU-TSH-0010,Tshirts,XL,0,0,N,7/2/2023
SKU-SHO-0011,Shorts,S,0,0,N,7/2/2023
SKU-TSH-0012,Tshirts,XXL,0,0,N,7/2/2023
SKU-SHI-0013,Shirts,M,0,0,N,7/2/2023
SKU-CRO-0014,Croptops,XL,0,0,N,7/2/2023
SKU-SHI-0015,Shirts,M,0,0,N,7/2/2023
SKU-PAN-0016,Pants,M,0,0,N,7/2/2023
SKU-SHI-0017,Shirts,M,0,0,N,7/2/2023
SKU-PAN-0018,Pants,XL,0,0,N,7/2/2023
SKU-CRO-0019,Croptops,S,0,0,N,7/2/2023
SKU-PAN-0020,Pants,XXL,0,0,N,7/2/2023
SKU-PAN-0021,Pants,M,0,0,N,7/2/2023
SKU-PAN-0022,Pants,L,0,0,N,7/2/2023
SKU-SHO-0023,Shorts,XS,3,12.9,N,7/2/2023
SKU-SHI-0024,Shirts,XL,0,0,N,7/2/2023
SKU-JAC-0025,Jackets,XS,0,0,N,7/2/2023
SKU-PAN-0026,Pants,S,0,0,N,7/2/2023
SKU-JAC-0027,Jackets,S,0,0,N,7/2/2023
SKU-PAN-0028,Pants,M,7,52.5,N,7/2/2023
SKU-TSH-0029,Tshirts,XXL,10,100,N,7/2/2023
SKU-CRO-0030,Croptops,L,0,0,N,7/2/2023
SKU-JAC-0031,Jackets,XL,0,999,N,7/2/2023
SKU-TSH-0032,Tshirts,XL,32,240,N,7/2/2023
SKU-SHO-0033,Shorts,XL,47,282,N,7/2/2023
SKU-PAN-0034,Pants,L,18,90,N,7/2/2023
SKU-CRO-0035,Croptops,S,0,0,N,7/2/2023
SKU-SHI-0036,Shirts,XL,62,372,N,7/2/2023
SKU-CRO-0037,Croptops,XS,62,999,N,7/2/2023
SKU-CRO-0038,Croptops,XXL,0,0,N,7/2/2023
SKU-SHO-0039,Shorts,S,51,382.5,N,7/2/2023
SKU-SHO-0040,Shorts,XL,69,517.5,N,7/2/2023
SKU-TSH-0041,Tshirts,XS,74,444,N,7/2/2023
SKU-CRO-0042,Croptops,XL,60,450,N,7/2/2023
SKU-CRO-0043,Croptops,XXL,12,120,N,7/2/2023
SKU-JAC-0044,Jackets,XS,62,930,N,7/2/2023
SKU-SHI-0045,Shirts,L,63,630,N,7/2/2023
SKU-JAC-0046,Jackets,XS,83,999,N,7/2/2023
SKU-PAN-0047,Pants,XS,55,412.5,N,7/2/2023
SKU-CRO-0048,Croptops,L,4,60,N,7/2/2023
SKU-TSH-0049,Tshirts,M,78,390,N,7/2/2023
SKU-SHO-0050,Shorts,L,76,760,N,7/2/2023
SKU-SHI-0051,Shirts,XS,19,142.5,N,7/2/2023
SKU-SHI-0052,Shirts,XS,33,198,N,7/2/2023
SKU-JAC-0053,Jackets,XXL,22,660,N,7/2/2023
SKU-SHI-0054,Shirts,L,39,999,N,7/2/2023
SKU-JAC-0055,Jackets,L,79,790,N,7/2/2023
SKU-SHI-0001,Shirts,XXL,0,0,N,7/9/2023
SKU-PAN-0002,Pants,M,0,0,N,7/9/2023
SKU-SHI-0003,Shirts,XL,0,0,N,7/9/2023
SKU-TSH-0004,Tshirts,XL,0,0,N,7/9/2023
SKU-CRO-0005,Croptops,S,0,0,N,7/9/2023
SKU-SHI-0006,Shirts,XL,0,0,N,7/9/2023
SKU-CRO-0007,Croptops,XXL,0,0,N,7/9/2023
SKU-PAN-0008,Pants,S,0,0,N,7/9/2023
SKU-PAN-0009,Pants,L,0,0,N,7/9/2023
SKU-TSH-0010,Tshirts,L,0,0,N,7/9/2023
SKU-SHO-0011,Shorts,XS,0,0,N,7/9/2023
SKU-TSH-0012,Tshirts,XL,0,0,N,7/9/2023
SKU-SHI-0013,Shirts,XS,0,0,N,7/9/2023
SKU-CRO-0014,Croptops,XXL,0,0,N,7/9/2023
SKU-SHI-0015,Shirts,XS,0,0,N,7/9/2023
SKU-PAN-0016,Pants,L,0,0,N,7/9/2023
SKU-SHI-0017,Shirts,S,0,0,N,7/9/2023
SKU-PAN-0018,Pants,M,0,0,N,7/9/2023
SKU-CRO-0019,Croptops,XL,0,0,N,7/9/2023
SKU-PAN-0020,Pants,XL,0,0,N,7/9/2023
SKU-PAN-0021,Pants,L,0,0,N,7/9/2023
SKU-PAN-0022,Pants,M,0,0,N,7/9/2023
SKU-SHO-0023,Shorts,L,1,4.3,N,7/9/2023
SKU-SHI-0024,Shirts,L,0,0,N,7/9/2023
SKU-JAC-0025,Jackets,XS,0,0,N,7/9/2023
SKU-PAN-0026,Pants,L,0,0,N,7/9/2023
SKU-JAC-0027,Jackets,XXL,0,0,N,7/9/2023
SKU-PAN-0028,Pants,M,6,45,N,7/9/2023
SKU-TSH-0029,Tshirts,M,9,67.5,N,7/9/2023
SKU-CRO-0030,Croptops,XL,0,0,N,7/9/2023
SKU-JAC-0031,Jackets,S,0,0,N,7/9/2023
SKU-TSH-0032,Tshirts,L,30,180,N,7/9/2023
SKU-SHO-0033,Shorts,S,46,230,N,7/9/2023
SKU-PAN-0034,Pants,XXL,18,135,N,7/9/2023
SKU-CRO-0035,Croptops,M,0,0,N,7/9/2023
SKU-SHI-0036,Shirts,XL,60,360,N,7/9/2023
SKU-CRO-0037,Croptops,M,61,999,N,7/9/2023
SKU-CRO-0038,Croptops,XS,0,0,N,7/9/2023
SKU-SHO-0039,Shorts,M,51,510,N,7/9/2023
SKU-SHO-0040,Shorts,M,69,690,N,7/9/2023
SKU-TSH-0041,Tshirts,XS,73,438,N,7/9/2023
SKU-CRO-0042,Croptops,XL,59,354,N,7/9/2023
SKU-CRO-0043,Croptops,L,11,110,N,7/9/2023
SKU-JAC-0044,Jackets,S,61,915,N,7/9/2023
SKU-SHI-0045,Shirts,XXL,63,630,N,7/9/2023
SKU-JAC-0046,Jackets,S,82,999,N,7/9/2023
SKU-PAN-0047,Pants,L,55,550,N,7/9/2023
SKU-CRO-0048,Croptops,XL,2,20,N,7/9/2023
SKU-TSH-0049,Tshirts,S,78,999,N,7/9/2023
SKU-SHO-0050,Shorts,XS,75,750,N,7/9/2023
SKU-SHI-0051,Shirts,XL,17,85,N,7/9/2023
SKU-SHI-0052,Shirts,M,31,186,N,7/9/2023
SKU-JAC-0053,Jackets,M,22,660,N,7/9/2023
SKU-SHI-0054,Shirts,M,38,999,N,7/9/2023
SKU-JAC-0055,Jackets,S,78,780,N,7/9/2023
SKU-SHI-0001,Shirts,M,0,0,N,7/16/2023
SKU-PAN-0002,Pants,XL,0,0,N,7/16/2023
SKU-SHI-0003,Shirts,S,0,0,N,7/16/2023
SKU-TSH-0004,Tshirts,M,0,0,N,7/16/2023
SKU-CRO-0005,Croptops,M,0,0,N,7/16/2023
SKU-SHI-0006,Shirts,M,0,0,N,7/16/2023
SKU-CRO-0007,Croptops,M,0,0,N,7/16/2023
SKU-PAN-0008,Pants,XL,0,0,N,7/16/2023
SKU-PAN-0009,Pants,XS,0,0,N,7/16/2023
SKU-TSH-0010,Tshirts,XL,0,0,N,7/16/2023
SKU-SHO-0011,Shorts,M,0,0,N,7/16/2023
SKU-TSH-0012,Tshirts,XL,0,0,N,7/16/2023
SKU-SHI-0013,Shirts,S,0,0,N,7/16/2023
SKU-CRO-0014,Croptops,XXL,0,0,N,7/16/2023
SKU-SHI-0015,Shirts,L,0,0,N,7/16/2023
SKU-PAN-0016,Pants,XS,0,0,N,7/16/2023
SKU-SHI-0017,Shirts,XL,0,0,N,7/16/2023
SKU-PAN-0018,Pants,M,0,0,N,7/16/2023
SKU-CRO-0019,Croptops,S,0,0,N,7/16/2023
SKU-PAN-0020,Pants,M,0,0,N,7/16/2023
SKU-PAN-0021,Pants,M,0,0,N,7/16/2023
SKU-PAN-0022,Pants,XXL,0,0,N,7/16/2023
SKU-SHO-0023,Shorts,XL,1,6,N,7/16/2023
SKU-SHI-0024,Shirts,XL,0,0,N,7/16/2023
SKU-JAC-0025,Jackets,XXL,0,0,N,7/16/2023
SKU-PAN-0026,Pants,M,0,0,N,7/16/2023
SKU-JAC-0027,Jackets,XL,0,0,N,7/16/2023
SKU-PAN-0028,Pants,M,5,37.5,N,7/16/2023
SKU-TSH-0029,Tshirts,XS,8,48,N,7/16/2023
SKU-CRO-0030,Croptops,XL,0,0,N,7/16/2023
SKU-JAC-0031,Jackets,XXL,0,0,N,7/16/2023
SKU-TSH-0032,Tshirts,XL,29,145,N,7/16/2023
SKU-SHO-0033,Shorts,XS,44,188.6,N,7/16/2023
SKU-PAN-0034,Pants,L,17,102,N,7/16/2023
SKU-CRO-0035,Croptops,XXL,0,0,N,7/16/2023
SKU-SHI-0036,Shirts,L,59,354,N,7/16/2023
SKU-CRO-0037,Croptops,XS,60,900,N,7/16/2023
SKU-CRO-0038,Croptops,L,0,0,N,7/16/2023
SKU-SHO-0039,Shorts,L,49,490,N,7/16/2023
SKU-SHO-0040,Shorts,M,68,680,N,7/16/2023
SKU-TSH-0041,Tshirts,S,72,540,N,7/16/2023
SKU-CRO-0042,Croptops,XXL,59,354,N,7/16/2023
SKU-CRO-0043,Croptops,XS,11,165,N,7/16/2023
SKU-JAC-0044,Jackets,M,57,285,N,7/16/2023
SKU-SHI-0045,Shirts,XXL,62,620,N,7/16/2023
SKU-JAC-0046,Jackets,S,81,999,N,7/16/2023
SKU-PAN-0047,Pants,S,54,405,N,7/16/2023
SKU-CRO-0048,Croptops,XL,2,20,N,7/16/2023
SKU-TSH-0049,Tshirts,L,78,999,N,7/16/2023
SKU-SHO-0050,Shorts,M,75,750,N,7/16/2023
SKU-SHI-0051,Shirts,XS,16,96,N,7/16/2023
SKU-SHI-0052,Shirts,XL,30,150,N,7/16/2023
SKU-JAC-0053,Jackets,XXL,22,999,N,7/16/2023
SKU-SHI-0054,Shirts,XL,37,555,N,7/16/2023
SKU-JAC-0055,Jackets,XS,77,577.5,N,7/16/2023
SKU-SHI-0001,Shirts,XS,0,0,N,7/23/2023
SKU-PAN-0002,Pants,S,0,0,N,7/23/2023
SKU-SHI-0003,Shirts,L,0,0,N,7/23/2023
SKU-TSH-0004,Tshirts,M,0,0,N,7/23/2023
SKU-CRO-0005,Croptops,XS,0,0,N,7/23/2023
SKU-SHI-0006,Shirts,L,0,0,N,7/23/2023
SKU-CRO-0007,Croptops,L,0,0,N,7/23/2023
SKU-PAN-0008,Pants,S,0,0,N,7/23/2023
SKU-PAN-0009,Pants,M,0,0,N,7/23/2023
SKU-TSH-0010,Tshirts,XL,0,0,N,7/23/2023
SKU-SHO-0011,Shorts,S,0,0,N,7/23/2023
SKU-TSH-0012,Tshirts,S,0,0,N,7/23/2023
SKU-SHI-0013,Shirts,XXL,0,0,N,7/23/2023
SKU-CRO-0014,Croptops,XL,0,0,N,7/23/2023
SKU-SHI-0015,Shirts,L,0,0,N,7/23/2023
SKU-PAN-0016,Pants,XS,0,0,N,7/23/2023
SKU-SHI-0017,Shirts,XS,0,0,N,7/23/2023
SKU-PAN-0018,Pants,XXL,0,0,N,7/23/2023
SKU-CRO-0019,Croptops,XXL,0,0,N,7/23/2023
SKU-PAN-0020,Pants,M,0,0,N,7/23/2023
SKU-PAN-0021,Pants,XL,0,0,N,7/23/2023
SKU-PAN-0022,Pants,L,0,0,N,7/23/2023
SKU-SHO-0023,Shorts,S,0,0,N,7/23/2023
SKU-SHI-0024,Shirts,XL,0,0,N,7/23/2023
SKU-JAC-0025,Jackets,L,0,0,N,7/23/2023
SKU-PAN-0026,Pants,XXL,0,0,N,7/23/2023
SKU-JAC-0027,Jackets,XL,0,0,N,7/23/2023
SKU-PAN-0028,Pants,S,2,8.6,N,7/23/2023
SKU-TSH-0029,Tshirts,XL,7,52.5,N,7/23/2023
SKU-CRO-0030,Croptops,M,0,0,N,7/23/2023
SKU-JAC-0031,Jackets,XXL,0,0,N,7/23/2023
SKU-TSH-0032,Tshirts,M,28,120,N,7/23/2023
SKU-SHO-0033,Shorts,XS,43,215,N,7/23/2023
SKU-PAN-0034,Pants,L,16,96,N,7/23/2023
SKU-CRO-0035,Croptops,XXL,0,0,N,7/23/2023
SKU-SHI-0036,Shirts,S,56,280,N,7/23/2023
SKU-CRO-0037,Croptops,M,59,590,N,7/23/2023
SKU-CRO-0038,Croptops,XXL,0,0,N,7/23/2023
SKU-SHO-0039,Shorts,L,48,480,N,7/23/2023
SKU-SHO-0040,Shorts,XS,67,999,N,7/23/2023
SKU-TSH-0041,Tshirts,XL,72,720,N,7/23/2023
SKU-CRO-0042,Croptops,S,58,435,N,7/23/2023
SKU-CRO-0043,Croptops,S,11,165,N,7/23/2023
SKU-JAC-0044,Jackets,L,56,280,N,7/23/2023
SKU-SHI-0045,Shirts,XL,61,610,N,7/23/2023
SKU-JAC-0046,Jackets,XS,80,800,N,7/23/2023
SKU-PAN-0047,Pants,XL,54,810,N,7/23/2023
SKU-CRO-0048,Croptops,XS,2,20,N,7/23/2023
SKU-TSH-0049,Tshirts,XXL,77,999,N,7/23/2023
SKU-SHO-0050,Shorts,M,75,750,N,7/23/2023
SKU-SHI-0051,Shirts,XXL,15,90,N,7/23/2023
SKU-SHI-0052,Shirts,M,30,180,N,7/23/2023
SKU-JAC-0053,Jackets,S,22,999,N,7/23/2023
SKU-SHI-0054,Shirts,M,36,360,N,7/23/2023
SKU-JAC-0055,Jackets,S,77,999,N,7/23/2023
SKU-SHI-0001,Shirts,S,0,0,N,7/30/2023
SKU-PAN-0002,Pants,M,0,0,N,7/30/2023
SKU-SHI-0003,Shirts,XXL,0,0,N,7/30/2023
SKU-TSH-0004,Tshirts,L,0,0,N,7/30/2023
SKU-CRO-0005,Croptops,XS,0,0,N,7/30/2023
SKU-SHI-0006,Shirts,XXL,0,0,N,7/30/2023
SKU-CRO-0007,Croptops,XS,0,0,N,7/30/2023
SKU-PAN-0008,Pants,XL,0,0,N,7/30/2023
SKU-PAN-0009,Pants,S,0,0,N,7/30/2023
SKU-TSH-0010,Tshirts,XS,0,0,N,7/30/2023
SKU-SHO-0011,Shorts,XS,0,0,N,7/30/2023
SKU-TSH-0012,Tshirts,XXL,0,0,N,7/30/2023
SKU-SHI-0013,Shirts,S,0,0,N,7/30/2023
SKU-CRO-0014,Croptops,XL,0,0,N,7/30/2023
SKU-SHI-0015,Shirts,XL,0,0,N,7/30/2023
SKU-PAN-0016,Pants,L,0,0,N,7/30/2023
SKU-SHI-0017,Shirts,L,0,0,N,7/30/2023
SKU-PAN-0018,Pants,XXL,0,0,N,7/30/2023
SKU-CRO-0019,Croptops,XXL,0,0,N,7/30/2023
SKU-PAN-0020,Pants,XS,0,0,N,7/30/2023
SKU-PAN-0021,Pants,XL,0,0,N,7/30/2023
SKU-PAN-0022,Pants,XS,0,0,N,7/30/2023
SKU-SHO-0023,Shorts,XXL,0,0,N,7/30/2023
SKU-SHI-0024,Shirts,M,0,0,N,7/30/2023
SKU-JAC-0025,Jackets,XL,0,0,N,7/30/2023
SKU-PAN-0026,Pants,S,0,0,N,7/30/2023
SKU-JAC-0027,Jackets,M,0,0,N,7/30/2023
SKU-PAN-0028,Pants,XXL,0,0,N,7/30/2023
SKU-TSH-0029,Tshirts,XXL,6,45,N,7/30/2023
SKU-CRO-0030,Croptops,XL,0,0,N,7/30/2023
SKU-JAC-0031,Jackets,S,0,0,N,7/30/2023
SKU-TSH-0032,Tshirts,XXL,27,162,N,7/30/2023
SKU-SHO-0033,Shorts,S,43,322.5,N,7/30/2023
SKU-PAN-0034,Pants,XL,14,105,N,7/30/2023
SKU-CRO-0035,Croptops,L,0,0,N,7/30/2023
SKU-SHI-0036,Shirts,S,55,235.7,N,7/30/2023
SKU-CRO-0037,Croptops,XL,58,435,N,7/30/2023
SKU-CRO-0038,Croptops,S,0,0,N,7/30/2023
SKU-SHO-0039,Shorts,L,47,352.5,N,7/30/2023
SKU-SHO-0040,Shorts,M,66,660,N,7/30/2023
SKU-TSH-0041,Tshirts,L,72,999,N,7/30/2023
SKU-CRO-0042,Croptops,XL,57,570,N,7/30/2023
SKU-CRO-0043,Croptops,XS,10,150,N,7/30/2023
SKU-JAC-0044,Jackets,L,55,235.7,N,7/30/2023
SKU-SHI-0045,Shirts,XL,61,915,N,7/30/2023
SKU-JAC-0046,Jackets,XL,78,468,N,7/30/2023
SKU-PAN-0047,Pants,XS,54,999,N,7/30/2023
SKU-CRO-0048,Croptops,M,1,10,N,7/30/2023
SKU-TSH-0049,Tshirts,L,77,999,N,7/30/2023
SKU-SHO-0050,Shorts,XS,75,999,N,7/30/2023
SKU-SHI-0051,Shirts,XXL,15,112.5,N,7/30/2023
SKU-SHI-0052,Shirts,XS,30,225,N,7/30/2023
SKU-JAC-0053,Jackets,XS,22,999,N,7/30/2023
SKU-SHI-0054,Shirts,XXL,35,262.5,N,7/30/2023
SKU-JAC-0055,Jackets,L,76,760,N,7/30/2023
SKU-SHI-0001,Shirts,M,0,0,N,8/6/2023
SKU-PAN-0002,Pants,XL,0,0,N,8/6/2023
SKU-SHI-0003,Shirts,XL,0,0,N,8/6/2023
SKU-TSH-0004,Tshirts,M,0,0,N,8/6/2023
SKU-CRO-0005,Croptops,M,0,0,N,8/6/2023
SKU-SHI-0006,Shirts,XXL,0,0,N,8/6/2023
SKU-CRO-0007,Croptops,XS,0,0,N,8/6/2023
SKU-PAN-0008,Pants,XXL,0,0,N,8/6/2023
SKU-PAN-0009,Pants,XS,0,0,N,8/6/2023
SKU-TSH-0010,Tshirts,XXL,0,0,N,8/6/2023
SKU-SHO-0011,Shorts,XL,0,0,N,8/6/2023
SKU-TSH-0012,Tshirts,XXL,0,0,N,8/6/2023
SKU-SHI-0013,Shirts,XXL,0,0,N,8/6/2023
SKU-CRO-0014,Croptops,L,0,0,N,8/6/2023
SKU-SHI-0015,Shirts,S,0,0,N,8/6/2023
SKU-PAN-0016,Pants,XXL,0,0,N,8/6/2023
SKU-SHI-0017,Shirts,XXL,0,0,N,8/6/2023
SKU-PAN-0018,Pants,S,0,0,N,8/6/2023
SKU-CRO-0019,Croptops,XXL,0,0,N,8/6/2023
SKU-PAN-0020,Pants,L,0,0,N,8/6/2023
SKU-PAN-0021,Pants,XXL,0,0,N,8/6/2023
SKU-PAN-0022,Pants,S,0,0,N,8/6/2023
SKU-SHO-0023,Shorts,M,0,0,N,8/6/2023
SKU-SHI-0024,Shirts,L,0,0,N,8/6/2023
SKU-JAC-0025,Jackets,S,0,0,N,8/6/2023
SKU-PAN-0026,Pants,XXL,0,0,N,8/6/2023
SKU-JAC-0027,Jackets,S,0,0,N,8/6/2023
SKU-PAN-0028,Pants,L,0,0,N,8/6/2023
SKU-TSH-0029,Tshirts,L,5,30,N,8/6/2023
SKU-CRO-0030,Croptops,XL,0,0,N,8/6/2023
SKU-JAC-0031,Jackets,L,0,0,N,8/6/2023
SKU-TSH-0032,Tshirts,XXL,26,156,N,8/6/2023
SKU-SHO-0033,Shorts,S,42,315,N,8/6/2023
SKU-PAN-0034,Pants,XXL,13,78,N,8/6/2023
SKU-CRO-0035,Croptops,M,0,0,N,8/6/2023
SKU-SHI-0036,Shirts,M,55,235.7,N,8/6/2023
SKU-CRO-0037,Croptops,M,56,336,N,8/6/2023
SKU-CRO-0038,Croptops,S,0,0,N,8/6/2023
SKU-SHO-0039,Shorts,XS,45,225,N,8/6/2023
SKU-SHO-0040,Shorts,XS,64,384,N,8/6/2023
SKU-TSH-0041,Tshirts,M,72,999,N,8/6/2023
SKU-CRO-0042,Croptops,S,56,560,N,8/6/2023
SKU-CRO-0043,Croptops,XS,10,300,N,8/6/2023
SKU-JAC-0044,Jackets,L,54,231.4,N,8/6/2023
SKU-SHI-0045,Shirts,M,58,348,N,8/6/2023
SKU-JAC-0046,Jackets,M,77,385,N,8/6/2023
SKU-PAN-0047,Pants,XL,53,795,N,8/6/2023
SKU-CRO-0048,Croptops,XXL,0,0,N,8/6/2023
SKU-TSH-0049,Tshirts,M,76,999,N,8/6/2023
SKU-SHO-0050,Shorts,L,74,999,N,8/6/2023
SKU-SHI-0051,Shirts,S,15,225,N,8/6/2023
SKU-SHI-0052,Shirts,XXL,30,900,N,8/6/2023
SKU-JAC-0053,Jackets,XXL,22,999,N,8/6/2023
SKU-SHI-0054,Shirts,S,33,165,N,8/6/2023
SKU-JAC-0055,Jackets,XL,75,562.5,N,8/6/2023
SKU-SHI-0001,Shirts,XXL,0,0,N,8/13/2023
SKU-PAN-0002,Pants,M,0,0,N,8/13/2023
SKU-SHI-0003,Shirts,S,0,0,N,8/13/2023
SKU-TSH-0004,Tshirts,M,0,0,N,8/13/2023
SKU-CRO-0005,Croptops,XXL,0,0,N,8/13/2023
SKU-SHI-0006,Shirts,M,0,0,N,8/13/2023
SKU-CRO-0007,Croptops,M,0,0,N,8/13/2023
SKU-PAN-0008,Pants,M,0,0,N,8/13/2023
SKU-PAN-0009,Pants,S,0,0,N,8/13/2023
SKU-TSH-0010,Tshirts,XL,0,0,N,8/13/2023
SKU-SHO-0011,Shorts,L,0,0,N,8/13/2023
SKU-TSH-0012,Tshirts,M,0,0,N,8/13/2023
SKU-SHI-0013,Shirts,L,0,0,N,8/13/2023
SKU-CRO-0014,Croptops,M,0,0,N,8/13/2023
SKU-SHI-0015,Shirts,XXL,0,0,N,8/13/2023
SKU-PAN-0016,Pants,XS,0,0,N,8/13/2023
SKU-SHI-0017,Shirts,M,0,0,N,8/13/2023
SKU-PAN-0018,Pants,M,0,0,N,8/13/2023
SKU-CRO-0019,Croptops,XXL,0,0,N,8/13/2023
SKU-PAN-0020,Pants,XL,0,0,N,8/13/2023
SKU-PAN-0021,Pants,M,0,0,N,8/13/2023
SKU-PAN-0022,Pants,L,0,0,N,8/13/2023
SKU-SHO-0023,Shorts,L,0,0,N,8/13/2023
SKU-SHI-0024,Shirts,XS,0,0,N,8/13/2023
SKU-JAC-0025,Jackets,XXL,0,0,N,8/13/2023
SKU-PAN-0026,Pants,S,0,0,N,8/13/2023
SKU-JAC-0027,Jackets,XS,0,0,N,8/13/2023
SKU-PAN-0028,Pants,XS,0,0,N,8/13/2023
SKU-TSH-0029,Tshirts,XXL,3,18,N,8/13/2023
SKU-CRO-0030,Croptops,XS,0,0,N,8/13/2023
SKU-JAC-0031,Jackets,XS,0,0,N,8/13/2023
SKU-TSH-0032,Tshirts,XXL,26,195,N,8/13/2023
SKU-SHO-0033,Shorts,XXL,40,240,N,8/13/2023
SKU-PAN-0034,Pants,L,13,97.5,N,8/13/2023
SKU-CRO-0035,Croptops,L,0,0,N,8/13/2023
SKU-SHI-0036,Shirts,XS,54,324,N,8/13/2023
SKU-CRO-0037,Croptops,S,53,227.1,N,8/13/2023
SKU-CRO-0038,Croptops,M,0,0,N,8/13/2023
SKU-SHO-0039,Shorts,M,43,184.3,N,8/13/2023
SKU-SHO-0040,Shorts,L,64,384,N,8/13/2023
SKU-TSH-0041,Tshirts,L,72,999,N,8/13/2023
SKU-CRO-0042,Croptops,S,56,560,N,8/13/2023
SKU-CRO-0043,Croptops,XL,10,300,N,8/13/2023
SKU-JAC-0044,Jackets,XS,52,260,N,8/13/2023
SKU-SHI-0045,Shirts,XS,57,342,N,8/13/2023
SKU-JAC-0046,Jackets,XL,75,321.4,N,8/13/2023
SKU-PAN-0047,Pants,XXL,50,375,N,8/13/2023
SKU-CRO-0048,Croptops,S,0,0,N,8/13/2023
SKU-TSH-0049,Tshirts,L,74,555,N,8/13/2023
SKU-SHO-0050,Shorts,S,74,999,N,8/13/2023
SKU-SHI-0051,Shirts,XXL,13,130,N,8/13/2023
SKU-SHI-0052,Shirts,XS,29,870,N,8/13/2023
SKU-JAC-0053,Jackets,XL,22,999,N,8/13/2023
SKU-SHI-0054,Shirts,M,33,198,N,8/13/2023
SKU-JAC-0055,Jackets,XS,74,555,N,8/13/2023
SKU-SHI-0001,Shirts,XXL,0,0,N,8/20/2023
SKU-PAN-0002,Pants,XL,0,0,N,8/20/2023
SKU-SHI-0003,Shirts,XXL,0,0,N,8/20/2023
SKU-TSH-0004,Tshirts,S,0,0,N,8/20/2023
SKU-CRO-0005,Croptops,XXL,0,0,N,8/20/2023
SKU-SHI-0006,Shirts,L,0,0,N,8/20/2023
SKU-CRO-0007,Croptops,L,0,0,N,8/20/2023
SKU-PAN-0008,Pants,L,0,0,N,8/20/2023
SKU-PAN-0009,Pants,S,0,0,N,8/20/2023
SKU-TSH-0010,Tshirts,XS,0,0,N,8/20/2023
SKU-SHO-0011,Shorts,XL,0,0,N,8/20/2023
SKU-TSH-0012,Tshirts,XXL,0,0,N,8/20/2023
SKU-SHI-0013,Shirts,XL,0,0,N,8/20/2023
SKU-CRO-0014,Croptops,L,0,0,N,8/20/2023
SKU-SHI-0015,Shirts,S,0,0,N,8/20/2023
SKU-PAN-0016,Pants,L,0,0,N,8/20/2023
SKU-SHI-0017,Shirts,XS,0,0,N,8/20/2023
SKU-PAN-0018,Pants,XL,0,0,N,8/20/2023
SKU-CRO-0019,Croptops,M,0,0,N,8/20/2023
SKU-PAN-0020,Pants,S,0,0,N,8/20/2023
SKU-PAN-0021,Pants,M,0,0,N,8/20/2023
SKU-PAN-0022,Pants,L,0,0,N,8/20/2023
SKU-SHO-0023,Shorts,S,0,0,N,8/20/2023
SKU-SHI-0024,Shirts,XS,0,0,N,8/20/2023
SKU-JAC-0025,Jackets,M,0,0,N,8/20/2023
SKU-PAN-0026,Pants,M,0,0,N,8/20/2023
SKU-JAC-0027,Jackets,XXL,0,0,N,8/20/2023
SKU-PAN-0028,Pants,XS,0,0,N,8/20/2023
SKU-TSH-0029,Tshirts,XL,2,12,N,8/20/2023
SKU-CRO-0030,Croptops,XS,0,0,N,8/20/2023
SKU-JAC-0031,Jackets,S,0,0,N,8/20/2023
SKU-TSH-0032,Tshirts,XXL,23,138,N,8/20/2023
SKU-SHO-0033,Shorts,XXL,39,292.5,N,8/20/2023
SKU-PAN-0034,Pants,L,12,72,N,8/20/2023
SKU-CRO-0035,Croptops,L,0,0,N,8/20/2023
SKU-SHI-0036,Shirts,XS,51,255,N,8/20/2023
SKU-CRO-0037,Croptops,XL,53,227.1,N,8/20/2023
SKU-CRO-0038,Croptops,XXL,0,0,N,8/20/2023
SKU-SHO-0039,Shorts,XS,41,175.7,N,8/20/2023
SKU-SHO-0040,Shorts,S,64,640,N,8/20/2023
SKU-TSH-0041,Tshirts,XXL,72,999,N,8/20/2023
SKU-CRO-0042,Croptops,M,55,550,N,8/20/2023
SKU-CRO-0043,Croptops,L,8,80,N,8/20/2023
SKU-JAC-0044,Jackets,S,52,312,N,8/20/2023
SKU-SHI-0045,Shirts,M,56,336,N,8/20/2023
SKU-JAC-0046,Jackets,S,74,370,N,8/20/2023
SKU-PAN-0047,Pants,XS,50,375,N,8/20/2023
SKU-CRO-0048,Croptops,XS,0,0,N,8/20/2023
SKU-TSH-0049,Tshirts,S,73,547.5,N,8/20/2023
SKU-SHO-0050,Shorts,XS,72,720,N,8/20/2023
SKU-SHI-0051,Shirts,XXL,12,90,N,8/20/2023
SKU-SHI-0052,Shirts,M,27,270,N,8/20/2023
SKU-JAC-0053,Jackets,S,22,999,N,8/20/2023
SKU-SHI-0054,Shirts,S,33,247.5,N,8/20/2023
SKU-JAC-0055,Jackets,M,72,432,N,8/20/2023
SKU-SHI-0001,Shirts,XXL,0,0,N,8/27/2023
SKU-PAN-0002,Pants,L,0,0,N,8/27/2023
SKU-SHI-0003,Shirts,M,0,0,N,8/27/2023
SKU-TSH-0004,Tshirts,M,0,0,N,8/27/2023
SKU-CRO-0005,Croptops,M,0,0,N,8/27/2023
SKU-SHI-0006,Shirts,XXL,0,0,N,8/27/2023
SKU-CRO-0007,Croptops,XXL,0,0,N,8/27/2023
SKU-PAN-0008,Pants,XXL,0,0,N,8/27/2023
SKU-PAN-0009,Pants,M,0,0,N,8/27/2023
SKU-TSH-0010,Tshirts,XXL,0,0,N,8/27/2023
SKU-SHO-0011,Shorts,XXL,0,0,N,8/27/2023
SKU-TSH-0012,Tshirts,S,0,0,N,8/27/2023
SKU-SHI-0013,Shirts,XL,0,0,N,8/27/2023
SKU-CRO-0014,Croptops,S,0,0,N,8/27/2023
SKU-SHI-0015,Shirts,S,0,0,N,8/27/2023
SKU-PAN-0016,Pants,M,0,0,N,8/27/2023
SKU-SHI-0017,Shirts,XL,0,0,N,8/27/2023
SKU-PAN-0018,Pants,XS,0,0,N,8/27/2023
SKU-CRO-0019,Croptops,XS,0,0,N,8/27/2023
SKU-PAN-0020,Pants,M,0,0,N,8/27/2023
SKU-PAN-0021,Pants,L,0,0,N,8/27/2023
SKU-PAN-0022,Pants,XS,0,0,N,8/27/2023
SKU-SHO-0023,Shorts,XL,0,0,N,8/27/2023
SKU-SHI-0024,Shirts,L,0,0,N,8/27/2023
SKU-JAC-0025,Jackets,M,0,0,N,8/27/2023
SKU-PAN-0026,Pants,XXL,0,0,N,8/27/2023
SKU-JAC-0027,Jackets,XXL,0,0,N,8/27/2023
SKU-PAN-0028,Pants,S,0,0,N,8/27/2023
SKU-TSH-0029,Tshirts,XL,2,15,N,8/27/2023
SKU-CRO-0030,Croptops,XL,0,0,N,8/27/2023
SKU-JAC-0031,Jackets,L,0,0,N,8/27/2023
SKU-TSH-0032,Tshirts,XL,22,110,N,8/27/2023
SKU-SHO-0033,Shorts,M,37,185,N,8/27/2023
SKU-PAN-0034,Pants,XS,9,45,N,8/27/2023
SKU-CRO-0035,Croptops,S,0,0,N,8/27/2023
SKU-SHI-0036,Shirts,XS,51,306,N,8/27/2023
SKU-CRO-0037,Croptops,XS,53,318,N,8/27/2023
SKU-CRO-0038,Croptops,XXL,0,0,N,8/27/2023
SKU-SHO-0039,Shorts,XS,39,130,N,8/27/2023
SKU-SHO-0040,Shorts,XL,63,630,N,8/27/2023
SKU-TSH-0041,Tshirts,XL,71,999,N,8/27/2023
SKU-CRO-0042,Croptops,S,54,540,N,8/27/2023
SKU-CRO-0043,Croptops,L,5,30,N,8/27/2023
SKU-JAC-0044,Jackets,XS,51,382.5,N,8/27/2023
SKU-SHI-0045,Shirts,L,56,336,N,8/27/2023
SKU-JAC-0046,Jackets,XL,73,438,N,8/27/2023
SKU-PAN-0047,Pants,S,50,375,N,8/27/2023
SKU-CRO-0048,Croptops,S,0,0,N,8/27/2023
SKU-TSH-0049,Tshirts,L,71,355,N,8/27/2023
SKU-SHO-0050,Shorts,M,70,420,N,8/27/2023
SKU-SHI-0051,Shirts,XL,11,82.5,N,8/27/2023
SKU-SHI-0052,Shirts,XXL,25,150,N,8/27/2023
SKU-JAC-0053,Jackets,XXL,22,999,N,8/27/2023
SKU-SHI-0054,Shirts,S,31,186,N,8/27/2023
SKU-JAC-0055,Jackets,XS,71,355,N,8/27/2023
SKU-SHI-0001,Shirts,XL,0,0,N,9/3/2023
SKU-PAN-0002,Pants,S,0,0,N,9/3/2023
SKU-SHI-0003,Shirts,L,0,0,N,9/3/2023
SKU-TSH-0004,Tshirts,L,0,0,N,9/3/2023
SKU-CRO-0005,Croptops,XL,0,0,N,9/3/2023
SKU-SHI-0006,Shirts,S,0,0,N,9/3/2023
SKU-CRO-0007,Croptops,L,0,0,N,9/3/2023
SKU-PAN-0008,Pants,XXL,0,0,N,9/3/2023
SKU-PAN-0009,Pants,M,0,0,N,9/3/2023
SKU-TSH-0010,Tshirts,L,0,0,N,9/3/2023
SKU-SHO-0011,Shorts,L,0,0,N,9/3/2023
SKU-TSH-0012,Tshirts,S,0,0,N,9/3/2023
SKU-SHI-0013,Shirts,XL,0,0,N,9/3/2023
SKU-CRO-0014,Croptops,XS,0,0,N,9/3/2023
SKU-SHI-0015,Shirts,XS,0,0,N,9/3/2023
SKU-PAN-0016,Pants,XS,0,0,N,9/3/2023
SKU-SHI-0017,Shirts,M,0,0,N,9/3/2023
SKU-PAN-0018,Pants,XXL,0,0,N,9/3/2023
SKU-CRO-0019,Croptops,M,0,0,N,9/3/2023
SKU-PAN-0020,Pants,M,0,0,N,9/3/2023
SKU-PAN-0021,Pants,XXL,0,0,N,9/3/2023
SKU-PAN-0022,Pants,L,0,0,N,9/3/2023
SKU-SHO-0023,Shorts,M,0,0,N,9/3/2023
SKU-SHI-0024,Shirts,M,0,0,N,9/3/2023
SKU-JAC-0025,Jackets,L,0,0,N,9/3/2023
SKU-PAN-0026,Pants,S,0,0,N,9/3/2023
SKU-JAC-0027,Jackets,XS,0,0,N,9/3/2023
SKU-PAN-0028,Pants,XL,0,0,N,9/3/2023
SKU-TSH-0029,Tshirts,L,2,15,N,9/3/2023
SKU-CRO-0030,Croptops,XL,0,0,N,9/3/2023
SKU-JAC-0031,Jackets,XL,0,0,N,9/3/2023
SKU-TSH-0032,Tshirts,L,21,126,N,9/3/2023
SKU-SHO-0033,Shorts,XL,33,110,N,9/3/2023
SKU-PAN-0034,Pants,L,7,35,N,9/3/2023
SKU-CRO-0035,Croptops,XS,0,0,N,9/3/2023
SKU-SHI-0036,Shirts,L,50,300,N,9/3/2023
SKU-CRO-0037,Croptops,S,52,390,N,9/3/2023
SKU-CRO-0038,Croptops,XS,0,0,N,9/3/2023
SKU-SHO-0039,Shorts,L,39,167.1,N,9/3/2023
SKU-SHO-0040,Shorts,XS,61,610,N,9/3/2023
SKU-TSH-0041,Tshirts,S,71,999,N,9/3/2023
SKU-CRO-0042,Croptops,XS,51,306,N,9/3/2023
SKU-CRO-0043,Croptops,L,3,12.9,N,9/3/2023
SKU-JAC-0044,Jackets,S,51,382.5,N,9/3/2023
SKU-SHI-0045,Shirts,XXL,56,560,N,9/3/2023
SKU-JAC-0046,Jackets,XS,73,547.5,N,9/3/2023
SKU-PAN-0047,Pants,XS,49,367.5,N,9/3/2023
SKU-CRO-0048,Croptops,XXL,0,0,N,9/3/2023
SKU-TSH-0049,Tshirts,XL,71,426,N,9/3/2023
SKU-SHO-0050,Shorts,M,70,525,N,9/3/2023
SKU-SHI-0051,Shirts,M,10,60,N,9/3/2023
SKU-SHI-0052,Shirts,L,25,150,N,9/3/2023
SKU-JAC-0053,Jackets,S,20,300,N,9/3/2023
SKU-SHI-0054,Shirts,XXL,31,465,N,9/3/2023
SKU-JAC-0055,Jackets,XL,71,532.5,N,9/3/2023
SKU-SHI-0001,Shirts,M,0,0,N,9/10/2023
SKU-PAN-0002,Pants,XL,0,0,N,9/10/2023
SKU-SHI-0003,Shirts,XS,0,0,N,9/10/2023
SKU-TSH-0004,Tshirts,M,0,0,N,9/10/2023
SKU-CRO-0005,Croptops,XL,0,0,N,9/10/2023
SKU-SHI-0006,Shirts,XL,0,0,N,9/10/2023
SKU-CRO-0007,Croptops,L,0,0,N,9/10/2023
SKU-PAN-0008,Pants,M,0,0,N,9/10/2023
SKU-PAN-0009,Pants,XL,0,0,N,9/10/2023
SKU-TSH-0010,Tshirts,L,0,0,N,9/10/2023
SKU-SHO-0011,Shorts,XL,0,0,N,9/10/2023
SKU-TSH-0012,Tshirts,XS,0,0,N,9/10/2023
SKU-SHI-0013,Shirts,XS,0,0,N,9/10/2023
SKU-CRO-0014,Croptops,XL,0,0,N,9/10/2023
SKU-SHI-0015,Shirts,S,0,0,N,9/10/2023
SKU-PAN-0016,Pants,M,0,0,N,9/10/2023
SKU-SHI-0017,Shirts,L,0,0,N,9/10/2023
SKU-PAN-0018,Pants,M,0,0,N,9/10/2023
SKU-CRO-0019,Croptops,M,0,0,N,9/10/2023
SKU-PAN-0020,Pants,XL,0,0,N,9/10/2023
SKU-PAN-0021,Pants,S,0,0,N,9/10/2023
SKU-PAN-0022,Pants,XL,0,0,N,9/10/2023
SKU-SHO-0023,Shorts,XS,0,0,N,9/10/2023
SKU-SHI-0024,Shirts,XL,0,0,N,9/10/2023
SKU-JAC-0025,Jackets,XS,0,0,N,9/10/2023
SKU-PAN-0026,Pants,S,0,0,N,9/10/2023
SKU-JAC-0027,Jackets,L,0,0,N,9/10/2023
SKU-PAN-0028,Pants,XS,0,0,N,9/10/2023
SKU-TSH-0029,Tshirts,L,0,0,N,9/10/2023
SKU-CRO-0030,Croptops,XS,0,0,N,9/10/2023
SKU-JAC-0031,Jackets,M,0,0,N,9/10/2023
SKU-TSH-0032,Tshirts,XXL,21,126,N,9/10/2023
SKU-SHO-0033,Shorts,S,30,90,N,9/10/2023
SKU-PAN-0034,Pants,XXL,6,25.7,N,9/10/2023
SKU-CRO-0035,Croptops,XL,0,0,N,9/10/2023
SKU-SHI-0036,Shirts,XL,50,375,N,9/10/2023
SKU-CRO-0037,Croptops,L,51,510,N,9/10/2023
SKU-CRO-0038,Croptops,M,0,0,N,9/10/2023
SKU-SHO-0039,Shorts,XS,39,292.5,N,9/10/2023
SKU-SHO-0040,Shorts,XS,60,450,N,9/10/2023
SKU-TSH-0041,Tshirts,M,68,510,N,9/10/2023
SKU-CRO-0042,Croptops,XS,50,250,N,9/10/2023
SKU-CRO-0043,Croptops,S,2,7.5,N,9/10/2023
SKU-JAC-0044,Jackets,XL,50,500,N,9/10/2023
SKU-SHI-0045,Shirts,S,56,999,N,9/10/2023
SKU-JAC-0046,Jackets,L,72,720,N,9/10/2023
SKU-PAN-0047,Pants,XS,48,360,N,9/10/2023
SKU-CRO-0048,Croptops,M,0,0,N,9/10/2023
SKU-TSH-0049,Tshirts,XS,71,710,N,9/10/2023
SKU-SHO-0050,Shorts,M,70,525,N,9/10/2023
SKU-SHI-0051,Shirts,XL,9,67.5,N,9/10/2023
SKU-SHI-0052,Shirts,S,25,187.5,N,9/10/2023
SKU-JAC-0053,Jackets,M,20,300,N,9/10/2023
SKU-SHI-0054,Shirts,S,31,465,N,9/10/2023
SKU-JAC-0055,Jackets,M,70,525,N,9/10/2023
SKU-SHI-0001,Shirts,XS,0,0,N,9/17/2023
SKU-PAN-0002,Pants,L,0,0,N,9/17/2023
SKU-SHI-0003,Shirts,S,0,0,N,9/17/2023
SKU-TSH-0004,Tshirts,XXL,0,0,N,9/17/2023
SKU-CRO-0005,Croptops,M,0,0,N,9/17/2023
SKU-SHI-0006,Shirts,XL,0,0,N,9/17/2023
SKU-CRO-0007,Croptops,S,0,0,N,9/17/2023
SKU-PAN-0008,Pants,M,0,0,N,9/17/2023
SKU-PAN-0009,Pants,XXL,0,0,N,9/17/2023
SKU-TSH-0010,Tshirts,XL,0,0,N,9/17/2023
SKU-SHO-0011,Shorts,S,0,0,N,9/17/2023
SKU-TSH-0012,Tshirts,S,0,0,N,9/17/2023
SKU-SHI-0013,Shirts,XXL,0,0,N,9/17/2023
SKU-CRO-0014,Croptops,XXL,0,0,N,9/17/2023
SKU-SHI-0015,Shirts,XS,0,0,N,9/17/2023
SKU-PAN-0016,Pants,XL,0,0,N,9/17/2023
SKU-SHI-0017,Shirts,L,0,0,N,9/17/2023
SKU-PAN-0018,Pants,L,0,0,N,9/17/2023
SKU-CRO-0019,Croptops,XS,0,0,N,9/17/2023
SKU-PAN-0020,Pants,XS,0,0,N,9/17/2023
SKU-PAN-0021,Pants,M,0,0,N,9/17/2023
SKU-PAN-0022,Pants,XXL,0,0,N,9/17/2023
SKU-SHO-0023,Shorts,XL,0,0,N,9/17/2023
SKU-SHI-0024,Shirts,XXL,0,0,N,9/17/2023
SKU-JAC-0025,Jackets,XL,0,0,N,9/17/2023
SKU-PAN-0026,Pants,XS,0,0,N,9/17/2023
SKU-JAC-0027,Jackets,L,0,0,N,9/17/2023
SKU-PAN-0028,Pants,S,0,0,N,9/17/2023
SKU-TSH-0029,Tshirts,XL,0,0,N,9/17/2023
SKU-CRO-0030,Croptops,XL,0,0,N,9/17/2023
SKU-JAC-0031,Jackets,M,0,0,N,9/17/2023
SKU-TSH-0032,Tshirts,L,20,150,N,9/17/2023
SKU-SHO-0033,Shorts,XS,29,87,N,9/17/2023
SKU-PAN-0034,Pants,XL,2,6,N,9/17/2023
SKU-CRO-0035,Croptops,S,0,0,N,9/17/2023
SKU-SHI-0036,Shirts,M,49,735,N,9/17/2023
SKU-CRO-0037,Croptops,L,51,765,N,9/17/2023
SKU-CRO-0038,Croptops,S,0,0,N,9/17/2023
SKU-SHO-0039,Shorts,S,38,285,N,9/17/2023
SKU-SHO-0040,Shorts,L,59,354,N,9/17/2023
SKU-TSH-0041,Tshirts,XL,66,330,N,9/17/2023
SKU-CRO-0042,Croptops,L,49,245,N,9/17/2023
SKU-CRO-0043,Croptops,M,2,10,N,9/17/2023
SKU-JAC-0044,Jackets,S,49,490,N,9/17/2023
SKU-SHI-0045,Shirts,M,56,999,N,9/17/2023
SKU-JAC-0046,Jackets,S,72,720,N,9/17/2023
SKU-PAN-0047,Pants,M,48,720,N,9/17/2023
SKU-CRO-0048,Croptops,XL,0,0,N,9/17/2023
SKU-TSH-0049,Tshirts,S,71,999,N,9/17/2023
SKU-SHO-0050,Shorts,XL,69,517.5,N,9/17/2023
SKU-SHI-0051,Shirts,XXL,9,67.5,N,9/17/2023
SKU-SHI-0052,Shirts,XL,25,375,N,9/17/2023
SKU-JAC-0053,Jackets,XS,20,300,N,9/17/2023
SKU-SHI-0054,Shirts,M,30,300,N,9/17/2023
SKU-JAC-0055,Jackets,M,68,510,N,9/17/2023
SKU-SHI-0001,Shirts,XS,0,0,N,9/24/2023
SKU-PAN-0002,Pants,S,0,0,N,9/24/2023
SKU-SHI-0003,Shirts,XXL,0,0,N,9/24/2023
SKU-TSH-0004,Tshirts,XL,0,0,N,9/24/2023
SKU-CRO-0005,Croptops,XL,0,0,N,9/24/2023
SKU-SHI-0006,Shirts,XS,0,0,N,9/24/2023
SKU-CRO-0007,Croptops,XXL,0,0,N,9/24/2023
SKU-PAN-0008,Pants,L,0,0,N,9/24/2023
SKU-PAN-0009,Pants,L,0,0,N,9/24/2023
SKU-TSH-0010,Tshirts,S,0,0,N,9/24/2023
SKU-SHO-0011,Shorts,XL,0,0,N,9/24/2023
SKU-TSH-0012,Tshirts,XXL,0,0,N,9/24/2023
SKU-SHI-0013,Shirts,XXL,0,0,N,9/24/2023
SKU-CRO-0014,Croptops,L,0,0,N,9/24/2023
SKU-SHI-0015,Shirts,XS,0,0,N,9/24/2023
SKU-PAN-0016,Pants,L,0,0,N,9/24/2023
SKU-SHI-0017,Shirts,S,0,0,N,9/24/2023
SKU-PAN-0018,Pants,S,0,0,N,9/24/2023
SKU-CRO-0019,Croptops,S,0,0,N,9/24/2023
SKU-PAN-0020,Pants,XL,0,0,N,9/24/2023
SKU-PAN-0021,Pants,S,0,0,N,9/24/2023
SKU-PAN-0022,Pants,S,0,0,N,9/24/2023
SKU-SHO-0023,Shorts,L,0,0,N,9/24/2023
SKU-SHI-0024,Shirts,XS,0,0,N,9/24/2023
SKU-JAC-0025,Jackets,XS,0,0,N,9/24/2023
SKU-PAN-0026,Pants,XS,0,0,N,9/24/2023
SKU-JAC-0027,Jackets,XL,0,0,N,9/24/2023
SKU-PAN-0028,Pants,L,0,0,N,9/24/2023
SKU-TSH-0029,Tshirts,S,0,0,N,9/24/2023
SKU-CRO-0030,Croptops,S,0,0,N,9/24/2023
SKU-JAC-0031,Jackets,S,0,0,N,9/24/2023
SKU-TSH-0032,Tshirts,M,20,300,N,9/24/2023
SKU-SHO-0033,Shorts,XL,28,84,N,9/24/2023
SKU-PAN-0034,Pants,XXL,1,3.3,N,9/24/2023
SKU-CRO-0035,Croptops,XS,0,0,N,9/24/2023
SKU-SHI-0036,Shirts,XXL,48,480,N,9/24/2023
SKU-CRO-0037,Croptops,L,51,765,N,9/24/2023
SKU-CRO-0038,Croptops,M,0,0,N,9/24/2023
SKU-SHO-0039,Shorts,XL,34,170,N,9/24/2023
SKU-SHO-0040,Shorts,XS,58,348,N,9/24/2023
SKU-TSH-0041,Tshirts,XXL,64,240,N,9/24/2023
SKU-CRO-0042,Croptops,XXL,49,294,N,9/24/2023
SKU-CRO-0043,Croptops,L,0,0,N,9/24/2023
SKU-JAC-0044,Jackets,XXL,46,276,N,9/24/2023
SKU-SHI-0045,Shirts,M,55,999,N,9/24/2023
SKU-JAC-0046,Jackets,S,72,999,N,9/24/2023
SKU-PAN-0047,Pants,S,47,470,N,9/24/2023
SKU-CRO-0048,Croptops,M,0,0,N,9/24/2023
SKU-TSH-0049,Tshirts,M,70,700,N,9/24/2023
SKU-SHO-0050,Shorts,M,68,999,N,9/24/2023
SKU-SHI-0051,Shirts,L,7,42,N,9/24/2023
SKU-SHI-0052,Shirts,XS,25,999,N,9/24/2023
SKU-JAC-0053,Jackets,M,20,300,N,9/24/2023
SKU-SHI-0054,Shirts,XS,28,280,N,9/24/2023
SKU-JAC-0055,Jackets,XL,67,502.5,N,9/24/2023
SKU-SHI-0001,Shirts,XS,0,0,N,10/1/2023
SKU-PAN-0002,Pants,XXL,0,0,N,10/1/2023
SKU-SHI-0003,Shirts,M,0,0,N,10/1/2023
SKU-TSH-0004,Tshirts,L,0,0,N,10/1/2023
SKU-CRO-0005,Croptops,XS,0,0,N,10/1/2023
SKU-SHI-0006,Shirts,S,0,0,N,10/1/2023
SKU-CRO-0007,Croptops,XS,0,0,N,10/1/2023
SKU-PAN-0008,Pants,XXL,0,0,N,10/1/2023
SKU-PAN-0009,Pants,XS,0,0,N,10/1/2023
SKU-TSH-0010,Tshirts,M,0,0,N,10/1/2023
SKU-SHO-0011,Shorts,L,0,0,N,10/1/2023
SKU-TSH-0012,Tshirts,XS,0,0,N,10/1/2023
SKU-SHI-0013,Shirts,XL,0,0,N,10/1/2023
SKU-CRO-0014,Croptops,XXL,0,0,N,10/1/2023
SKU-SHI-0015,Shirts,S,0,0,N,10/1/2023
SKU-PAN-0016,Pants,XS,0,0,N,10/1/2023
SKU-SHI-0017,Shirts,S,0,0,N,10/1/2023
SKU-PAN-0018,Pants,S,0,0,N,10/1/2023
SKU-CRO-0019,Croptops,XL,0,0,N,10/1/2023
SKU-PAN-0020,Pants,XS,0,0,N,10/1/2023
SKU-PAN-0021,Pants,L,0,0,N,10/1/2023
SKU-PAN-0022,Pants,XXL,0,0,N,10/1/2023
SKU-SHO-0023,Shorts,XL,0,0,N,10/1/2023
SKU-SHI-0024,Shirts,L,0,0,N,10/1/2023
SKU-JAC-0025,Jackets,S,0,0,N,10/1/2023
SKU-PAN-0026,Pants,L,0,0,N,10/1/2023
SKU-JAC-0027,Jackets,XXL,0,0,N,10/1/2023
SKU-PAN-0028,Pants,XS,0,0,N,10/1/2023
SKU-TSH-0029,Tshirts,XXL,0,0,N,10/1/2023
SKU-CRO-0030,Croptops,XXL,0,0,N,10/1/2023
SKU-JAC-0031,Jackets,L,0,0,N,10/1/2023
SKU-TSH-0032,Tshirts,S,18,180,N,10/1/2023
SKU-SHO-0033,Shorts,L,24,80,N,10/1/2023
SKU-PAN-0034,Pants,XXL,1,5,N,10/1/2023
SKU-CRO-0035,Croptops,XS,0,0,N,10/1/2023
SKU-SHI-0036,Shirts,M,47,352.5,N,10/1/2023
SKU-CRO-0037,Croptops,XXL,51,999,N,10/1/2023
SKU-CRO-0038,Croptops,XS,0,0,N,10/1/2023
SKU-SHO-0039,Shorts,XS,34,204,N,10/1/2023
SKU-SHO-0040,Shorts,M,56,336,N,10/1/2023
SKU-TSH-0041,Tshirts,M,64,274.3,N,10/1/2023
SKU-CRO-0042,Croptops,S,49,490,N,10/1/2023
SKU-CRO-0043,Croptops,M,0,0,N,10/1/2023
SKU-JAC-0044,Jackets,S,46,276,N,10/1/2023
SKU-SHI-0045,Shirts,S,55,999,N,10/1/2023
SKU-JAC-0046,Jackets,S,72,999,N,10/1/2023
SKU-PAN-0047,Pants,XL,45,270,N,10/1/2023
SKU-CRO-0048,Croptops,L,0,0,N,10/1/2023
SKU-TSH-0049,Tshirts,M,70,999,N,10/1/2023
SKU-SHO-0050,Shorts,L,67,670,N,10/1/2023
SKU-SHI-0051,Shirts,XXL,6,45,N,10/1/2023
SKU-SHI-0052,Shirts,L,24,720,N,10/1/2023
SKU-JAC-0053,Jackets,XXL,20,600,N,10/1/2023
SKU-SHI-0054,Shirts,L,28,280,N,10/1/2023
SKU-JAC-0055,Jackets,XXL,67,502.5,N,10/1/2023
SKU-SHI-0001,Shirts,XS,0,0,N,10/8/2023
SKU-PAN-0002,Pants,XL,0,0,N,10/8/2023
SKU-SHI-0003,Shirts,M,0,0,N,10/8/2023
SKU-TSH-0004,Tshirts,S,0,0,N,10/8/2023
SKU-CRO-0005,Croptops,XXL,0,0,N,10/8/2023
SKU-SHI-0006,Shirts,S,0,0,N,10/8/2023
SKU-CRO-0007,Croptops,XL,0,0,N,10/8/2023
SKU-PAN-0008,Pants,XL,0,0,N,10/8/2023
SKU-PAN-0009,Pants,M,0,0,N,10/8/2023
SKU-TSH-0010,Tshirts,XL,0,0,N,10/8/2023
SKU-SHO-0011,Shorts,XXL,0,0,N,10/8/2023
SKU-TSH-0012,Tshirts,S,0,0,N,10/8/2023
SKU-SHI-0013,Shirts,XXL,0,0,N,10/8/2023
SKU-CRO-0014,Croptops,XS,0,0,N,10/8/2023
SKU-SHI-0015,Shirts,M,0,0,N,10/8/2023
SKU-PAN-0016,Pants,XS,0,0,N,10/8/2023
SKU-SHI-0017,Shirts,S,0,0,N,10/8/2023
SKU-PAN-0018,Pants,XS,0,0,N,10/8/2023
SKU-CRO-0019,Croptops,L,0,0,N,10/8/2023
SKU-PAN-0020,Pants,XL,0,0,N,10/8/2023
SKU-PAN-0021,Pants,XS,0,0,N,10/8/2023
SKU-PAN-0022,Pants,XXL,0,0,N,10/8/2023
SKU-SHO-0023,Shorts,XS,0,0,N,10/8/2023
SKU-SHI-0024,Shirts,XS,0,0,N,10/8/2023
SKU-JAC-0025,Jackets,S,0,0,N,10/8/2023
SKU-PAN-0026,Pants,XXL,0,0,N,10/8/2023
SKU-JAC-0027,Jackets,XXL,0,0,N,10/8/2023
SKU-PAN-0028,Pants,XXL,0,0,N,10/8/2023
SKU-TSH-0029,Tshirts,XXL,0,0,N,10/8/2023
SKU-CRO-0030,Croptops,XXL,0,0,N,10/8/2023
SKU-JAC-0031,Jackets,XS,0,0,N,10/8/2023
SKU-TSH-0032,Tshirts,XXL,18,180,N,10/8/2023
SKU-SHO-0033,Shorts,L,24,102.9,N,10/8/2023
SKU-PAN-0034,Pants,XL,0,0,N,10/8/2023
SKU-CRO-0035,Croptops,XL,0,0,N,10/8/2023
SKU-SHI-0036,Shirts,M,47,470,N,10/8/2023
SKU-CRO-0037,Croptops,XXL,49,490,N,10/8/2023
SKU-CRO-0038,Croptops,M,0,0,N,10/8/2023
SKU-SHO-0039,Shorts,S,33,165,N,10/8/2023
SKU-SHO-0040,Shorts,XS,55,330,N,10/8/2023
SKU-TSH-0041,Tshirts,L,61,203.3,N,10/8/2023
SKU-CRO-0042,Croptops,XXL,49,999,N,10/8/2023
SKU-CRO-0043,Croptops,XS,0,0,N,10/8/2023
SKU-JAC-0044,Jackets,XS,45,270,N,10/8/2023
SKU-SHI-0045,Shirts,M,55,999,N,10/8/2023
SKU-JAC-0046,Jackets,M,70,999,N,10/8/2023
SKU-PAN-0047,Pants,L,43,258,N,10/8/2023
SKU-CRO-0048,Croptops,XL,0,0,N,10/8/2023
SKU-TSH-0049,Tshirts,S,69,999,N,10/8/2023
SKU-SHO-0050,Shorts,XXL,66,495,N,10/8/2023
SKU-SHI-0051,Shirts,XXL,5,37.5,N,10/8/2023
SKU-SHI-0052,Shirts,M,20,120,N,10/8/2023
SKU-JAC-0053,Jackets,XL,18,270,N,10/8/2023
SKU-SHI-0054,Shirts,XL,26,156,N,10/8/2023
SKU-JAC-0055,Jackets,M,67,670,N,10/8/2023
SKU-SHI-0001,Shirts,L,0,0,N,10/15/2023
SKU-PAN-0002,Pants,XL,0,0,N,10/15/2023
SKU-SHI-0003,Shirts,XXL,0,0,N,10/15/2023
SKU-TSH-0004,Tshirts,XS,0,0,N,10/15/2023
SKU-CRO-0005,Croptops,S,0,0,N,10/15/2023
SKU-SHI-0006,Shirts,S,0,0,N,10/15/2023
SKU-CRO-0007,Croptops,XL,0,0,N,10/15/2023
SKU-PAN-0008,Pants,L,0,0,N,10/15/2023
SKU-PAN-0009,Pants,M,0,0,N,10/15/2023
SKU-TSH-0010,Tshirts,L,0,0,N,10/15/2023
SKU-SHO-0011,Shorts,XXL,0,0,N,10/15/2023
SKU-TSH-0012,Tshirts,S,0,0,N,10/15/2023
SKU-SHI-0013,Shirts,XXL,0,0,N,10/15/2023
SKU-CRO-0014,Croptops,L,0,0,N,10/15/2023
SKU-SHI-0015,Shirts,L,0,0,N,10/15/2023
SKU-PAN-0016,Pants,M,0,0,N,10/15/2023
SKU-SHI-0017,Shirts,S,0,0,N,10/15/2023
SKU-PAN-0018,Pants,XS,0,0,N,10/15/2023
SKU-CRO-0019,Croptops,S,0,0,N,10/15/2023
SKU-PAN-0020,Pants,XL,0,0,N,10/15/2023
SKU-PAN-0021,Pants,M,0,0,N,10/15/2023
SKU-PAN-0022,Pants,S,0,0,N,10/15/2023
SKU-SHO-0023,Shorts,M,0,0,N,10/15/2023
SKU-SHI-0024,Shirts,XXL,0,0,N,10/15/2023
SKU-JAC-0025,Jackets,S,0,0,N,10/15/2023
SKU-PAN-0026,Pants,XS,0,0,N,10/15/2023
SKU-JAC-0027,Jackets,XXL,0,0,N,10/15/2023
SKU-PAN-0028,Pants,L,0,0,N,10/15/2023
SKU-TSH-0029,Tshirts,XL,0,0,N,10/15/2023
SKU-CRO-0030,Croptops,XL,0,0,N,10/15/2023
SKU-JAC-0031,Jackets,XS,0,0,N,10/15/2023
SKU-TSH-0032,Tshirts,L,16,120,N,10/15/2023
SKU-SHO-0033,Shorts,L,24,144,N,10/15/2023
SKU-PAN-0034,Pants,M,0,0,N,10/15/2023
SKU-CRO-0035,Croptops,XXL,0,0,N,10/15/2023
SKU-SHI-0036,Shirts,XXL,45,270,N,10/15/2023
SKU-CRO-0037,Croptops,M,47,352.5,N,10/15/2023
SKU-CRO-0038,Croptops,XL,0,0,N,10/15/2023
SKU-SHO-0039,Shorts,M,33,198,N,10/15/2023
SKU-SHO-0040,Shorts,XXL,53,265,N,10/15/2023
SKU-TSH-0041,Tshirts,M,61,366,N,10/15/2023
SKU-CRO-0042,Croptops,XS,49,999,N,10/15/2023
SKU-CRO-0043,Croptops,S,0,0,N,10/15/2023
SKU-JAC-0044,Jackets,M,43,184.3,N,10/15/2023
SKU-SHI-0045,Shirts,M,54,810,N,10/15/2023
SKU-JAC-0046,Jackets,S,69,690,N,10/15/2023
SKU-PAN-0047,Pants,XL,38,114,N,10/15/2023
SKU-CRO-0048,Croptops,XL,0,0,N,10/15/2023
SKU-TSH-0049,Tshirts,S,66,396,N,10/15/2023
SKU-SHO-0050,Shorts,M,65,487.5,N,10/15/2023
SKU-SHI-0051,Shirts,M,5,37.5,N,10/15/2023
SKU-SHI-0052,Shirts,S,20,120,N,10/15/2023
SKU-JAC-0053,Jackets,S,17,170,N,10/15/2023
SKU-SHI-0054,Shirts,XL,26,195,N,10/15/2023
SKU-JAC-0055,Jackets,XXL,66,660,N,10/15/2023
SKU-SHI-0001,Shirts,XS,0,0,N,10/22/2023
SKU-PAN-0002,Pants,XL,0,0,N,10/22/2023
SKU-SHI-0003,Shirts,L,0,0,N,10/22/2023
SKU-TSH-0004,Tshirts,XS,0,0,N,10/22/2023
SKU-CRO-0005,Croptops,XS,0,0,N,10/22/2023
SKU-SHI-0006,Shirts,XL,0,0,N,10/22/2023
SKU-CRO-0007,Croptops,S,0,0,N,10/22/2023
SKU-PAN-0008,Pants,XXL,0,0,N,10/22/2023
SKU-PAN-0009,Pants,S,0,0,N,10/22/2023
SKU-TSH-0010,Tshirts,XL,0,0,N,10/22/2023
SKU-SHO-0011,Shorts,S,0,0,N,10/22/2023
SKU-TSH-0012,Tshirts,XXL,0,0,N,10/22/2023
SKU-SHI-0013,Shirts,M,0,0,N,10/22/2023
SKU-CRO-0014,Croptops,M,0,0,N,10/22/2023
SKU-SHI-0015,Shirts,XXL,0,0,N,10/22/2023
SKU-PAN-0016,Pants,M,0,0,N,10/22/2023
SKU-SHI-0017,Shirts,XS,0,0,N,10/22/2023
SKU-PAN-0018,Pants,XS,0,0,N,10/22/2023
SKU-CRO-0019,Croptops,XS,0,0,N,10/22/2023
SKU-PAN-0020,Pants,L,0,0,N,10/22/2023
SKU-PAN-0021,Pants,S,0,0,N,10/22/2023
SKU-PAN-0022,Pants,XS,0,0,N,10/22/2023
SKU-SHO-0023,Shorts,L,0,0,N,10/22/2023
SKU-SHI-0024,Shirts,XXL,0,0,N,10/22/2023
SKU-JAC-0025,Jackets,XL,0,0,N,10/22/2023
SKU-PAN-0026,Pants,XS,0,0,N,10/22/2023
SKU-JAC-0027,Jackets,S,0,0,N,10/22/2023
SKU-PAN-0028,Pants,XXL,0,0,N,10/22/2023
SKU-TSH-0029,Tshirts,M,0,0,N,10/22/2023
SKU-CRO-0030,Croptops,XS,0,0,N,10/22/2023
SKU-JAC-0031,Jackets,XL,0,0,N,10/22/2023
SKU-TSH-0032,Tshirts,XL,15,90,N,10/22/2023
SKU-SHO-0033,Shorts,XXL,22,110,N,10/22/2023
SKU-PAN-0034,Pants,L,0,0,N,10/22/2023
SKU-CRO-0035,Croptops,XL,0,0,N,10/22/2023
SKU-SHI-0036,Shirts,S,43,215,N,10/22/2023
SKU-CRO-0037,Croptops,L,42,140,N,10/22/2023
SKU-CRO-0038,Croptops,S,0,0,N,10/22/2023
SKU-SHO-0039,Shorts,L,31,232.5,N,10/22/2023
SKU-SHO-0040,Shorts,XXL,50,187.5,N,10/22/2023
SKU-TSH-0041,Tshirts,M,58,290,N,10/22/2023
SKU-CRO-0042,Croptops,XXL,46,460,N,10/22/2023
SKU-CRO-0043,Croptops,XS,0,0,N,10/22/2023
SKU-JAC-0044,Jackets,XXL,43,258,N,10/22/2023
SKU-SHI-0045,Shirts,S,52,520,N,10/22/2023
SKU-JAC-0046,Jackets,XL,67,402,N,10/22/2023
SKU-PAN-0047,Pants,XS,37,111,N,10/22/2023
SKU-CRO-0048,Croptops,L,0,0,N,10/22/2023
SKU-TSH-0049,Tshirts,S,63,270,N,10/22/2023
SKU-SHO-0050,Shorts,S,64,480,N,10/22/2023
SKU-SHI-0051,Shirts,S,4,30,N,10/22/2023
SKU-SHI-0052,Shirts,XS,18,77.1,N,10/22/2023
SKU-JAC-0053,Jackets,M,16,120,N,10/22/2023
SKU-SHI-0054,Shirts,L,25,150,N,10/22/2023
SKU-JAC-0055,Jackets,XS,65,975,N,10/22/2023
SKU-SHI-0001,Shirts,XS,0,0,N,10/29/2023
SKU-PAN-0002,Pants,L,0,0,N,10/29/2023
SKU-SHI-0003,Shirts,XXL,0,0,N,10/29/2023
SKU-TSH-0004,Tshirts,XL,0,0,N,10/29/2023
SKU-CRO-0005,Croptops,M,0,0,N,10/29/2023
SKU-SHI-0006,Shirts,L,0,0,N,10/29/2023
SKU-CRO-0007,Croptops,S,0,0,N,10/29/2023
SKU-PAN-0008,Pants,XXL,0,0,N,10/29/2023
SKU-PAN-0009,Pants,S,0,0,N,10/29/2023
SKU-TSH-0010,Tshirts,XL,0,0,N,10/29/2023
SKU-SHO-0011,Shorts,L,0,0,N,10/29/2023
SKU-TSH-0012,Tshirts,XS,0,0,N,10/29/2023
SKU-SHI-0013,Shirts,XS,0,0,N,10/29/2023
SKU-CRO-0014,Croptops,S,0,0,N,10/29/2023
SKU-SHI-0015,Shirts,XS,0,0,N,10/29/2023
SKU-PAN-0016,Pants,XL,0,0,N,10/29/2023
SKU-SHI-0017,Shirts,XL,0,0,N,10/29/2023
SKU-PAN-0018,Pants,XS,0,0,N,10/29/2023
SKU-CRO-0019,Croptops,XXL,0,0,N,10/29/2023
SKU-PAN-0020,Pants,S,0,0,N,10/29/2023
SKU-PAN-0021,Pants,M,0,0,N,10/29/2023
SKU-PAN-0022,Pants,XL,0,0,N,10/29/2023
SKU-SHO-0023,Shorts,XXL,0,0,N,10/29/2023
SKU-SHI-0024,Shirts,M,0,0,N,10/29/2023
SKU-JAC-0025,Jackets,XL,0,0,N,10/29/2023
SKU-PAN-0026,Pants,L,0,0,N,10/29/2023
SKU-JAC-0027,Jackets,S,0,0,N,10/29/2023
SKU-PAN-0028,Pants,M,0,0,N,10/29/2023
SKU-TSH-0029,Tshirts,XXL,0,0,N,10/29/2023
SKU-CRO-0030,Croptops,XXL,0,0,N,10/29/2023
SKU-JAC-0031,Jackets,L,0,0,N,10/29/2023
SKU-TSH-0032,Tshirts,L,11,47.1,N,10/29/2023
SKU-SHO-0033,Shorts,XXL,21,90,N,10/29/2023
SKU-PAN-0034,Pants,S,0,0,N,10/29/2023
SKU-CRO-0035,Croptops,XXL,0,0,N,10/29/2023
SKU-SHI-0036,Shirts,XS,43,258,N,10/29/2023
SKU-CRO-0037,Croptops,XL,41,123,N,10/29/2023
SKU-CRO-0038,Croptops,XL,0,0,N,10/29/2023
SKU-SHO-0039,Shorts,XL,29,174,N,10/29/2023
SKU-SHO-0040,Shorts,L,47,156.7,N,10/29/2023
SKU-TSH-0041,Tshirts,M,58,290,N,10/29/2023
SKU-CRO-0042,Croptops,XL,45,337.5,N,10/29/2023
SKU-CRO-0043,Croptops,S,0,0,N,10/29/2023
SKU-JAC-0044,Jackets,L,42,315,N,10/29/2023
SKU-SHI-0045,Shirts,L,50,300,N,10/29/2023
SKU-JAC-0046,Jackets,XXL,65,278.6,N,10/29/2023
SKU-PAN-0047,Pants,XL,36,108,N,10/29/2023
SKU-CRO-0048,Croptops,XXL,0,0,N,10/29/2023
SKU-TSH-0049,Tshirts,XS,61,203.3,N,10/29/2023
SKU-SHO-0050,Shorts,L,63,378,N,10/29/2023
SKU-SHI-0051,Shirts,XS,3,22.5,N,10/29/2023
SKU-SHI-0052,Shirts,XL,17,63.8,N,10/29/2023
SKU-JAC-0053,Jackets,M,15,90,N,10/29/2023
SKU-SHI-0054,Shirts,M,24,180,N,10/29/2023
SKU-JAC-0055,Jackets,XS,63,472.5,N,10/29/2023
SKU-SHI-0001,Shirts,S,0,0,N,11/5/2023
SKU-PAN-0002,Pants,XXL,0,0,N,11/5/2023
SKU-SHI-0003,Shirts,S,0,0,N,11/5/2023
SKU-TSH-0004,Tshirts,XL,0,0,N,11/5/2023
SKU-CRO-0005,Croptops,S,0,0,N,11/5/2023
SKU-SHI-0006,Shirts,XXL,0,0,N,11/5/2023
SKU-CRO-0007,Croptops,M,0,0,N,11/5/2023
SKU-PAN-0008,Pants,XS,0,0,N,11/5/2023
SKU-PAN-0009,Pants,S,0,0,N,11/5/2023
SKU-TSH-0010,Tshirts,L,0,0,N,11/5/2023
SKU-SHO-0011,Shorts,XXL,0,0,N,11/5/2023
SKU-TSH-0012,Tshirts,S,0,0,N,11/5/2023
SKU-SHI-0013,Shirts,XS,0,0,N,11/5/2023
SKU-CRO-0014,Croptops,S,0,0,N,11/5/2023
SKU-SHI-0015,Shirts,L,0,0,N,11/5/2023
SKU-PAN-0016,Pants,XS,0,0,N,11/5/2023
SKU-SHI-0017,Shirts,S,0,0,N,11/5/2023
SKU-PAN-0018,Pants,L,0,0,N,11/5/2023
SKU-CRO-0019,Croptops,XS,0,0,N,11/5/2023
SKU-PAN-0020,Pants,M,0,0,N,11/5/2023
SKU-PAN-0021,Pants,S,0,0,N,11/5/2023
SKU-PAN-0022,Pants,M,0,0,N,11/5/2023
SKU-SHO-0023,Shorts,L,0,0,N,11/5/2023
SKU-SHI-0024,Shirts,L,0,0,N,11/5/2023
SKU-JAC-0025,Jackets,XS,0,0,N,11/5/2023
SKU-PAN-0026,Pants,L,0,0,N,11/5/2023
SKU-JAC-0027,Jackets,XL,0,0,N,11/5/2023
SKU-PAN-0028,Pants,XS,0,0,N,11/5/2023
SKU-TSH-0029,Tshirts,XS,0,0,N,11/5/2023
SKU-CRO-0030,Croptops,S,0,0,N,11/5/2023
SKU-JAC-0031,Jackets,XS,0,0,N,11/5/2023
SKU-TSH-0032,Tshirts,L,7,19.1,N,11/5/2023
SKU-SHO-0033,Shorts,XS,20,150,N,11/5/2023
SKU-PAN-0034,Pants,S,0,0,N,11/5/2023
SKU-CRO-0035,Croptops,XL,0,0,N,11/5/2023
SKU-SHI-0036,Shirts,XS,42,252,N,11/5/2023
SKU-CRO-0037,Croptops,XXL,38,95,N,11/5/2023
SKU-CRO-0038,Croptops,XXL,0,0,N,11/5/2023
SKU-SHO-0039,Shorts,XS,28,140,N,11/5/2023
SKU-SHO-0040,Shorts,XL,45,135,N,11/5/2023
SKU-TSH-0041,Tshirts,XS,58,348,N,11/5/2023
SKU-CRO-0042,Croptops,XL,42,180,N,11/5/2023
SKU-CRO-0043,Croptops,S,0,0,N,11/5/2023
SKU-JAC-0044,Jackets,L,42,420,N,11/5/2023
SKU-SHI-0045,Shirts,S,49,245,N,11/5/2023
SKU-JAC-0046,Jackets,L,63,270,N,11/5/2023
SKU-PAN-0047,Pants,M,35,116.7,N,11/5/2023
SKU-CRO-0048,Croptops,XXL,0,0,N,11/5/2023
SKU-TSH-0049,Tshirts,L,61,228.8,N,11/5/2023
SKU-SHO-0050,Shorts,M,62,465,N,11/5/2023
SKU-SHI-0051,Shirts,XXL,0,0,N,11/5/2023
SKU-SHI-0052,Shirts,XXL,16,96,N,11/5/2023
SKU-JAC-0053,Jackets,L,13,78,N,11/5/2023
SKU-SHI-0054,Shirts,XL,23,230,N,11/5/2023
SKU-JAC-0055,Jackets,XXL,62,372,N,11/5/2023
SKU-SHI-0001,Shirts,L,0,0,N,11/12/2023
SKU-PAN-0002,Pants,XL,0,0,N,11/12/2023
SKU-SHI-0003,Shirts,XS,0,0,N,11/12/2023
SKU-TSH-0004,Tshirts,XL,0,0,N,11/12/2023
SKU-CRO-0005,Croptops,S,0,0,N,11/12/2023
SKU-SHI-0006,Shirts,XS,0,0,N,11/12/2023
SKU-CRO-0007,Croptops,XS,0,0,N,11/12/2023
SKU-PAN-0008,Pants,L,0,0,N,11/12/2023
SKU-PAN-0009,Pants,XL,0,0,N,11/12/2023
SKU-TSH-0010,Tshirts,S,0,0,N,11/12/2023
SKU-SHO-0011,Shorts,S,0,0,N,11/12/2023
SKU-TSH-0012,Tshirts,M,0,0,N,11/12/2023
SKU-SHI-0013,Shirts,M,0,0,N,11/12/2023
SKU-CRO-0014,Croptops,M,0,0,N,11/12/2023
SKU-SHI-0015,Shirts,XL,0,0,N,11/12/2023
SKU-PAN-0016,Pants,XL,0,0,N,11/12/2023
SKU-SHI-0017,Shirts,XS,0,0,N,11/12/2023
SKU-PAN-0018,Pants,XS,0,0,N,11/12/2023
SKU-CRO-0019,Croptops,XL,0,0,N,11/12/2023
SKU-PAN-0020,Pants,S,0,0,N,11/12/2023
SKU-PAN-0021,Pants,S,0,0,N,11/12/2023
SKU-PAN-0022,Pants,XXL,0,0,N,11/12/2023
SKU-SHO-0023,Shorts,XS,0,0,N,11/12/2023
SKU-SHI-0024,Shirts,XL,0,0,N,11/12/2023
SKU-JAC-0025,Jackets,XXL,0,0,N,11/12/2023
SKU-PAN-0026,Pants,XL,0,0,N,11/12/2023
SKU-JAC-0027,Jackets,L,0,0,N,11/12/2023
SKU-PAN-0028,Pants,M,0,0,N,11/12/2023
SKU-TSH-0029,Tshirts,XL,0,0,N,11/12/2023
SKU-CRO-0030,Croptops,XXL,0,0,N,11/12/2023
SKU-JAC-0031,Jackets,XL,0,0,N,11/12/2023
SKU-TSH-0032,Tshirts,M,5,11.5,N,11/12/2023
SKU-SHO-0033,Shorts,XL,20,150,N,11/12/2023
SKU-PAN-0034,Pants,XS,0,0,N,11/12/2023
SKU-CRO-0035,Croptops,XS,0,0,N,11/12/2023
SKU-SHI-0036,Shirts,XXL,42,420,N,11/12/2023
SKU-CRO-0037,Croptops,S,37,111,N,11/12/2023
SKU-CRO-0038,Croptops,S,0,0,N,11/12/2023
SKU-SHO-0039,Shorts,XS,25,93.8,N,11/12/2023
SKU-SHO-0040,Shorts,XXL,41,94.6,N,11/12/2023
SKU-TSH-0041,Tshirts,XS,57,427.5,N,11/12/2023
SKU-CRO-0042,Croptops,XL,42,180,N,11/12/2023
SKU-CRO-0043,Croptops,XS,0,0,N,11/12/2023
SKU-JAC-0044,Jackets,S,40,400,N,11/12/2023
SKU-SHI-0045,Shirts,XXL,49,245,N,11/12/2023
SKU-JAC-0046,Jackets,XL,60,200,N,11/12/2023
SKU-PAN-0047,Pants,XXL,35,175,N,11/12/2023
SKU-CRO-0048,Croptops,L,0,0,N,11/12/2023
SKU-TSH-0049,Tshirts,XS,60,225,N,11/12/2023
SKU-SHO-0050,Shorts,XS,62,465,N,11/12/2023
SKU-SHI-0051,Shirts,S,0,0,N,11/12/2023
SKU-SHI-0052,Shirts,XXL,15,90,N,11/12/2023
SKU-JAC-0053,Jackets,L,11,55,N,11/12/2023
SKU-SHI-0054,Shirts,M,22,165,N,11/12/2023
SKU-JAC-0055,Jackets,XS,61,366,N,11/12/2023
SKU-SHI-0001,Shirts,XXL,0,0,N,11/19/2023
SKU-PAN-0002,Pants,XS,0,0,N,11/19/2023
SKU-SHI-0003,Shirts,M,0,0,N,11/19/2023
SKU-TSH-0004,Tshirts,S,0,0,N,11/19/2023
SKU-CRO-0005,Croptops,M,0,0,N,11/19/2023
SKU-SHI-0006,Shirts,M,0,0,N,11/19/2023
SKU-CRO-0007,Croptops,M,0,0,N,11/19/2023
SKU-PAN-0008,Pants,XXL,0,0,N,11/19/2023
SKU-PAN-0009,Pants,L,0,0,N,11/19/2023
SKU-TSH-0010,Tshirts,L,0,0,N,11/19/2023
SKU-SHO-0011,Shorts,L,0,0,N,11/19/2023
SKU-TSH-0012,Tshirts,M,0,0,N,11/19/2023
SKU-SHI-0013,Shirts,M,0,0,N,11/19/2023
SKU-CRO-0014,Croptops,M,0,0,N,11/19/2023
SKU-SHI-0015,Shirts,L,0,0,N,11/19/2023
SKU-PAN-0016,Pants,S,0,0,N,11/19/2023
SKU-SHI-0017,Shirts,XL,0,0,N,11/19/2023
SKU-PAN-0018,Pants,S,0,0,N,11/19/2023
SKU-CRO-0019,Croptops,L,0,0,N,11/19/2023
SKU-PAN-0020,Pants,XL,0,0,N,11/19/2023
SKU-PAN-0021,Pants,L,0,0,N,11/19/2023
SKU-PAN-0022,Pants,M,0,0,N,11/19/2023
SKU-SHO-0023,Shorts,XL,0,0,N,11/19/2023
SKU-SHI-0024,Shirts,XS,0,0,N,11/19/2023
SKU-JAC-0025,Jackets,M,0,0,N,11/19/2023
SKU-PAN-0026,Pants,M,0,0,N,11/19/2023
SKU-JAC-0027,Jackets,XXL,0,0,N,11/19/2023
SKU-PAN-0028,Pants,XS,0,0,N,11/19/2023
SKU-TSH-0029,Tshirts,XL,0,0,N,11/19/2023
SKU-CRO-0030,Croptops,XL,0,0,N,11/19/2023
SKU-JAC-0031,Jackets,XL,0,0,N,11/19/2023
SKU-TSH-0032,Tshirts,L,5,15,N,11/19/2023
SKU-SHO-0033,Shorts,M,20,200,N,11/19/2023
SKU-PAN-0034,Pants,XXL,0,0,N,11/19/2023
SKU-CRO-0035,Croptops,XL,0,0,N,11/19/2023
SKU-SHI-0036,Shirts,S,42,630,N,11/19/2023
SKU-CRO-0037,Croptops,L,36,135,N,11/19/2023
SKU-CRO-0038,Croptops,XS,0,0,N,11/19/2023
SKU-SHO-0039,Shorts,XL,24,90,N,11/19/2023
SKU-SHO-0040,Shorts,XL,41,136.7,N,11/19/2023
SKU-TSH-0041,Tshirts,XXL,57,999,N,11/19/2023
SKU-CRO-0042,Croptops,M,41,246,N,11/19/2023
SKU-CRO-0043,Croptops,M,0,0,N,11/19/2023
SKU-JAC-0044,Jackets,XXL,38,228,N,11/19/2023
SKU-SHI-0045,Shirts,XL,49,367.5,N,11/19/2023
SKU-JAC-0046,Jackets,S,58,174,N,11/19/2023
SKU-PAN-0047,Pants,L,35,525,N,11/19/2023
SKU-CRO-0048,Croptops,XXL,0,0,N,11/19/2023
SKU-TSH-0049,Tshirts,M,60,360,N,11/19/2023
SKU-SHO-0050,Shorts,M,62,930,N,11/19/2023
SKU-SHI-0051,Shirts,XXL,0,0,N,11/19/2023
SKU-SHI-0052,Shirts,M,13,78,N,11/19/2023
SKU-JAC-0053,Jackets,L,11,55,N,11/19/2023
SKU-SHI-0054,Shirts,XS,20,120,N,11/19/2023
SKU-JAC-0055,Jackets,M,61,457.5,N,11/19/2023
SKU-SHI-0001,Shirts,XXL,0,0,N,11/26/2023
SKU-PAN-0002,Pants,M,0,0,N,11/26/2023
SKU-SHI-0003,Shirts,M,0,0,N,11/26/2023
SKU-TSH-0004,Tshirts,XL,0,0,N,11/26/2023
SKU-CRO-0005,Croptops,S,0,0,N,11/26/2023
SKU-SHI-0006,Shirts,L,0,0,N,11/26/2023
SKU-CRO-0007,Croptops,L,0,0,N,11/26/2023
SKU-PAN-0008,Pants,XS,0,0,N,11/26/2023
SKU-PAN-0009,Pants,XXL,0,0,N,11/26/2023
SKU-TSH-0010,Tshirts,XXL,0,0,N,11/26/2023
SKU-SHO-0011,Shorts,L,0,0,N,11/26/2023
SKU-TSH-0012,Tshirts,XS,0,0,N,11/26/2023
SKU-SHI-0013,Shirts,M,0,0,N,11/26/2023
SKU-CRO-0014,Croptops,L,0,0,N,11/26/2023
SKU-SHI-0015,Shirts,L,0,0,N,11/26/2023
SKU-PAN-0016,Pants,S,0,0,N,11/26/2023
SKU-SHI-0017,Shirts,XL,0,0,N,11/26/2023
SKU-PAN-0018,Pants,XXL,0,0,N,11/26/2023
SKU-CRO-0019,Croptops,XL,0,0,N,11/26/2023
SKU-PAN-0020,Pants,L,0,0,N,11/26/2023
SKU-PAN-0021,Pants,XL,0,0,N,11/26/2023
SKU-PAN-0022,Pants,L,0,0,N,11/26/2023
SKU-SHO-0023,Shorts,XS,0,0,N,11/26/2023
SKU-SHI-0024,Shirts,XXL,0,0,N,11/26/2023
SKU-JAC-0025,Jackets,M,0,0,N,11/26/2023
SKU-PAN-0026,Pants,M,0,0,N,11/26/2023
SKU-JAC-0027,Jackets,XXL,0,0,N,11/26/2023
SKU-PAN-0028,Pants,S,0,0,N,11/26/2023
SKU-TSH-0029,Tshirts,M,0,0,N,11/26/2023
SKU-CRO-0030,Croptops,M,0,0,N,11/26/2023
SKU-JAC-0031,Jackets,XL,0,0,N,11/26/2023
SKU-TSH-0032,Tshirts,L,4,17.1,N,11/26/2023
SKU-SHO-0033,Shorts,XL,18,180,N,11/26/2023
SKU-PAN-0034,Pants,XL,0,0,N,11/26/2023
SKU-CRO-0035,Croptops,L,0,0,N,11/26/2023
SKU-SHI-0036,Shirts,XS,42,999,N,11/26/2023
SKU-CRO-0037,Croptops,XXL,36,180,N,11/26/2023
SKU-CRO-0038,Croptops,M,0,0,N,11/26/2023
SKU-SHO-0039,Shorts,XXL,22,82.5,N,11/26/2023
SKU-SHO-0040,Shorts,XS,39,130,N,11/26/2023
SKU-TSH-0041,Tshirts,XXL,56,840,N,11/26/2023
SKU-CRO-0042,Croptops,M,41,307.5,N,11/26/2023
SKU-CRO-0043,Croptops,M,0,0,N,11/26/2023
SKU-JAC-0044,Jackets,XL,37,185,N,11/26/2023
SKU-SHI-0045,Shirts,XL,49,735,N,11/26/2023
SKU-JAC-0046,Jackets,XL,57,213.8,N,11/26/2023
SKU-PAN-0047,Pants,M,34,510,N,11/26/2023
SKU-CRO-0048,Croptops,M,0,0,N,11/26/2023
SKU-TSH-0049,Tshirts,XXL,59,885,N,11/26/2023
SKU-SHO-0050,Shorts,L,62,930,N,11/26/2023
SKU-SHI-0051,Shirts,XS,0,0,N,11/26/2023
SKU-SHI-0052,Shirts,M,11,55,N,11/26/2023
SKU-JAC-0053,Jackets,S,11,82.5,N,11/26/2023
SKU-SHI-0054,Shirts,M,20,120,N,11/26/2023
SKU-JAC-0055,Jackets,XXL,61,915,N,11/26/2023
SKU-SHI-0001,Shirts,XS,0,0,N,12/3/2023
SKU-PAN-0002,Pants,M,0,0,N,12/3/2023
SKU-SHI-0003,Shirts,M,0,0,N,12/3/2023
SKU-TSH-0004,Tshirts,S,0,0,N,12/3/2023
SKU-CRO-0005,Croptops,L,0,0,N,12/3/2023
SKU-SHI-0006,Shirts,M,0,0,N,12/3/2023
SKU-CRO-0007,Croptops,S,0,0,N,12/3/2023
SKU-PAN-0008,Pants,S,0,0,N,12/3/2023
SKU-PAN-0009,Pants,L,0,0,N,12/3/2023
SKU-TSH-0010,Tshirts,L,0,0,N,12/3/2023
SKU-SHO-0011,Shorts,XS,0,0,N,12/3/2023
SKU-TSH-0012,Tshirts,L,0,0,N,12/3/2023
SKU-SHI-0013,Shirts,M,0,0,N,12/3/2023
SKU-CRO-0014,Croptops,M,0,0,N,12/3/2023
SKU-SHI-0015,Shirts,L,0,0,N,12/3/2023
SKU-PAN-0016,Pants,XS,0,0,N,12/3/2023
SKU-SHI-0017,Shirts,L,0,0,N,12/3/2023
SKU-PAN-0018,Pants,XL,0,0,N,12/3/2023
SKU-CRO-0019,Croptops,M,0,0,N,12/3/2023
SKU-PAN-0020,Pants,XS,0,0,N,12/3/2023
SKU-PAN-0021,Pants,XXL,0,0,N,12/3/2023
SKU-PAN-0022,Pants,XS,0,0,N,12/3/2023
SKU-SHO-0023,Shorts,L,0,0,N,12/3/2023
SKU-SHI-0024,Shirts,XXL,0,999,N,12/3/2023
SKU-JAC-0025,Jackets,L,0,0,N,12/3/2023
SKU-PAN-0026,Pants,L,0,0,N,12/3/2023
SKU-JAC-0027,Jackets,XL,0,0,N,12/3/2023
SKU-PAN-0028,Pants,XS,0,0,N,12/3/2023
SKU-TSH-0029,Tshirts,M,0,0,N,12/3/2023
SKU-CRO-0030,Croptops,XXL,0,0,N,12/3/2023
SKU-JAC-0031,Jackets,XL,0,0,N,12/3/2023
SKU-TSH-0032,Tshirts,S,4,30,N,12/3/2023
SKU-SHO-0033,Shorts,XXL,16,120,N,12/3/2023
SKU-PAN-0034,Pants,XXL,0,0,N,12/3/2023
SKU-CRO-0035,Croptops,M,0,0,N,12/3/2023
SKU-SHI-0036,Shirts,M,42,999,N,12/3/2023
SKU-CRO-0037,Croptops,XS,36,540,N,12/3/2023
SKU-CRO-0038,Croptops,XL,0,0,N,12/3/2023
SKU-SHO-0039,Shorts,XXL,22,110,N,12/3/2023
SKU-SHO-0040,Shorts,XL,39,195,N,12/3/2023
SKU-TSH-0041,Tshirts,XL,56,840,N,12/3/2023
SKU-CRO-0042,Croptops,XXL,40,600,N,12/3/2023
SKU-CRO-0043,Croptops,XXL,0,0,N,12/3/2023
SKU-JAC-0044,Jackets,XS,37,222,N,12/3/2023
SKU-SHI-0045,Shirts,M,47,705,N,12/3/2023
SKU-JAC-0046,Jackets,XL,55,206.2,N,12/3/2023
SKU-PAN-0047,Pants,M,33,495,N,12/3/2023
SKU-CRO-0048,Croptops,XS,0,0,N,12/3/2023
SKU-TSH-0049,Tshirts,S,59,885,N,12/3/2023
SKU-SHO-0050,Shorts,XL,62,999,N,12/3/2023
SKU-SHI-0051,Shirts,XXL,0,0,N,12/3/2023
SKU-SHI-0052,Shirts,XXL,11,66,N,12/3/2023
SKU-JAC-0053,Jackets,XS,11,165,N,12/3/2023
SKU-SHI-0054,Shirts,XL,17,85,N,12/3/2023
SKU-JAC-0055,Jackets,XS,59,442.5,N,12/3/2023
SKU-SHI-0001,Shirts,XXL,0,0,N,12/10/2023
SKU-PAN-0002,Pants,XS,0,0,N,12/10/2023
SKU-SHI-0003,Shirts,XL,0,0,N,12/10/2023
SKU-TSH-0004,Tshirts,XXL,0,0,N,12/10/2023
SKU-CRO-0005,Croptops,L,0,0,N,12/10/2023
SKU-SHI-0006,Shirts,XS,0,0,N,12/10/2023
SKU-CRO-0007,Croptops,L,0,0,N,12/10/2023
SKU-PAN-0008,Pants,XS,0,0,N,12/10/2023
SKU-PAN-0009,Pants,S,0,0,N,12/10/2023
SKU-TSH-0010,Tshirts,M,0,0,N,12/10/2023
SKU-SHO-0011,Shorts,XS,0,0,N,12/10/2023
SKU-TSH-0012,Tshirts,XXL,0,0,N,12/10/2023
SKU-SHI-0013,Shirts,XXL,0,0,N,12/10/2023
SKU-CRO-0014,Croptops,XXL,0,0,N,12/10/2023
SKU-SHI-0015,Shirts,XS,0,0,N,12/10/2023
SKU-PAN-0016,Pants,XXL,0,0,N,12/10/2023
SKU-SHI-0017,Shirts,S,0,0,N,12/10/2023
SKU-PAN-0018,Pants,XS,0,0,N,12/10/2023
SKU-CRO-0019,Croptops,M,0,0,N,12/10/2023
SKU-PAN-0020,Pants,XS,0,0,N,12/10/2023
SKU-PAN-0021,Pants,M,0,0,N,12/10/2023
SKU-PAN-0022,Pants,XS,0,0,N,12/10/2023
SKU-SHO-0023,Shorts,L,0,0,N,12/10/2023
SKU-SHI-0024,Shirts,XL,0,0,N,12/10/2023
SKU-JAC-0025,Jackets,XXL,0,0,N,12/10/2023
SKU-PAN-0026,Pants,L,0,0,N,12/10/2023
SKU-JAC-0027,Jackets,XXL,0,0,N,12/10/2023
SKU-PAN-0028,Pants,M,0,0,N,12/10/2023
SKU-TSH-0029,Tshirts,XXL,0,0,N,12/10/2023
SKU-CRO-0030,Croptops,L,0,0,N,12/10/2023
SKU-JAC-0031,Jackets,XL,0,0,N,12/10/2023
SKU-TSH-0032,Tshirts,L,4,120,N,12/10/2023
SKU-SHO-0033,Shorts,XXL,16,120,N,12/10/2023
SKU-PAN-0034,Pants,XS,0,0,N,12/10/2023
SKU-CRO-0035,Croptops,S,0,0,N,12/10/2023
SKU-SHI-0036,Shirts,L,41,999,N,12/10/2023
SKU-CRO-0037,Croptops,S,34,340,N,12/10/2023
SKU-CRO-0038,Croptops,XS,0,0,N,12/10/2023
SKU-SHO-0039,Shorts,XS,22,220,N,12/10/2023
SKU-SHO-0040,Shorts,XS,39,585,N,12/10/2023
SKU-TSH-0041,Tshirts,S,56,840,N,12/10/2023
SKU-CRO-0042,Croptops,XS,40,600,N,12/10/2023
SKU-CRO-0043,Croptops,L,0,0,N,12/10/2023
SKU-JAC-0044,Jackets,S,37,370,N,12/10/2023
SKU-SHI-0045,Shirts,L,47,705,N,12/10/2023
SKU-JAC-0046,Jackets,XS,55,275,N,12/10/2023
SKU-PAN-0047,Pants,XS,33,495,N,12/10/2023
SKU-CRO-0048,Croptops,XXL,0,0,N,12/10/2023
SKU-TSH-0049,Tshirts,XXL,58,870,N,12/10/2023
SKU-SHO-0050,Shorts,L,61,999,N,12/10/2023
SKU-SHI-0051,Shirts,L,0,0,N,12/10/2023
SKU-SHI-0052,Shirts,L,10,60,N,12/10/2023
SKU-JAC-0053,Jackets,L,10,300,N,12/10/2023
SKU-SHI-0054,Shirts,XS,17,102,N,12/10/2023
SKU-JAC-0055,Jackets,M,58,580,N,12/10/2023
SKU-SHI-0001,Shirts,S,0,0,N,12/17/2023
SKU-PAN-0002,Pants,XS,0,0,N,12/17/2023
SKU-SHI-0003,Shirts,XXL,0,0,N,12/17/2023
SKU-TSH-0004,Tshirts,L,0,0,N,12/17/2023
SKU-CRO-0005,Croptops,XS,0,0,N,12/17/2023
SKU-SHI-0006,Shirts,XL,0,0,N,12/17/2023
SKU-CRO-0007,Croptops,XL,0,0,N,12/17/2023
SKU-PAN-0008,Pants,XS,0,0,N,12/17/2023
SKU-PAN-0009,Pants,S,0,0,N,12/17/2023
SKU-TSH-0010,Tshirts,XL,0,0,N,12/17/2023
SKU-SHO-0011,Shorts,XS,0,0,N,12/17/2023
SKU-TSH-0012,Tshirts,M,0,0,N,12/17/2023
SKU-SHI-0013,Shirts,XL,0,0,N,12/17/2023
SKU-CRO-0014,Croptops,L,0,0,N,12/17/2023
SKU-SHI-0015,Shirts,XS,0,0,N,12/17/2023
SKU-PAN-0016,Pants,S,0,0,N,12/17/2023
SKU-SHI-0017,Shirts,L,0,0,N,12/17/2023
SKU-PAN-0018,Pants,M,0,0,N,12/17/2023
SKU-CRO-0019,Croptops,M,0,0,N,12/17/2023
SKU-PAN-0020,Pants,XXL,0,0,N,12/17/2023
SKU-PAN-0021,Pants,XL,0,0,N,12/17/2023
SKU-PAN-0022,Pants,XS,0,0,N,12/17/2023
SKU-SHO-0023,Shorts,S,0,0,N,12/17/2023
SKU-SHI-0024,Shirts,XL,0,0,N,12/17/2023
SKU-JAC-0025,Jackets,XS,0,0,N,12/17/2023
SKU-PAN-0026,Pants,XXL,0,0,N,12/17/2023
SKU-JAC-0027,Jackets,XL,0,0,N,12/17/2023
SKU-PAN-0028,Pants,XL,0,0,N,12/17/2023
SKU-TSH-0029,Tshirts,S,0,0,N,12/17/2023
SKU-CRO-0030,Croptops,XXL,0,0,N,12/17/2023
SKU-JAC-0031,Jackets,XS,0,0,N,12/17/2023
SKU-TSH-0032,Tshirts,L,1,7.5,N,12/17/2023
SKU-SHO-0033,Shorts,L,15,90,N,12/17/2023
SKU-PAN-0034,Pants,XS,0,0,N,12/17/2023
SKU-CRO-0035,Croptops,XL,0,0,N,12/17/2023
SKU-SHI-0036,Shirts,XS,41,999,N,12/17/2023
SKU-CRO-0037,Croptops,L,34,510,N,12/17/2023
SKU-CRO-0038,Croptops,XL,0,0,N,12/17/2023
SKU-SHO-0039,Shorts,M,22,330,N,12/17/2023
SKU-SHO-0040,Shorts,XL,38,380,N,12/17/2023
SKU-TSH-0041,Tshirts,XL,55,825,N,12/17/2023
SKU-CRO-0042,Croptops,L,40,600,N,12/17/2023
SKU-CRO-0043,Croptops,L,0,0,N,12/17/2023
SKU-JAC-0044,Jackets,XL,36,540,N,12/17/2023
SKU-SHI-0045,Shirts,S,47,705,N,12/17/2023
SKU-JAC-0046,Jackets,S,55,550,N,12/17/2023
SKU-PAN-0047,Pants,XS,33,495,N,12/17/2023
SKU-CRO-0048,Croptops,XL,0,0,N,12/17/2023
SKU-TSH-0049,Tshirts,L,58,870,N,12/17/2023
SKU-SHO-0050,Shorts,XL,61,999,N,12/17/2023
SKU-SHI-0051,Shirts,XS,0,0,N,12/17/2023
SKU-SHI-0052,Shirts,XXL,10,75,N,12/17/2023
SKU-JAC-0053,Jackets,XL,9,135,N,12/17/2023
SKU-SHI-0054,Shirts,M,17,170,N,12/17/2023
SKU-JAC-0055,Jackets,XXL,58,580,N,12/17/2023
SKU-SHI-0001,Shirts,M,0,0,N,12/24/2023
SKU-PAN-0002,Pants,XS,0,0,N,12/24/2023
SKU-SHI-0003,Shirts,L,0,0,N,12/24/2023
SKU-TSH-0004,Tshirts,XS,0,0,N,12/24/2023
SKU-CRO-0005,Croptops,XS,0,0,N,12/24/2023
SKU-SHI-0006,Shirts,S,0,0,N,12/24/2023
SKU-CRO-0007,Croptops,XS,0,0,N,12/24/2023
SKU-PAN-0008,Pants,XS,0,0,N,12/24/2023
SKU-PAN-0009,Pants,XXL,0,0,N,12/24/2023
SKU-TSH-0010,Tshirts,XL,0,0,N,12/24/2023
SKU-SHO-0011,Shorts,S,0,0,N,12/24/2023
SKU-TSH-0012,Tshirts,L,0,0,N,12/24/2023
SKU-SHI-0013,Shirts,XL,0,0,N,12/24/2023
SKU-CRO-0014,Croptops,XL,0,0,N,12/24/2023
SKU-SHI-0015,Shirts,S,0,0,N,12/24/2023
SKU-PAN-0016,Pants,S,0,0,N,12/24/2023
SKU-SHI-0017,Shirts,L,0,0,N,12/24/2023
SKU-PAN-0018,Pants,M,0,0,N,12/24/2023
SKU-CRO-0019,Croptops,L,0,0,N,12/24/2023
SKU-PAN-0020,Pants,L,0,0,N,12/24/2023
SKU-PAN-0021,Pants,XL,0,0,N,12/24/2023
SKU-PAN-0022,Pants,L,0,0,N,12/24/2023
SKU-SHO-0023,Shorts,XL,0,0,N,12/24/2023
SKU-SHI-0024,Shirts,XXL,0,0,N,12/24/2023
SKU-JAC-0025,Jackets,S,0,0,N,12/24/2023
SKU-PAN-0026,Pants,XL,0,0,N,12/24/2023
SKU-JAC-0027,Jackets,XXL,0,0,N,12/24/2023
SKU-PAN-0028,Pants,XS,0,0,N,12/24/2023
SKU-TSH-0029,Tshirts,M,0,0,N,12/24/2023
SKU-CRO-0030,Croptops,S,0,0,N,12/24/2023
SKU-JAC-0031,Jackets,XL,0,0,N,12/24/2023
SKU-TSH-0032,Tshirts,M,1,10,N,12/24/2023
SKU-SHO-0033,Shorts,XL,13,65,N,12/24/2023
SKU-PAN-0034,Pants,XXL,0,0,N,12/24/2023
SKU-CRO-0035,Croptops,XL,0,0,N,12/24/2023
SKU-SHI-0036,Shirts,XS,41,999,N,12/24/2023
SKU-CRO-0037,Croptops,L,30,150,N,12/24/2023
SKU-CRO-0038,Croptops,XXL,0,0,N,12/24/2023
SKU-SHO-0039,Shorts,XL,22,999,N,12/24/2023
SKU-SHO-0040,Shorts,XL,38,570,N,12/24/2023
SKU-TSH-0041,Tshirts,L,55,825,N,12/24/2023
SKU-CRO-0042,Croptops,XS,40,999,N,12/24/2023
SKU-CRO-0043,Croptops,XS,0,0,N,12/24/2023
SKU-JAC-0044,Jackets,S,36,999,N,12/24/2023
SKU-SHI-0045,Shirts,XL,46,460,N,12/24/2023
SKU-JAC-0046,Jackets,XXL,55,825,N,12/24/2023
SKU-PAN-0047,Pants,XXL,33,990,N,12/24/2023
SKU-CRO-0048,Croptops,XS,0,0,N,12/24/2023
SKU-TSH-0049,Tshirts,S,57,855,N,12/24/2023
SKU-SHO-0050,Shorts,XXL,60,900,N,12/24/2023
SKU-SHI-0051,Shirts,XL,0,0,N,12/24/2023
SKU-SHI-0052,Shirts,XS,10,300,N,12/24/2023
SKU-JAC-0053,Jackets,XXL,5,25,N,12/24/2023
SKU-SHI-0054,Shirts,S,16,120,N,12/24/2023
SKU-JAC-0055,Jackets,M,58,580,N,12/24/2023
SKU-SHI-0001,Shirts,S,0,0,N,12/31/2023
SKU-PAN-0002,Pants,M,0,0,N,12/31/2023
SKU-SHI-0003,Shirts,XS,0,0,N,12/31/2023
SKU-TSH-0004,Tshirts,M,0,0,N,12/31/2023
SKU-CRO-0005,Croptops,S,0,0,N,12/31/2023
SKU-SHI-0006,Shirts,XL,0,0,N,12/31/2023
SKU-CRO-0007,Croptops,XS,0,0,N,12/31/2023
SKU-PAN-0008,Pants,XXL,0,0,N,12/31/2023
SKU-PAN-0009,Pants,XL,0,0,N,12/31/2023
SKU-TSH-0010,Tshirts,XL,0,0,N,12/31/2023
SKU-SHO-0011,Shorts,M,0,0,N,12/31/2023
SKU-TSH-0012,Tshirts,L,0,0,N,12/31/2023
SKU-SHI-0013,Shirts,M,0,0,N,12/31/2023
SKU-CRO-0014,Croptops,XL,0,0,N,12/31/2023
SKU-SHI-0015,Shirts,XS,0,0,N,12/31/2023
SKU-PAN-0016,Pants,XS,0,0,N,12/31/2023
SKU-SHI-0017,Shirts,XL,0,0,N,12/31/2023
SKU-PAN-0018,Pants,XXL,0,0,N,12/31/2023
SKU-CRO-0019,Croptops,XXL,0,0,N,12/31/2023
SKU-PAN-0020,Pants,M,0,0,N,12/31/2023
SKU-PAN-0021,Pants,M,0,0,N,12/31/2023
SKU-PAN-0022,Pants,S,0,0,N,12/31/2023
SKU-SHO-0023,Shorts,XXL,0,0,N,12/31/2023
SKU-SHI-0024,Shirts,XS,0,0,N,12/31/2023
SKU-JAC-0025,Jackets,M,0,0,N,12/31/2023
SKU-PAN-0026,Pants,S,0,0,N,12/31/2023
SKU-JAC-0027,Jackets,L,0,0,N,12/31/2023
SKU-PAN-0028,Pants,XL,0,0,N,12/31/2023
SKU-TSH-0029,Tshirts,L,0,0,N,12/31/2023
SKU-CRO-0030,Croptops,L,0,0,N,12/31/2023
SKU-JAC-0031,Jackets,S,0,0,N,12/31/2023
SKU-TSH-0032,Tshirts,XL,1,10,N,12/31/2023
SKU-SHO-0033,Shorts,XXL,13,130,N,12/31/2023
SKU-PAN-0034,Pants,S,0,0,N,12/31/2023
SKU-CRO-0035,Croptops,XL,0,0,N,12/31/2023
SKU-SHI-0036,Shirts,S,38,285,N,12/31/2023
SKU-CRO-0037,Croptops,L,30,150,N,12/31/2023
SKU-CRO-0038,Croptops,S,0,0,N,12/31/2023
SKU-SHO-0039,Shorts,L,20,300,N,12/31/2023
SKU-SHO-0040,Shorts,L,37,555,N,12/31/2023
SKU-TSH-0041,Tshirts,L,54,810,N,12/31/2023
SKU-CRO-0042,Croptops,XL,40,999,N,12/31/2023
SKU-CRO-0043,Croptops,XL,0,0,N,12/31/2023
SKU-JAC-0044,Jackets,S,36,999,N,12/31/2023
SKU-SHI-0045,Shirts,S,46,690,N,12/31/2023
SKU-JAC-0046,Jackets,L,55,999,N,12/31/2023
SKU-PAN-0047,Pants,XL,33,999,N,12/31/2023
SKU-CRO-0048,Croptops,XL,0,0,N,12/31/2023
SKU-TSH-0049,Tshirts,XL,55,412.5,N,12/31/2023
SKU-SHO-0050,Shorts,M,60,900,N,12/31/2023
SKU-SHI-0051,Shirts,XS,0,0,N,12/31/2023
SKU-SHI-0052,Shirts,S,7,52.5,N,12/31/2023
SKU-JAC-0053,Jackets,L,5,25,N,12/31/2023
SKU-SHI-0054,Shirts,XXL,16,480,N,12/31/2023
SKU-JAC-0055,Jackets,XL,58,870,N,12/31/2023
SKU-SHI-0001,Shirts,XL,0,0,N,1/7/2024
SKU-PAN-0002,Pants,XL,0,0,N,1/7/2024
SKU-SHI-0003,Shirts,XXL,0,0,N,1/7/2024
SKU-TSH-0004,Tshirts,XL,0,0,N,1/7/2024
SKU-CRO-0005,Croptops,XXL,0,0,N,1/7/2024
SKU-SHI-0006,Shirts,S,0,0,N,1/7/2024
SKU-CRO-0007,Croptops,M,0,0,N,1/7/2024
SKU-PAN-0008,Pants,XS,0,0,N,1/7/2024
SKU-PAN-0009,Pants,XXL,0,0,N,1/7/2024
SKU-TSH-0010,Tshirts,M,0,0,N,1/7/2024
SKU-SHO-0011,Shorts,XS,0,0,N,1/7/2024
SKU-TSH-0012,Tshirts,S,0,0,N,1/7/2024
SKU-SHI-0013,Shirts,M,0,0,N,1/7/2024
SKU-CRO-0014,Croptops,XXL,0,0,N,1/7/2024
SKU-SHI-0015,Shirts,XS,0,0,N,1/7/2024
SKU-PAN-0016,Pants,M,0,0,N,1/7/2024
SKU-SHI-0017,Shirts,XXL,0,0,N,1/7/2024
SKU-PAN-0018,Pants,M,0,0,N,1/7/2024
SKU-CRO-0019,Croptops,XS,0,0,N,1/7/2024
SKU-PAN-0020,Pants,XS,0,0,N,1/7/2024
SKU-PAN-0021,Pants,XXL,0,0,N,1/7/2024
SKU-PAN-0022,Pants,S,0,0,N,1/7/2024
SKU-SHO-0023,Shorts,XL,0,0,N,1/7/2024
SKU-SHI-0024,Shirts,S,0,0,N,1/7/2024
SKU-JAC-0025,Jackets,L,0,0,N,1/7/2024
SKU-PAN-0026,Pants,L,0,0,N,1/7/2024
SKU-JAC-0027,Jackets,L,0,0,N,1/7/2024
SKU-PAN-0028,Pants,L,0,0,N,1/7/2024
SKU-TSH-0029,Tshirts,XL,0,0,N,1/7/2024
SKU-CRO-0030,Croptops,XXL,0,0,N,1/7/2024
SKU-JAC-0031,Jackets,XS,0,0,N,1/7/2024
SKU-TSH-0032,Tshirts,M,1,10,N,1/7/2024
SKU-SHO-0033,Shorts,M,10,50,N,1/7/2024
SKU-PAN-0034,Pants,M,0,0,N,1/7/2024
SKU-CRO-0035,Croptops,S,0,0,N,1/7/2024
SKU-SHI-0036,Shirts,XXL,38,285,N,1/7/2024
SKU-CRO-0037,Croptops,L,29,124.3,N,1/7/2024
SKU-CRO-0038,Croptops,XL,0,0,N,1/7/2024
SKU-SHO-0039,Shorts,XS,18,135,N,1/7/2024
SKU-SHO-0040,Shorts,M,37,555,N,1/7/2024
SKU-TSH-0041,Tshirts,XS,54,810,N,1/7/2024
SKU-CRO-0042,Croptops,M,38,570,N,1/7/2024
SKU-CRO-0043,Croptops,XXL,0,0,N,1/7/2024
SKU-JAC-0044,Jackets,M,34,340,N,1/7/2024
SKU-SHI-0045,Shirts,XXL,46,999,N,1/7/2024
SKU-JAC-0046,Jackets,M,54,999,N,1/7/2024
SKU-PAN-0047,Pants,M,31,465,N,1/7/2024
SKU-CRO-0048,Croptops,XS,0,0,N,1/7/2024
SKU-TSH-0049,Tshirts,XS,54,405,N,1/7/2024
SKU-SHO-0050,Shorts,XXL,60,999,N,1/7/2024
SKU-SHI-0051,Shirts,XS,0,0,N,1/7/2024
SKU-SHI-0052,Shirts,XL,6,45,N,1/7/2024
SKU-JAC-0053,Jackets,XL,5,30,N,1/7/2024
SKU-SHI-0054,Shirts,L,16,480,N,1/7/2024
SKU-JAC-0055,Jackets,S,58,999,N,1/7/2024
SKU-SHI-0001,Shirts,L,0,0,N,1/14/2024
SKU-PAN-0002,Pants,L,0,0,N,1/14/2024
SKU-SHI-0003,Shirts,XS,0,0,N,1/14/2024
SKU-TSH-0004,Tshirts,XL,0,0,N,1/14/2024
SKU-CRO-0005,Croptops,S,0,0,N,1/14/2024
SKU-SHI-0006,Shirts,S,0,0,N,1/14/2024
SKU-CRO-0007,Croptops,XXL,0,0,N,1/14/2024
SKU-PAN-0008,Pants,XL,0,0,N,1/14/2024
SKU-PAN-0009,Pants,XS,0,0,N,1/14/2024
SKU-TSH-0010,Tshirts,XS,0,0,N,1/14/2024
SKU-SHO-0011,Shorts,XL,0,0,N,1/14/2024
SKU-TSH-0012,Tshirts,XS,0,0,N,1/14/2024
SKU-SHI-0013,Shirts,M,0,0,N,1/14/2024
SKU-CRO-0014,Croptops,XXL,0,0,N,1/14/2024
SKU-SHI-0015,Shirts,S,0,0,N,1/14/2024
SKU-PAN-0016,Pants,XXL,0,0,N,1/14/2024
SKU-SHI-0017,Shirts,XL,0,0,N,1/14/2024
SKU-PAN-0018,Pants,XS,0,0,N,1/14/2024
SKU-CRO-0019,Croptops,XS,0,0,N,1/14/2024
SKU-PAN-0020,Pants,XL,0,0,N,1/14/2024
SKU-PAN-0021,Pants,S,0,0,N,1/14/2024
SKU-PAN-0022,Pants,XS,0,0,N,1/14/2024
SKU-SHO-0023,Shorts,XXL,0,0,N,1/14/2024
SKU-SHI-0024,Shirts,S,0,0,N,1/14/2024
SKU-JAC-0025,Jackets,M,0,0,N,1/14/2024
SKU-PAN-0026,Pants,S,0,0,N,1/14/2024
SKU-JAC-0027,Jackets,S,0,0,N,1/14/2024
SKU-PAN-0028,Pants,XL,0,0,N,1/14/2024
SKU-TSH-0029,Tshirts,XL,0,0,N,1/14/2024
SKU-CRO-0030,Croptops,XXL,0,0,N,1/14/2024
SKU-JAC-0031,Jackets,M,0,0,N,1/14/2024
SKU-TSH-0032,Tshirts,XS,0,0,N,1/14/2024
SKU-SHO-0033,Shorts,L,7,23.3,N,1/14/2024
SKU-PAN-0034,Pants,XXL,0,0,N,1/14/2024
SKU-CRO-0035,Croptops,S,0,0,N,1/14/2024
SKU-SHI-0036,Shirts,L,38,380,N,1/14/2024
SKU-CRO-0037,Croptops,XXL,29,174,N,1/14/2024
SKU-CRO-0038,Croptops,XL,0,0,N,1/14/2024
SKU-SHO-0039,Shorts,XS,17,102,N,1/14/2024
SKU-SHO-0040,Shorts,L,37,999,N,1/14/2024
SKU-TSH-0041,Tshirts,S,54,810,N,1/14/2024
SKU-CRO-0042,Croptops,L,37,370,N,1/14/2024
SKU-CRO-0043,Croptops,XXL,0,0,N,1/14/2024
SKU-JAC-0044,Jackets,S,33,247.5,N,1/14/2024
SKU-SHI-0045,Shirts,XL,46,999,N,1/14/2024
SKU-JAC-0046,Jackets,S,51,382.5,N,1/14/2024
SKU-PAN-0047,Pants,L,31,465,N,1/14/2024
SKU-CRO-0048,Croptops,L,0,0,N,1/14/2024
SKU-TSH-0049,Tshirts,XS,54,405,N,1/14/2024
SKU-SHO-0050,Shorts,S,59,885,N,1/14/2024
SKU-SHI-0051,Shirts,XS,0,0,N,1/14/2024
SKU-SHI-0052,Shirts,XL,5,30,N,1/14/2024
SKU-JAC-0053,Jackets,L,4,24,N,1/14/2024
SKU-SHI-0054,Shirts,L,14,140,N,1/14/2024
SKU-JAC-0055,Jackets,XXL,57,999,N,1/14/2024
SKU-SHI-0001,Shirts,L,0,0,N,1/21/2024
SKU-PAN-0002,Pants,M,0,0,N,1/21/2024
SKU-SHI-0003,Shirts,L,0,0,N,1/21/2024
SKU-TSH-0004,Tshirts,S,0,0,N,1/21/2024
SKU-CRO-0005,Croptops,M,0,0,N,1/21/2024
SKU-SHI-0006,Shirts,XS,0,0,N,1/21/2024
SKU-CRO-0007,Croptops,M,0,0,N,1/21/2024
SKU-PAN-0008,Pants,XS,0,0,N,1/21/2024
SKU-PAN-0009,Pants,XL,0,0,N,1/21/2024
SKU-TSH-0010,Tshirts,XXL,0,0,N,1/21/2024
SKU-SHO-0011,Shorts,L,0,0,N,1/21/2024
SKU-TSH-0012,Tshirts,XL,0,0,N,1/21/2024
SKU-SHI-0013,Shirts,XL,0,0,N,1/21/2024
SKU-CRO-0014,Croptops,M,0,0,N,1/21/2024
SKU-SHI-0015,Shirts,M,0,0,N,1/21/2024
SKU-PAN-0016,Pants,M,0,0,N,1/21/2024
SKU-SHI-0017,Shirts,M,0,0,N,1/21/2024
SKU-PAN-0018,Pants,XXL,0,0,N,1/21/2024
SKU-CRO-0019,Croptops,XL,0,0,N,1/21/2024
SKU-PAN-0020,Pants,XS,0,0,N,1/21/2024
SKU-PAN-0021,Pants,XS,0,0,N,1/21/2024
SKU-PAN-0022,Pants,XL,0,0,N,1/21/2024
SKU-SHO-0023,Shorts,M,0,0,N,1/21/2024
SKU-SHI-0024,Shirts,XXL,0,0,N,1/21/2024
SKU-JAC-0025,Jackets,M,0,0,N,1/21/2024
SKU-PAN-0026,Pants,XL,0,0,N,1/21/2024
SKU-JAC-0027,Jackets,M,0,0,N,1/21/2024
SKU-PAN-0028,Pants,S,0,0,N,1/21/2024
SKU-TSH-0029,Tshirts,M,0,0,N,1/21/2024
SKU-CRO-0030,Croptops,XXL,0,0,N,1/21/2024
SKU-JAC-0031,Jackets,S,0,0,N,1/21/2024
SKU-TSH-0032,Tshirts,XXL,0,0,N,1/21/2024
SKU-SHO-0033,Shorts,M,6,20,N,1/21/2024
SKU-PAN-0034,Pants,M,0,0,N,1/21/2024
SKU-CRO-0035,Croptops,M,0,0,N,1/21/2024
SKU-SHI-0036,Shirts,XXL,37,277.5,N,1/21/2024
SKU-CRO-0037,Croptops,XXL,28,420,N,1/21/2024
SKU-CRO-0038,Croptops,S,0,0,N,1/21/2024
SKU-SHO-0039,Shorts,XL,16,80,N,1/21/2024
SKU-SHO-0040,Shorts,S,37,999,N,1/21/2024
SKU-TSH-0041,Tshirts,XS,54,999,N,1/21/2024
SKU-CRO-0042,Croptops,XXL,36,270,N,1/21/2024
SKU-CRO-0043,Croptops,XS,0,0,N,1/21/2024
SKU-JAC-0044,Jackets,XS,29,124.3,N,1/21/2024
SKU-SHI-0045,Shirts,M,46,999,N,1/21/2024
SKU-JAC-0046,Jackets,XL,49,245,N,1/21/2024
SKU-PAN-0047,Pants,L,30,300,N,1/21/2024
SKU-CRO-0048,Croptops,XS,0,0,N,1/21/2024
SKU-TSH-0049,Tshirts,L,53,397.5,N,1/21/2024
SKU-SHO-0050,Shorts,L,58,580,N,1/21/2024
SKU-SHI-0051,Shirts,S,0,0,N,1/21/2024
SKU-SHI-0052,Shirts,S,5,30,N,1/21/2024
SKU-JAC-0053,Jackets,S,3,22.5,N,1/21/2024
SKU-SHI-0054,Shirts,L,14,140,N,1/21/2024
SKU-JAC-0055,Jackets,L,56,840,N,1/21/2024
SKU-SHI-0001,Shirts,XL,0,0,N,1/28/2024
SKU-PAN-0002,Pants,M,0,0,N,1/28/2024
SKU-SHI-0003,Shirts,S,0,0,N,1/28/2024
SKU-TSH-0004,Tshirts,XL,0,0,N,1/28/2024
SKU-CRO-0005,Croptops,XS,0,0,N,1/28/2024
SKU-SHI-0006,Shirts,XL,0,0,N,1/28/2024
SKU-CRO-0007,Croptops,XS,0,0,N,1/28/2024
SKU-PAN-0008,Pants,M,0,0,N,1/28/2024
SKU-PAN-0009,Pants,XS,0,0,N,1/28/2024
SKU-TSH-0010,Tshirts,S,0,0,N,1/28/2024
SKU-SHO-0011,Shorts,S,0,0,N,1/28/2024
SKU-TSH-0012,Tshirts,XS,0,0,N,1/28/2024
SKU-SHI-0013,Shirts,S,0,0,N,1/28/2024
SKU-CRO-0014,Croptops,XXL,0,0,N,1/28/2024
SKU-SHI-0015,Shirts,XL,0,0,N,1/28/2024
SKU-PAN-0016,Pants,XL,0,0,N,1/28/2024
SKU-SHI-0017,Shirts,L,0,0,N,1/28/2024
SKU-PAN-0018,Pants,XS,0,0,N,1/28/2024
SKU-CRO-0019,Croptops,XXL,0,0,N,1/28/2024
SKU-PAN-0020,Pants,L,0,0,N,1/28/2024
SKU-PAN-0021,Pants,XL,0,0,N,1/28/2024
SKU-PAN-0022,Pants,XXL,0,0,N,1/28/2024
SKU-SHO-0023,Shorts,L,0,0,N,1/28/2024
SKU-SHI-0024,Shirts,XL,0,0,N,1/28/2024
SKU-JAC-0025,Jackets,L,0,0,N,1/28/2024
SKU-PAN-0026,Pants,L,0,0,N,1/28/2024
SKU-JAC-0027,Jackets,XS,0,0,N,1/28/2024
SKU-PAN-0028,Pants,S,0,0,N,1/28/2024
SKU-TSH-0029,Tshirts,L,0,0,N,1/28/2024
SKU-CRO-0030,Croptops,XL,0,0,N,1/28/2024
SKU-JAC-0031,Jackets,XL,0,0,N,1/28/2024
SKU-TSH-0032,Tshirts,XXL,0,0,N,1/28/2024
SKU-SHO-0033,Shorts,L,5,18.8,N,1/28/2024
SKU-PAN-0034,Pants,XS,0,0,N,1/28/2024
SKU-CRO-0035,Croptops,L,0,0,N,1/28/2024
SKU-SHI-0036,Shirts,XL,37,999,N,1/28/2024
SKU-CRO-0037,Croptops,S,26,195,N,1/28/2024
SKU-CRO-0038,Croptops,L,0,0,N,1/28/2024
SKU-SHO-0039,Shorts,XXL,16,120,N,1/28/2024
SKU-SHO-0040,Shorts,XXL,35,525,N,1/28/2024
SKU-TSH-0041,Tshirts,XL,53,999,N,1/28/2024
SKU-CRO-0042,Croptops,M,35,210,N,1/28/2024
SKU-CRO-0043,Croptops,XS,0,0,N,1/28/2024
SKU-JAC-0044,Jackets,XXL,29,124.3,N,1/28/2024
SKU-SHI-0045,Shirts,XS,44,660,N,1/28/2024
SKU-JAC-0046,Jackets,XS,48,205.7,N,1/28/2024
SKU-PAN-0047,Pants,L,27,135,N,1/28/2024
SKU-CRO-0048,Croptops,L,0,999,N,1/28/2024
SKU-TSH-0049,Tshirts,XL,53,530,N,1/28/2024
SKU-SHO-0050,Shorts,XS,58,870,N,1/28/2024
SKU-SHI-0051,Shirts,S,0,0,N,1/28/2024
SKU-SHI-0052,Shirts,XXL,5,50,N,1/28/2024
SKU-JAC-0053,Jackets,XS,0,0,N,1/28/2024
SKU-SHI-0054,Shirts,L,13,130,N,1/28/2024
SKU-JAC-0055,Jackets,XS,55,550,N,1/28/2024
SKU-SHI-0001,Shirts,S,0,0,N,2/4/2024
SKU-PAN-0002,Pants,XS,0,0,N,2/4/2024
SKU-SHI-0003,Shirts,XS,0,0,N,2/4/2024
SKU-TSH-0004,Tshirts,XL,0,0,N,2/4/2024
SKU-CRO-0005,Croptops,M,0,0,N,2/4/2024
SKU-SHI-0006,Shirts,XXL,0,0,N,2/4/2024
SKU-CRO-0007,Croptops,S,0,0,N,2/4/2024
SKU-PAN-0008,Pants,L,0,0,N,2/4/2024
SKU-PAN-0009,Pants,XXL,0,0,N,2/4/2024
SKU-TSH-0010,Tshirts,L,0,0,N,2/4/2024
SKU-SHO-0011,Shorts,L,0,0,N,2/4/2024
SKU-TSH-0012,Tshirts,XS,0,0,N,2/4/2024
SKU-SHI-0013,Shirts,XS,0,0,N,2/4/2024
SKU-CRO-0014,Croptops,L,0,0,N,2/4/2024
SKU-SHI-0015,Shirts,S,0,0,N,2/4/2024
SKU-PAN-0016,Pants,XXL,0,0,N,2/4/2024
SKU-SHI-0017,Shirts,XL,0,0,N,2/4/2024
SKU-PAN-0018,Pants,XXL,0,0,N,2/4/2024
SKU-CRO-0019,Croptops,M,0,0,N,2/4/2024
SKU-PAN-0020,Pants,XS,0,0,N,2/4/2024
SKU-PAN-0021,Pants,L,0,0,N,2/4/2024
SKU-PAN-0022,Pants,XS,0,0,N,2/4/2024
SKU-SHO-0023,Shorts,L,0,0,N,2/4/2024
SKU-SHI-0024,Shirts,XS,0,0,N,2/4/2024
SKU-JAC-0025,Jackets,XXL,0,0,N,2/4/2024
SKU-PAN-0026,Pants,L,0,0,N,2/4/2024
SKU-JAC-0027,Jackets,XXL,0,0,N,2/4/2024
SKU-PAN-0028,Pants,M,0,0,N,2/4/2024
SKU-TSH-0029,Tshirts,XXL,0,0,N,2/4/2024
SKU-CRO-0030,Croptops,XXL,0,0,N,2/4/2024
SKU-JAC-0031,Jackets,L,0,0,N,2/4/2024
SKU-TSH-0032,Tshirts,XL,0,0,N,2/4/2024
SKU-SHO-0033,Shorts,XXL,5,25,N,2/4/2024
SKU-PAN-0034,Pants,S,0,0,N,2/4/2024
SKU-CRO-0035,Croptops,M,0,0,N,2/4/2024
SKU-SHI-0036,Shirts,L,36,540,N,2/4/2024
SKU-CRO-0037,Croptops,M,25,187.5,N,2/4/2024
SKU-CRO-0038,Croptops,S,0,0,N,2/4/2024
SKU-SHO-0039,Shorts,XS,16,240,N,2/4/2024
SKU-SHO-0040,Shorts,M,32,192,N,2/4/2024
SKU-TSH-0041,Tshirts,XL,53,999,N,2/4/2024
SKU-CRO-0042,Croptops,XL,35,262.5,N,2/4/2024
SKU-CRO-0043,Croptops,S,0,0,N,2/4/2024
SKU-JAC-0044,Jackets,L,29,174,N,2/4/2024
SKU-SHI-0045,Shirts,XL,44,660,N,2/4/2024
SKU-JAC-0046,Jackets,XS,47,176.2,N,2/4/2024
SKU-PAN-0047,Pants,XXL,26,130,N,2/4/2024
SKU-CRO-0048,Croptops,XL,0,0,N,2/4/2024
SKU-TSH-0049,Tshirts,S,51,382.5,N,2/4/2024
SKU-SHO-0050,Shorts,S,58,870,N,2/4/2024
SKU-SHI-0051,Shirts,XXL,0,0,N,2/4/2024
SKU-SHI-0052,Shirts,S,5,150,N,2/4/2024
SKU-JAC-0053,Jackets,XXL,0,0,N,2/4/2024
SKU-SHI-0054,Shirts,S,12,90,N,2/4/2024
SKU-JAC-0055,Jackets,XS,55,550,N,2/4/2024
SKU-SHI-0001,Shirts,S,0,0,N,2/11/2024
SKU-PAN-0002,Pants,M,0,0,N,2/11/2024
SKU-SHI-0003,Shirts,XL,0,0,N,2/11/2024
SKU-TSH-0004,Tshirts,XS,0,0,N,2/11/2024
SKU-CRO-0005,Croptops,S,0,0,N,2/11/2024
SKU-SHI-0006,Shirts,L,0,0,N,2/11/2024
SKU-CRO-0007,Croptops,M,0,0,N,2/11/2024
SKU-PAN-0008,Pants,XL,0,0,N,2/11/2024
SKU-PAN-0009,Pants,XS,0,0,N,2/11/2024
SKU-TSH-0010,Tshirts,L,0,0,N,2/11/2024
SKU-SHO-0011,Shorts,XL,0,0,N,2/11/2024
SKU-TSH-0012,Tshirts,L,0,0,N,2/11/2024
SKU-SHI-0013,Shirts,XXL,0,0,N,2/11/2024
SKU-CRO-0014,Croptops,S,0,0,N,2/11/2024
SKU-SHI-0015,Shirts,XXL,0,0,N,2/11/2024
SKU-PAN-0016,Pants,S,0,0,N,2/11/2024
SKU-SHI-0017,Shirts,XS,0,0,N,2/11/2024
SKU-PAN-0018,Pants,XXL,0,0,N,2/11/2024
SKU-CRO-0019,Croptops,L,0,0,N,2/11/2024
SKU-PAN-0020,Pants,L,0,0,N,2/11/2024
SKU-PAN-0021,Pants,XL,0,0,N,2/11/2024
SKU-PAN-0022,Pants,XXL,0,0,N,2/11/2024
SKU-SHO-0023,Shorts,XL,0,0,N,2/11/2024
SKU-SHI-0024,Shirts,S,0,0,N,2/11/2024
SKU-JAC-0025,Jackets,XXL,0,0,N,2/11/2024
SKU-PAN-0026,Pants,XXL,0,0,N,2/11/2024
SKU-JAC-0027,Jackets,L,0,0,N,2/11/2024
SKU-PAN-0028,Pants,XXL,0,0,N,2/11/2024
SKU-TSH-0029,Tshirts,XS,0,0,N,2/11/2024
SKU-CRO-0030,Croptops,S,0,0,N,2/11/2024
SKU-JAC-0031,Jackets,XL,0,0,N,2/11/2024
SKU-TSH-0032,Tshirts,L,0,0,N,2/11/2024
SKU-SHO-0033,Shorts,XL,5,50,N,2/11/2024
SKU-PAN-0034,Pants,M,0,0,N,2/11/2024
SKU-CRO-0035,Croptops,L,0,0,N,2/11/2024
SKU-SHI-0036,Shirts,L,35,350,N,2/11/2024
SKU-CRO-0037,Croptops,M,25,187.5,N,2/11/2024
SKU-CRO-0038,Croptops,XXL,0,0,N,2/11/2024
SKU-SHO-0039,Shorts,M,15,225,N,2/11/2024
SKU-SHO-0040,Shorts,M,31,155,N,2/11/2024
SKU-TSH-0041,Tshirts,XS,52,780,N,2/11/2024
SKU-CRO-0042,Croptops,M,33,247.5,N,2/11/2024
SKU-CRO-0043,Croptops,XXL,0,0,N,2/11/2024
SKU-JAC-0044,Jackets,XL,29,217.5,N,2/11/2024
SKU-SHI-0045,Shirts,XL,44,660,N,2/11/2024
SKU-JAC-0046,Jackets,L,46,276,N,2/11/2024
SKU-PAN-0047,Pants,L,25,125,N,2/11/2024
SKU-CRO-0048,Croptops,XXL,0,0,N,2/11/2024
SKU-TSH-0049,Tshirts,L,50,375,N,2/11/2024
SKU-SHO-0050,Shorts,S,57,855,N,2/11/2024
SKU-SHI-0051,Shirts,S,0,0,N,2/11/2024
SKU-SHI-0052,Shirts,XL,5,999,N,2/11/2024
SKU-JAC-0053,Jackets,XL,0,0,N,2/11/2024
SKU-SHI-0054,Shirts,M,12,90,N,2/11/2024
SKU-JAC-0055,Jackets,XXL,52,312,N,2/11/2024
SKU-SHI-0001,Shirts,S,0,0,N,2/18/2024
SKU-PAN-0002,Pants,S,0,0,N,2/18/2024
SKU-SHI-0003,Shirts,XS,0,0,N,2/18/2024
SKU-TSH-0004,Tshirts,XS,0,0,N,2/18/2024
SKU-CRO-0005,Croptops,XXL,0,0,N,2/18/2024
SKU-SHI-0006,Shirts,L,0,0,N,2/18/2024
SKU-CRO-0007,Croptops,XS,0,0,N,2/18/2024
SKU-PAN-0008,Pants,XXL,0,0,N,2/18/2024
SKU-PAN-0009,Pants,XS,0,0,N,2/18/2024
SKU-TSH-0010,Tshirts,S,0,0,N,2/18/2024
SKU-SHO-0011,Shorts,L,0,0,N,2/18/2024
SKU-TSH-0012,Tshirts,XS,0,0,N,2/18/2024
SKU-SHI-0013,Shirts,XXL,0,0,N,2/18/2024
SKU-CRO-0014,Croptops,L,0,0,N,2/18/2024
SKU-SHI-0015,Shirts,XS,0,0,N,2/18/2024
SKU-PAN-0016,Pants,L,0,0,N,2/18/2024
SKU-SHI-0017,Shirts,XXL,0,0,N,2/18/2024
SKU-PAN-0018,Pants,S,0,0,N,2/18/2024
SKU-CRO-0019,Croptops,M,0,0,N,2/18/2024
SKU-PAN-0020,Pants,L,0,0,N,2/18/2024
SKU-PAN-0021,Pants,XS,0,0,N,2/18/2024
SKU-PAN-0022,Pants,S,0,0,N,2/18/2024
SKU-SHO-0023,Shorts,S,0,0,N,2/18/2024
SKU-SHI-0024,Shirts,L,0,0,N,2/18/2024
SKU-JAC-0025,Jackets,XL,0,0,N,2/18/2024
SKU-PAN-0026,Pants,XXL,0,0,N,2/18/2024
SKU-JAC-0027,Jackets,XS,0,0,N,2/18/2024
SKU-PAN-0028,Pants,L,0,0,N,2/18/2024
SKU-TSH-0029,Tshirts,XS,0,0,N,2/18/2024
SKU-CRO-0030,Croptops,XS,0,0,N,2/18/2024
SKU-JAC-0031,Jackets,XL,0,0,N,2/18/2024
SKU-TSH-0032,Tshirts,L,0,0,N,2/18/2024
SKU-SHO-0033,Shorts,S,5,150,N,2/18/2024
SKU-PAN-0034,Pants,XS,0,0,N,2/18/2024
SKU-CRO-0035,Croptops,M,0,0,N,2/18/2024
SKU-SHI-0036,Shirts,S,35,525,N,2/18/2024
SKU-CRO-0037,Croptops,M,23,138,N,2/18/2024
SKU-CRO-0038,Croptops,M,0,0,N,2/18/2024
SKU-SHO-0039,Shorts,XS,15,225,N,2/18/2024
SKU-SHO-0040,Shorts,S,31,155,N,2/18/2024
SKU-TSH-0041,Tshirts,M,51,510,N,2/18/2024
SKU-CRO-0042,Croptops,XXL,31,186,N,2/18/2024
SKU-CRO-0043,Croptops,M,0,0,N,2/18/2024
SKU-JAC-0044,Jackets,S,28,420,N,2/18/2024
SKU-SHI-0045,Shirts,S,42,315,N,2/18/2024
SKU-JAC-0046,Jackets,S,45,337.5,N,2/18/2024
SKU-PAN-0047,Pants,S,24,120,N,2/18/2024
SKU-CRO-0048,Croptops,XXL,0,0,N,2/18/2024
SKU-TSH-0049,Tshirts,XL,48,240,N,2/18/2024
SKU-SHO-0050,Shorts,XXL,57,999,N,2/18/2024
SKU-SHI-0051,Shirts,L,0,0,N,2/18/2024
SKU-SHI-0052,Shirts,S,4,120,N,2/18/2024
SKU-JAC-0053,Jackets,XL,0,0,N,2/18/2024
SKU-SHI-0054,Shirts,XS,10,75,N,2/18/2024
SKU-JAC-0055,Jackets,S,52,390,N,2/18/2024
SKU-SHI-0001,Shirts,M,0,0,N,2/25/2024
SKU-PAN-0002,Pants,XXL,0,0,N,2/25/2024
SKU-SHI-0003,Shirts,XL,0,0,N,2/25/2024
SKU-TSH-0004,Tshirts,XXL,0,0,N,2/25/2024
SKU-CRO-0005,Croptops,L,0,0,N,2/25/2024
SKU-SHI-0006,Shirts,S,0,0,N,2/25/2024
SKU-CRO-0007,Croptops,S,0,0,N,2/25/2024
SKU-PAN-0008,Pants,XXL,0,0,N,2/25/2024
SKU-PAN-0009,Pants,S,0,0,N,2/25/2024
SKU-TSH-0010,Tshirts,XL,0,0,N,2/25/2024
SKU-SHO-0011,Shorts,S,0,0,N,2/25/2024
SKU-TSH-0012,Tshirts,XXL,0,0,N,2/25/2024
SKU-SHI-0013,Shirts,XL,0,0,N,2/25/2024
SKU-CRO-0014,Croptops,S,0,0,N,2/25/2024
SKU-SHI-0015,Shirts,XS,0,0,N,2/25/2024
SKU-PAN-0016,Pants,S,0,0,N,2/25/2024
SKU-SHI-0017,Shirts,M,0,0,N,2/25/2024
SKU-PAN-0018,Pants,XS,0,0,N,2/25/2024
SKU-CRO-0019,Croptops,M,0,0,N,2/25/2024
SKU-PAN-0020,Pants,S,0,0,N,2/25/2024
SKU-PAN-0021,Pants,XXL,0,0,N,2/25/2024
SKU-PAN-0022,Pants,XS,0,0,N,2/25/2024
SKU-SHO-0023,Shorts,XXL,0,0,N,2/25/2024
SKU-SHI-0024,Shirts,XL,0,0,N,2/25/2024
SKU-JAC-0025,Jackets,XL,0,0,N,2/25/2024
SKU-PAN-0026,Pants,M,0,0,N,2/25/2024
SKU-JAC-0027,Jackets,XS,0,0,N,2/25/2024
SKU-PAN-0028,Pants,XL,0,0,N,2/25/2024
SKU-TSH-0029,Tshirts,S,0,0,N,2/25/2024
SKU-CRO-0030,Croptops,M,0,0,N,2/25/2024
SKU-JAC-0031,Jackets,L,0,0,N,2/25/2024
SKU-TSH-0032,Tshirts,S,0,0,N,2/25/2024
SKU-SHO-0033,Shorts,M,5,999,N,2/25/2024
SKU-PAN-0034,Pants,XL,0,0,N,2/25/2024
SKU-CRO-0035,Croptops,M,0,0,N,2/25/2024
SKU-SHI-0036,Shirts,S,35,525,N,2/25/2024
SKU-CRO-0037,Croptops,XS,22,165,N,2/25/2024
SKU-CRO-0038,Croptops,L,0,0,N,2/25/2024
SKU-SHO-0039,Shorts,XS,15,450,N,2/25/2024
SKU-SHO-0040,Shorts,S,30,150,N,2/25/2024
SKU-TSH-0041,Tshirts,XS,51,765,N,2/25/2024
SKU-CRO-0042,Croptops,XS,31,186,N,2/25/2024
SKU-CRO-0043,Croptops,L,0,0,N,2/25/2024
SKU-JAC-0044,Jackets,M,28,840,N,2/25/2024
SKU-SHI-0045,Shirts,XL,42,315,N,2/25/2024
SKU-JAC-0046,Jackets,XL,45,450,N,2/25/2024
SKU-PAN-0047,Pants,XL,23,172.5,N,2/25/2024
SKU-CRO-0048,Croptops,XXL,0,0,N,2/25/2024
SKU-TSH-0049,Tshirts,XS,48,288,N,2/25/2024
SKU-SHO-0050,Shorts,S,57,999,N,2/25/2024
SKU-SHI-0051,Shirts,XS,0,0,N,2/25/2024
SKU-SHI-0052,Shirts,S,2,20,N,2/25/2024
SKU-JAC-0053,Jackets,S,0,0,N,2/25/2024
SKU-SHI-0054,Shirts,XXL,10,100,N,2/25/2024
SKU-JAC-0055,Jackets,XS,52,390,N,2/25/2024
SKU-SHI-0001,Shirts,M,0,0,N,3/3/2024
SKU-PAN-0002,Pants,M,0,0,N,3/3/2024
SKU-SHI-0003,Shirts,XS,0,0,N,3/3/2024
SKU-TSH-0004,Tshirts,S,0,0,N,3/3/2024
SKU-CRO-0005,Croptops,S,0,0,N,3/3/2024
SKU-SHI-0006,Shirts,S,0,0,N,3/3/2024
SKU-CRO-0007,Croptops,S,0,0,N,3/3/2024
SKU-PAN-0008,Pants,L,0,0,N,3/3/2024
SKU-PAN-0009,Pants,L,0,0,N,3/3/2024
SKU-TSH-0010,Tshirts,M,0,0,N,3/3/2024
SKU-SHO-0011,Shorts,XXL,0,0,N,3/3/2024
SKU-TSH-0012,Tshirts,XL,0,0,N,3/3/2024
SKU-SHI-0013,Shirts,L,0,0,N,3/3/2024
SKU-CRO-0014,Croptops,M,0,0,N,3/3/2024
SKU-SHI-0015,Shirts,L,0,0,N,3/3/2024
SKU-PAN-0016,Pants,XL,0,0,N,3/3/2024
SKU-SHI-0017,Shirts,XXL,0,0,N,3/3/2024
SKU-PAN-0018,Pants,XS,0,0,N,3/3/2024
SKU-CRO-0019,Croptops,L,0,0,N,3/3/2024
SKU-PAN-0020,Pants,L,0,0,N,3/3/2024
SKU-PAN-0021,Pants,XL,0,0,N,3/3/2024
SKU-PAN-0022,Pants,L,0,0,N,3/3/2024
SKU-SHO-0023,Shorts,S,0,0,N,3/3/2024
SKU-SHI-0024,Shirts,M,0,0,N,3/3/2024
SKU-JAC-0025,Jackets,S,0,0,N,3/3/2024
SKU-PAN-0026,Pants,S,0,0,N,3/3/2024
SKU-JAC-0027,Jackets,L,0,0,N,3/3/2024
SKU-PAN-0028,Pants,XL,0,0,N,3/3/2024
SKU-TSH-0029,Tshirts,S,0,0,N,3/3/2024
SKU-CRO-0030,Croptops,S,0,0,N,3/3/2024
SKU-JAC-0031,Jackets,L,0,0,N,3/3/2024
SKU-TSH-0032,Tshirts,XL,0,0,N,3/3/2024
SKU-SHO-0033,Shorts,XL,4,120,N,3/3/2024
SKU-PAN-0034,Pants,M,0,0,N,3/3/2024
SKU-CRO-0035,Croptops,XL,0,0,N,3/3/2024
SKU-SHI-0036,Shirts,XS,35,999,N,3/3/2024
SKU-CRO-0037,Croptops,XXL,22,220,N,3/3/2024
SKU-CRO-0038,Croptops,XS,0,0,N,3/3/2024
SKU-SHO-0039,Shorts,S,13,130,N,3/3/2024
SKU-SHO-0040,Shorts,XL,30,300,N,3/3/2024
SKU-TSH-0041,Tshirts,S,48,288,N,3/3/2024
SKU-CRO-0042,Croptops,S,28,120,N,3/3/2024
SKU-CRO-0043,Croptops,XS,0,0,N,3/3/2024
SKU-JAC-0044,Jackets,XL,27,405,N,3/3/2024
SKU-SHI-0045,Shirts,S,40,300,N,3/3/2024
SKU-JAC-0046,Jackets,S,44,330,N,3/3/2024
SKU-PAN-0047,Pants,M,22,165,N,3/3/2024
SKU-CRO-0048,Croptops,XXL,0,0,N,3/3/2024
SKU-TSH-0049,Tshirts,S,46,276,N,3/3/2024
SKU-SHO-0050,Shorts,M,56,840,N,3/3/2024
SKU-SHI-0051,Shirts,L,0,0,N,3/3/2024
SKU-SHI-0052,Shirts,XS,1,7.5,N,3/3/2024
SKU-JAC-0053,Jackets,XS,0,0,N,3/3/2024
SKU-SHI-0054,Shirts,L,10,150,N,3/3/2024
SKU-JAC-0055,Jackets,XXL,52,520,N,3/3/2024
SKU-SHI-0001,Shirts,XS,0,0,N,3/10/2024
SKU-PAN-0002,Pants,XL,0,0,N,3/10/2024
SKU-SHI-0003,Shirts,L,0,0,N,3/10/2024
SKU-TSH-0004,Tshirts,XL,0,0,N,3/10/2024
SKU-CRO-0005,Croptops,XXL,0,0,N,3/10/2024
SKU-SHI-0006,Shirts,XS,0,0,N,3/10/2024
SKU-CRO-0007,Croptops,S,0,0,N,3/10/2024
SKU-PAN-0008,Pants,L,0,0,N,3/10/2024
SKU-PAN-0009,Pants,L,0,0,N,3/10/2024
SKU-TSH-0010,Tshirts,XS,0,0,N,3/10/2024
SKU-SHO-0011,Shorts,XL,0,0,N,3/10/2024
SKU-TSH-0012,Tshirts,S,0,0,N,3/10/2024
SKU-SHI-0013,Shirts,S,0,0,N,3/10/2024
SKU-CRO-0014,Croptops,XXL,0,0,N,3/10/2024
SKU-SHI-0015,Shirts,XL,0,0,N,3/10/2024
SKU-PAN-0016,Pants,M,0,0,N,3/10/2024
SKU-SHI-0017,Shirts,XS,0,0,N,3/10/2024
SKU-PAN-0018,Pants,XL,0,0,N,3/10/2024
SKU-CRO-0019,Croptops,XS,0,0,N,3/10/2024
SKU-PAN-0020,Pants,XXL,0,0,N,3/10/2024
SKU-PAN-0021,Pants,XL,0,0,N,3/10/2024
SKU-PAN-0022,Pants,L,0,0,N,3/10/2024
SKU-SHO-0023,Shorts,L,0,0,N,3/10/2024
SKU-SHI-0024,Shirts,XL,0,0,N,3/10/2024
SKU-JAC-0025,Jackets,XL,0,0,N,3/10/2024
SKU-PAN-0026,Pants,S,0,0,N,3/10/2024
SKU-JAC-0027,Jackets,S,0,0,N,3/10/2024
SKU-PAN-0028,Pants,XL,0,0,N,3/10/2024
SKU-TSH-0029,Tshirts,M,0,0,N,3/10/2024
SKU-CRO-0030,Croptops,XXL,0,0,N,3/10/2024
SKU-JAC-0031,Jackets,S,0,0,N,3/10/2024
SKU-TSH-0032,Tshirts,XS,0,0,N,3/10/2024
SKU-SHO-0033,Shorts,L,2,20,N,3/10/2024
SKU-PAN-0034,Pants,M,0,0,N,3/10/2024
SKU-CRO-0035,Croptops,S,0,0,N,3/10/2024
SKU-SHI-0036,Shirts,M,35,999,N,3/10/2024
SKU-CRO-0037,Croptops,XL,22,220,N,3/10/2024
SKU-CRO-0038,Croptops,XXL,0,0,N,3/10/2024
SKU-SHO-0039,Shorts,XXL,13,195,N,3/10/2024
SKU-SHO-0040,Shorts,XXL,27,162,N,3/10/2024
SKU-TSH-0041,Tshirts,M,47,282,N,3/10/2024
SKU-CRO-0042,Croptops,L,27,135,N,3/10/2024
SKU-CRO-0043,Croptops,XS,0,0,N,3/10/2024
SKU-JAC-0044,Jackets,XS,26,260,N,3/10/2024
SKU-SHI-0045,Shirts,XXL,38,190,N,3/10/2024
SKU-JAC-0046,Jackets,M,44,660,N,3/10/2024
SKU-PAN-0047,Pants,XS,22,220,N,3/10/2024
SKU-CRO-0048,Croptops,XL,0,0,N,3/10/2024
SKU-TSH-0049,Tshirts,S,45,270,N,3/10/2024
SKU-SHO-0050,Shorts,XS,55,550,N,3/10/2024
SKU-SHI-0051,Shirts,M,0,0,N,3/10/2024
SKU-SHI-0052,Shirts,L,1,7.5,N,3/10/2024
SKU-JAC-0053,Jackets,M,0,0,N,3/10/2024
SKU-SHI-0054,Shirts,XXL,9,90,N,3/10/2024
SKU-JAC-0055,Jackets,XL,52,999,N,3/10/2024
SKU-SHI-0001,Shirts,XL,0,0,N,3/17/2024
SKU-PAN-0002,Pants,L,0,0,N,3/17/2024
SKU-SHI-0003,Shirts,XXL,0,0,N,3/17/2024
SKU-TSH-0004,Tshirts,XL,0,0,N,3/17/2024
SKU-CRO-0005,Croptops,L,0,0,N,3/17/2024
SKU-SHI-0006,Shirts,S,0,0,N,3/17/2024
SKU-CRO-0007,Croptops,M,0,0,N,3/17/2024
SKU-PAN-0008,Pants,XXL,0,0,N,3/17/2024
SKU-PAN-0009,Pants,XXL,0,0,N,3/17/2024
SKU-TSH-0010,Tshirts,XL,0,0,N,3/17/2024
SKU-SHO-0011,Shorts,XXL,0,0,N,3/17/2024
SKU-TSH-0012,Tshirts,XL,0,0,N,3/17/2024
SKU-SHI-0013,Shirts,XXL,0,0,N,3/17/2024
SKU-CRO-0014,Croptops,XS,0,0,N,3/17/2024
SKU-SHI-0015,Shirts,L,0,0,N,3/17/2024
SKU-PAN-0016,Pants,M,0,0,N,3/17/2024
SKU-SHI-0017,Shirts,XXL,0,0,N,3/17/2024
SKU-PAN-0018,Pants,XS,0,0,N,3/17/2024
SKU-CRO-0019,Croptops,M,0,0,N,3/17/2024
SKU-PAN-0020,Pants,S,0,0,N,3/17/2024
SKU-PAN-0021,Pants,XS,0,0,N,3/17/2024
SKU-PAN-0022,Pants,XL,0,0,N,3/17/2024
SKU-SHO-0023,Shorts,L,0,0,N,3/17/2024
SKU-SHI-0024,Shirts,L,0,0,N,3/17/2024
SKU-JAC-0025,Jackets,XS,0,0,N,3/17/2024
SKU-PAN-0026,Pants,XL,0,0,N,3/17/2024
SKU-JAC-0027,Jackets,S,0,0,N,3/17/2024
SKU-PAN-0028,Pants,M,0,0,N,3/17/2024
SKU-TSH-0029,Tshirts,S,0,0,N,3/17/2024
SKU-CRO-0030,Croptops,XS,0,0,N,3/17/2024
SKU-JAC-0031,Jackets,S,0,0,N,3/17/2024
SKU-TSH-0032,Tshirts,L,0,0,N,3/17/2024
SKU-SHO-0033,Shorts,XS,2,20,N,3/17/2024
SKU-PAN-0034,Pants,XL,0,0,N,3/17/2024
SKU-CRO-0035,Croptops,L,0,0,N,3/17/2024
SKU-SHI-0036,Shirts,XXL,35,999,N,3/17/2024
SKU-CRO-0037,Croptops,L,19,142.5,N,3/17/2024
SKU-CRO-0038,Croptops,L,0,0,N,3/17/2024
SKU-SHO-0039,Shorts,M,12,120,N,3/17/2024
SKU-SHO-0040,Shorts,L,27,202.5,N,3/17/2024
SKU-TSH-0041,Tshirts,XL,46,230,N,3/17/2024
SKU-CRO-0042,Croptops,XS,27,162,N,3/17/2024
SKU-CRO-0043,Croptops,XS,0,0,N,3/17/2024
SKU-JAC-0044,Jackets,L,25,250,N,3/17/2024
SKU-SHI-0045,Shirts,XL,38,228,N,3/17/2024
SKU-JAC-0046,Jackets,L,43,645,N,3/17/2024
SKU-PAN-0047,Pants,S,20,150,N,3/17/2024
SKU-CRO-0048,Croptops,XL,0,0,N,3/17/2024
SKU-TSH-0049,Tshirts,S,43,258,N,3/17/2024
SKU-SHO-0050,Shorts,M,54,540,N,3/17/2024
SKU-SHI-0051,Shirts,S,0,0,N,3/17/2024
SKU-SHI-0052,Shirts,S,0,0,N,3/17/2024
SKU-JAC-0053,Jackets,XS,0,0,N,3/17/2024
SKU-SHI-0054,Shirts,XXL,8,120,N,3/17/2024
SKU-JAC-0055,Jackets,M,50,750,N,3/17/2024
SKU-SHI-0001,Shirts,S,0,0,N,3/24/2024
SKU-PAN-0002,Pants,M,0,0,N,3/24/2024
SKU-SHI-0003,Shirts,M,0,0,N,3/24/2024
SKU-TSH-0004,Tshirts,XL,0,0,N,3/24/2024
SKU-CRO-0005,Croptops,L,0,0,N,3/24/2024
SKU-SHI-0006,Shirts,XS,0,0,N,3/24/2024
SKU-CRO-0007,Croptops,XXL,0,0,N,3/24/2024
SKU-PAN-0008,Pants,XS,0,0,N,3/24/2024
SKU-PAN-0009,Pants,L,0,0,N,3/24/2024
SKU-TSH-0010,Tshirts,XS,0,0,N,3/24/2024
SKU-SHO-0011,Shorts,XL,0,0,N,3/24/2024
SKU-TSH-0012,Tshirts,XXL,0,0,N,3/24/2024
SKU-SHI-0013,Shirts,L,0,0,N,3/24/2024
SKU-CRO-0014,Croptops,XXL,0,0,N,3/24/2024
SKU-SHI-0015,Shirts,XL,0,0,N,3/24/2024
SKU-PAN-0016,Pants,XL,0,0,N,3/24/2024
SKU-SHI-0017,Shirts,M,0,0,N,3/24/2024
SKU-PAN-0018,Pants,XS,0,0,N,3/24/2024
SKU-CRO-0019,Croptops,XS,0,0,N,3/24/2024
SKU-PAN-0020,Pants,XS,0,0,N,3/24/2024
SKU-PAN-0021,Pants,S,0,0,N,3/24/2024
SKU-PAN-0022,Pants,XS,0,0,N,3/24/2024
SKU-SHO-0023,Shorts,XS,0,0,N,3/24/2024
SKU-SHI-0024,Shirts,L,0,0,N,3/24/2024
SKU-JAC-0025,Jackets,XXL,0,0,N,3/24/2024
SKU-PAN-0026,Pants,M,0,0,N,3/24/2024
SKU-JAC-0027,Jackets,XXL,0,0,N,3/24/2024
SKU-PAN-0028,Pants,XXL,0,0,N,3/24/2024
SKU-TSH-0029,Tshirts,XL,0,0,N,3/24/2024
SKU-CRO-0030,Croptops,XL,0,0,N,3/24/2024
SKU-JAC-0031,Jackets,XS,0,0,N,3/24/2024
SKU-TSH-0032,Tshirts,L,0,0,N,3/24/2024
SKU-SHO-0033,Shorts,XL,2,20,N,3/24/2024
SKU-PAN-0034,Pants,XXL,0,0,N,3/24/2024
SKU-CRO-0035,Croptops,M,0,0,N,3/24/2024
SKU-SHI-0036,Shirts,XXL,34,999,N,3/24/2024
SKU-CRO-0037,Croptops,XXL,19,142.5,N,3/24/2024
SKU-CRO-0038,Croptops,XL,0,0,N,3/24/2024
SKU-SHO-0039,Shorts,L,12,120,N,3/24/2024
SKU-SHO-0040,Shorts,M,27,202.5,N,3/24/2024
SKU-TSH-0041,Tshirts,L,44,188.6,N,3/24/2024
SKU-CRO-0042,Croptops,S,26,156,N,3/24/2024
SKU-CRO-0043,Croptops,L,0,0,N,3/24/2024
SKU-JAC-0044,Jackets,S,24,180,N,3/24/2024
SKU-SHI-0045,Shirts,L,37,222,N,3/24/2024
SKU-JAC-0046,Jackets,XL,42,420,N,3/24/2024
SKU-PAN-0047,Pants,L,19,142.5,N,3/24/2024
SKU-CRO-0048,Croptops,L,0,0,N,3/24/2024
SKU-TSH-0049,Tshirts,XXL,42,210,N,3/24/2024
SKU-SHO-0050,Shorts,XXL,52,312,N,3/24/2024
SKU-SHI-0051,Shirts,M,0,0,N,3/24/2024
SKU-SHI-0052,Shirts,L,0,0,N,3/24/2024
SKU-JAC-0053,Jackets,L,0,0,N,3/24/2024
SKU-SHI-0054,Shirts,M,8,120,N,3/24/2024
SKU-JAC-0055,Jackets,S,49,490,N,3/24/2024
SKU-SHI-0001,Shirts,L,0,0,N,3/31/2024
SKU-PAN-0002,Pants,XS,0,0,N,3/31/2024
SKU-SHI-0003,Shirts,XXL,0,0,N,3/31/2024
SKU-TSH-0004,Tshirts,S,0,0,N,3/31/2024
SKU-CRO-0005,Croptops,M,0,0,N,3/31/2024
SKU-SHI-0006,Shirts,M,0,0,N,3/31/2024
SKU-CRO-0007,Croptops,S,0,0,N,3/31/2024
SKU-PAN-0008,Pants,M,0,0,N,3/31/2024
SKU-PAN-0009,Pants,XL,0,0,N,3/31/2024
SKU-TSH-0010,Tshirts,L,0,0,N,3/31/2024
SKU-SHO-0011,Shorts,XXL,0,0,N,3/31/2024
SKU-TSH-0012,Tshirts,L,0,0,N,3/31/2024
SKU-SHI-0013,Shirts,XXL,0,0,N,3/31/2024
SKU-CRO-0014,Croptops,S,0,0,N,3/31/2024
SKU-SHI-0015,Shirts,XS,0,0,N,3/31/2024
SKU-PAN-0016,Pants,XXL,0,0,N,3/31/2024
SKU-SHI-0017,Shirts,XXL,0,0,N,3/31/2024
SKU-PAN-0018,Pants,L,0,0,N,3/31/2024
SKU-CRO-0019,Croptops,XL,0,0,N,3/31/2024
SKU-PAN-0020,Pants,L,0,0,N,3/31/2024
SKU-PAN-0021,Pants,XXL,0,0,N,3/31/2024
SKU-PAN-0022,Pants,XS,0,0,N,3/31/2024
SKU-SHO-0023,Shorts,XS,0,0,N,3/31/2024
SKU-SHI-0024,Shirts,XXL,0,0,N,3/31/2024
SKU-JAC-0025,Jackets,L,0,0,N,3/31/2024
SKU-PAN-0026,Pants,XL,0,0,N,3/31/2024
SKU-JAC-0027,Jackets,XXL,0,0,N,3/31/2024
SKU-PAN-0028,Pants,M,0,0,N,3/31/2024
SKU-TSH-0029,Tshirts,M,0,0,N,3/31/2024
SKU-CRO-0030,Croptops,XXL,0,0,N,3/31/2024
SKU-JAC-0031,Jackets,XXL,0,0,N,3/31/2024
SKU-TSH-0032,Tshirts,XXL,0,0,N,3/31/2024
SKU-SHO-0033,Shorts,S,0,0,N,3/31/2024
SKU-PAN-0034,Pants,S,0,0,N,3/31/2024
SKU-CRO-0035,Croptops,XS,0,0,N,3/31/2024
SKU-SHI-0036,Shirts,XXL,34,999,N,3/31/2024
SKU-CRO-0037,Croptops,L,18,135,N,3/31/2024
SKU-CRO-0038,Croptops,M,0,0,N,3/31/2024
SKU-SHO-0039,Shorts,XXL,11,165,N,3/31/2024
SKU-SHO-0040,Shorts,S,25,150,N,3/31/2024
SKU-TSH-0041,Tshirts,S,44,330,N,3/31/2024
SKU-CRO-0042,Croptops,XL,25,187.5,N,3/31/2024
SKU-CRO-0043,Croptops,XXL,0,0,N,3/31/2024
SKU-JAC-0044,Jackets,L,24,240,N,3/31/2024
SKU-SHI-0045,Shirts,L,36,216,N,3/31/2024
SKU-JAC-0046,Jackets,XS,41,307.5,N,3/31/2024
SKU-PAN-0047,Pants,XS,19,190,N,3/31/2024
SKU-CRO-0048,Croptops,XXL,0,0,N,3/31/2024
SKU-TSH-0049,Tshirts,XXL,40,200,N,3/31/2024
SKU-SHO-0050,Shorts,XS,51,306,N,3/31/2024
SKU-SHI-0051,Shirts,XXL,0,0,N,3/31/2024
SKU-SHI-0052,Shirts,S,0,0,N,3/31/2024
SKU-JAC-0053,Jackets,L,0,0,N,3/31/2024
SKU-SHI-0054,Shirts,XXL,7,70,N,3/31/2024
SKU-JAC-0055,Jackets,XXL,47,282,N,3/31/2024
SKU-SHI-0001,Shirts,XL,0,0,N,4/7/2024
SKU-PAN-0002,Pants,L,0,0,N,4/7/2024
SKU-SHI-0003,Shirts,S,0,0,N,4/7/2024
SKU-TSH-0004,Tshirts,XXL,0,0,N,4/7/2024
SKU-CRO-0005,Croptops,XL,0,0,N,4/7/2024
SKU-SHI-0006,Shirts,L,0,0,N,4/7/2024
SKU-CRO-0007,Croptops,XXL,0,0,N,4/7/2024
SKU-PAN-0008,Pants,S,0,0,N,4/7/2024
SKU-PAN-0009,Pants,XXL,0,0,N,4/7/2024
SKU-TSH-0010,Tshirts,M,0,0,N,4/7/2024
SKU-SHO-0011,Shorts,XXL,0,0,N,4/7/2024
SKU-TSH-0012,Tshirts,S,0,0,N,4/7/2024
SKU-SHI-0013,Shirts,XL,0,0,N,4/7/2024
SKU-CRO-0014,Croptops,S,0,0,N,4/7/2024
SKU-SHI-0015,Shirts,XL,0,0,N,4/7/2024
SKU-PAN-0016,Pants,XL,0,0,N,4/7/2024
SKU-SHI-0017,Shirts,XL,0,0,N,4/7/2024
SKU-PAN-0018,Pants,M,0,0,N,4/7/2024
SKU-CRO-0019,Croptops,XXL,0,0,N,4/7/2024
SKU-PAN-0020,Pants,L,0,0,N,4/7/2024
SKU-PAN-0021,Pants,L,0,0,N,4/7/2024
SKU-PAN-0022,Pants,S,0,0,N,4/7/2024
SKU-SHO-0023,Shorts,S,0,0,N,4/7/2024
SKU-SHI-0024,Shirts,L,0,0,N,4/7/2024
SKU-JAC-0025,Jackets,M,0,0,N,4/7/2024
SKU-PAN-0026,Pants,XXL,0,0,N,4/7/2024
SKU-JAC-0027,Jackets,L,0,0,N,4/7/2024
SKU-PAN-0028,Pants,XL,0,0,N,4/7/2024
SKU-TSH-0029,Tshirts,M,0,0,N,4/7/2024
SKU-CRO-0030,Croptops,L,0,0,N,4/7/2024
SKU-JAC-0031,Jackets,L,0,0,N,4/7/2024
SKU-TSH-0032,Tshirts,XL,0,0,N,4/7/2024
SKU-SHO-0033,Shorts,XXL,0,0,N,4/7/2024
SKU-PAN-0034,Pants,L,0,0,N,4/7/2024
SKU-CRO-0035,Croptops,XS,0,0,N,4/7/2024
SKU-SHI-0036,Shirts,L,33,495,N,4/7/2024
SKU-CRO-0037,Croptops,M,17,102,N,4/7/2024
SKU-CRO-0038,Croptops,S,0,0,N,4/7/2024
SKU-SHO-0039,Shorts,M,11,165,N,4/7/2024
SKU-SHO-0040,Shorts,M,24,240,N,4/7/2024
SKU-TSH-0041,Tshirts,XL,43,322.5,N,4/7/2024
SKU-CRO-0042,Croptops,S,23,138,N,4/7/2024
SKU-CRO-0043,Croptops,XXL,0,0,N,4/7/2024
SKU-JAC-0044,Jackets,XXL,22,132,N,4/7/2024
SKU-SHI-0045,Shirts,L,35,262.5,N,4/7/2024
SKU-JAC-0046,Jackets,XXL,40,300,N,4/7/2024
SKU-PAN-0047,Pants,XS,17,102,N,4/7/2024
SKU-CRO-0048,Croptops,XL,0,0,N,4/7/2024
SKU-TSH-0049,Tshirts,M,40,240,N,4/7/2024
SKU-SHO-0050,Shorts,XXL,49,210,N,4/7/2024
SKU-SHI-0051,Shirts,XS,0,0,N,4/7/2024
SKU-SHI-0052,Shirts,XS,0,0,N,4/7/2024
SKU-JAC-0053,Jackets,S,0,0,N,4/7/2024
SKU-SHI-0054,Shirts,XL,5,30,N,4/7/2024
SKU-JAC-0055,Jackets,M,46,230,N,4/7/2024
SKU-SHI-0001,Shirts,L,0,0,N,4/14/2024
SKU-PAN-0002,Pants,XXL,0,0,N,4/14/2024
SKU-SHI-0003,Shirts,L,0,0,N,4/14/2024
SKU-TSH-0004,Tshirts,M,0,0,N,4/14/2024
SKU-CRO-0005,Croptops,M,0,0,N,4/14/2024
SKU-SHI-0006,Shirts,XS,0,0,N,4/14/2024
SKU-CRO-0007,Croptops,XL,0,0,N,4/14/2024
SKU-PAN-0008,Pants,XXL,0,0,N,4/14/2024
SKU-PAN-0009,Pants,XXL,0,0,N,4/14/2024
SKU-TSH-0010,Tshirts,XS,0,0,N,4/14/2024
SKU-SHO-0011,Shorts,XL,0,0,N,4/14/2024
SKU-TSH-0012,Tshirts,L,0,0,N,4/14/2024
SKU-SHI-0013,Shirts,XS,0,0,N,4/14/2024
SKU-CRO-0014,Croptops,XS,0,0,N,4/14/2024
SKU-SHI-0015,Shirts,M,0,0,N,4/14/2024
SKU-PAN-0016,Pants,XXL,0,0,N,4/14/2024
SKU-SHI-0017,Shirts,L,0,0,N,4/14/2024
SKU-PAN-0018,Pants,XXL,0,0,N,4/14/2024
SKU-CRO-0019,Croptops,M,0,0,N,4/14/2024
SKU-PAN-0020,Pants,L,0,0,N,4/14/2024
SKU-PAN-0021,Pants,L,0,0,N,4/14/2024
SKU-PAN-0022,Pants,L,0,0,N,4/14/2024
SKU-SHO-0023,Shorts,XS,0,0,N,4/14/2024
SKU-SHI-0024,Shirts,XS,0,0,N,4/14/2024
SKU-JAC-0025,Jackets,M,0,0,N,4/14/2024
SKU-PAN-0026,Pants,XXL,0,0,N,4/14/2024
SKU-JAC-0027,Jackets,M,0,0,N,4/14/2024
SKU-PAN-0028,Pants,S,0,0,N,4/14/2024
SKU-TSH-0029,Tshirts,S,0,0,N,4/14/2024
SKU-CRO-0030,Croptops,S,0,0,N,4/14/2024
SKU-JAC-0031,Jackets,S,0,0,N,4/14/2024
SKU-TSH-0032,Tshirts,S,0,0,N,4/14/2024
SKU-SHO-0033,Shorts,M,0,0,N,4/14/2024
SKU-PAN-0034,Pants,S,0,0,N,4/14/2024
SKU-CRO-0035,Croptops,XS,0,0,N,4/14/2024
SKU-SHI-0036,Shirts,S,33,495,N,4/14/2024
SKU-CRO-0037,Croptops,XS,15,64.3,N,4/14/2024
SKU-CRO-0038,Croptops,M,0,0,N,4/14/2024
SKU-SHO-0039,Shorts,M,9,67.5,N,4/14/2024
SKU-SHO-0040,Shorts,L,23,172.5,N,4/14/2024
SKU-TSH-0041,Tshirts,M,42,315,N,4/14/2024
SKU-CRO-0042,Croptops,XXL,22,132,N,4/14/2024
SKU-CRO-0043,Croptops,L,0,0,N,4/14/2024
SKU-JAC-0044,Jackets,XXL,21,157.5,N,4/14/2024
SKU-SHI-0045,Shirts,S,34,255,N,4/14/2024
SKU-JAC-0046,Jackets,XS,39,292.5,N,4/14/2024
SKU-PAN-0047,Pants,S,15,75,N,4/14/2024
SKU-CRO-0048,Croptops,XS,0,0,N,4/14/2024
SKU-TSH-0049,Tshirts,XL,38,228,N,4/14/2024
SKU-SHO-0050,Shorts,XS,49,294,N,4/14/2024
SKU-SHI-0051,Shirts,M,0,0,N,4/14/2024
SKU-SHI-0052,Shirts,XXL,0,0,N,4/14/2024
SKU-JAC-0053,Jackets,M,0,0,N,4/14/2024
SKU-SHI-0054,Shirts,M,4,30,N,4/14/2024
SKU-JAC-0055,Jackets,XL,44,188.6,N,4/14/2024
SKU-SHI-0001,Shirts,XL,0,0,N,4/21/2024
SKU-PAN-0002,Pants,XL,0,0,N,4/21/2024
SKU-SHI-0003,Shirts,XL,0,0,N,4/21/2024
SKU-TSH-0004,Tshirts,S,0,0,N,4/21/2024
SKU-CRO-0005,Croptops,XXL,0,0,N,4/21/2024
SKU-SHI-0006,Shirts,M,0,0,N,4/21/2024
SKU-CRO-0007,Croptops,S,0,0,N,4/21/2024
SKU-PAN-0008,Pants,S,0,0,N,4/21/2024
SKU-PAN-0009,Pants,L,0,0,N,4/21/2024
SKU-TSH-0010,Tshirts,S,0,0,N,4/21/2024
SKU-SHO-0011,Shorts,S,0,0,N,4/21/2024
SKU-TSH-0012,Tshirts,XL,0,0,N,4/21/2024
SKU-SHI-0013,Shirts,XS,0,0,N,4/21/2024
SKU-CRO-0014,Croptops,XS,0,0,N,4/21/2024
SKU-SHI-0015,Shirts,XXL,0,0,N,4/21/2024
SKU-PAN-0016,Pants,M,0,0,N,4/21/2024
SKU-SHI-0017,Shirts,S,0,0,N,4/21/2024
SKU-PAN-0018,Pants,XS,0,0,N,4/21/2024
SKU-CRO-0019,Croptops,S,0,0,N,4/21/2024
SKU-PAN-0020,Pants,XS,0,0,N,4/21/2024
SKU-PAN-0021,Pants,XL,0,0,N,4/21/2024
SKU-PAN-0022,Pants,XXL,0,0,N,4/21/2024
SKU-SHO-0023,Shorts,XS,0,0,N,4/21/2024
SKU-SHI-0024,Shirts,S,0,0,N,4/21/2024
SKU-JAC-0025,Jackets,XXL,0,0,N,4/21/2024
SKU-PAN-0026,Pants,M,0,0,N,4/21/2024
SKU-JAC-0027,Jackets,XS,0,0,N,4/21/2024
SKU-PAN-0028,Pants,L,0,0,N,4/21/2024
SKU-TSH-0029,Tshirts,XL,0,0,N,4/21/2024
SKU-CRO-0030,Croptops,S,0,0,N,4/21/2024
SKU-JAC-0031,Jackets,XL,0,0,N,4/21/2024
SKU-TSH-0032,Tshirts,XXL,0,0,N,4/21/2024
SKU-SHO-0033,Shorts,S,0,0,N,4/21/2024
SKU-PAN-0034,Pants,XXL,0,0,N,4/21/2024
SKU-CRO-0035,Croptops,L,0,0,N,4/21/2024
SKU-SHI-0036,Shirts,S,32,320,N,4/21/2024
SKU-CRO-0037,Croptops,L,13,65,N,4/21/2024
SKU-CRO-0038,Croptops,M,0,0,N,4/21/2024
SKU-SHO-0039,Shorts,L,9,90,N,4/21/2024
SKU-SHO-0040,Shorts,XS,23,172.5,N,4/21/2024
SKU-TSH-0041,Tshirts,M,42,630,N,4/21/2024
SKU-CRO-0042,Croptops,XXL,20,100,N,4/21/2024
SKU-CRO-0043,Croptops,L,0,0,N,4/21/2024
SKU-JAC-0044,Jackets,M,20,150,N,4/21/2024
SKU-SHI-0045,Shirts,XXL,34,255,N,4/21/2024
SKU-JAC-0046,Jackets,M,37,222,N,4/21/2024
SKU-PAN-0047,Pants,XS,14,70,N,4/21/2024
SKU-CRO-0048,Croptops,XL,0,0,N,4/21/2024
SKU-TSH-0049,Tshirts,S,36,180,N,4/21/2024
SKU-SHO-0050,Shorts,S,46,197.1,N,4/21/2024
SKU-SHI-0051,Shirts,L,0,0,N,4/21/2024
SKU-SHI-0052,Shirts,XS,0,0,N,4/21/2024
SKU-JAC-0053,Jackets,M,0,0,N,4/21/2024
SKU-SHI-0054,Shirts,S,1,4.3,N,4/21/2024
SKU-JAC-0055,Jackets,XL,43,215,N,4/21/2024
SKU-SHI-0001,Shirts,M,0,0,N,4/28/2024
SKU-PAN-0002,Pants,M,0,0,N,4/28/2024
SKU-SHI-0003,Shirts,S,0,0,N,4/28/2024
SKU-TSH-0004,Tshirts,S,0,0,N,4/28/2024
SKU-CRO-0005,Croptops,L,0,0,N,4/28/2024
SKU-SHI-0006,Shirts,XL,0,0,N,4/28/2024
SKU-CRO-0007,Croptops,L,0,0,N,4/28/2024
SKU-PAN-0008,Pants,XXL,0,0,N,4/28/2024
SKU-PAN-0009,Pants,XL,0,0,N,4/28/2024
SKU-TSH-0010,Tshirts,S,0,0,N,4/28/2024
SKU-SHO-0011,Shorts,XXL,0,0,N,4/28/2024
SKU-TSH-0012,Tshirts,XL,0,0,N,4/28/2024
SKU-SHI-0013,Shirts,S,0,0,N,4/28/2024
SKU-CRO-0014,Croptops,XL,0,0,N,4/28/2024
SKU-SHI-0015,Shirts,L,0,0,N,4/28/2024
SKU-PAN-0016,Pants,XXL,0,0,N,4/28/2024
SKU-SHI-0017,Shirts,S,0,0,N,4/28/2024
SKU-PAN-0018,Pants,L,0,0,N,4/28/2024
SKU-CRO-0019,Croptops,S,0,0,N,4/28/2024
SKU-PAN-0020,Pants,L,0,0,N,4/28/2024
SKU-PAN-0021,Pants,XL,0,0,N,4/28/2024
SKU-PAN-0022,Pants,XL,0,0,N,4/28/2024
SKU-SHO-0023,Shorts,S,0,0,N,4/28/2024
SKU-SHI-0024,Shirts,L,0,0,N,4/28/2024
SKU-JAC-0025,Jackets,XXL,0,0,N,4/28/2024
SKU-PAN-0026,Pants,L,0,0,N,4/28/2024
SKU-JAC-0027,Jackets,S,0,0,N,4/28/2024
SKU-PAN-0028,Pants,XXL,0,0,N,4/28/2024
SKU-TSH-0029,Tshirts,S,0,0,N,4/28/2024
SKU-CRO-0030,Croptops,XL,0,0,N,4/28/2024
SKU-JAC-0031,Jackets,XXL,0,0,N,4/28/2024
SKU-TSH-0032,Tshirts,XS,0,0,N,4/28/2024
SKU-SHO-0033,Shorts,XXL,0,0,N,4/28/2024
SKU-PAN-0034,Pants,XL,0,0,N,4/28/2024
SKU-CRO-0035,Croptops,XS,0,0,N,4/28/2024
SKU-SHI-0036,Shirts,L,31,310,N,4/28/2024
SKU-CRO-0037,Croptops,M,12,51.4,N,4/28/2024
SKU-CRO-0038,Croptops,M,0,0,N,4/28/2024
SKU-SHO-0039,Shorts,S,6,36,N,4/28/2024
SKU-SHO-0040,Shorts,S,23,230,N,4/28/2024
SKU-TSH-0041,Tshirts,L,41,410,N,4/28/2024
SKU-CRO-0042,Croptops,XS,19,81.4,N,4/28/2024
SKU-CRO-0043,Croptops,L,0,0,N,4/28/2024
SKU-JAC-0044,Jackets,M,20,150,N,4/28/2024
SKU-SHI-0045,Shirts,L,34,510,N,4/28/2024
SKU-JAC-0046,Jackets,M,35,175,N,4/28/2024
SKU-PAN-0047,Pants,M,13,65,N,4/28/2024
SKU-CRO-0048,Croptops,XS,0,0,N,4/28/2024
SKU-TSH-0049,Tshirts,XS,36,270,N,4/28/2024
SKU-SHO-0050,Shorts,XXL,46,276,N,4/28/2024
SKU-SHI-0051,Shirts,S,0,0,N,4/28/2024
SKU-SHI-0052,Shirts,XXL,0,0,N,4/28/2024
SKU-JAC-0053,Jackets,S,0,0,N,4/28/2024
SKU-SHI-0054,Shirts,S,0,0,N,4/28/2024
SKU-JAC-0055,Jackets,XL,42,210,N,4/28/2024
SKU-SHI-0001,Shirts,S,0,0,N,5/5/2024
SKU-PAN-0002,Pants,S,0,0,N,5/5/2024
SKU-SHI-0003,Shirts,XXL,0,0,N,5/5/2024
SKU-TSH-0004,Tshirts,S,0,0,N,5/5/2024
SKU-CRO-0005,Croptops,XXL,0,0,N,5/5/2024
SKU-SHI-0006,Shirts,L,0,0,N,5/5/2024
SKU-CRO-0007,Croptops,L,0,0,N,5/5/2024
SKU-PAN-0008,Pants,XL,0,0,N,5/5/2024
SKU-PAN-0009,Pants,S,0,0,N,5/5/2024
SKU-TSH-0010,Tshirts,XL,0,0,N,5/5/2024
SKU-SHO-0011,Shorts,S,0,0,N,5/5/2024
SKU-TSH-0012,Tshirts,S,0,0,N,5/5/2024
SKU-SHI-0013,Shirts,XS,0,0,N,5/5/2024
SKU-CRO-0014,Croptops,XL,0,0,N,5/5/2024
SKU-SHI-0015,Shirts,M,0,0,N,5/5/2024
SKU-PAN-0016,Pants,S,0,0,N,5/5/2024
SKU-SHI-0017,Shirts,S,0,0,N,5/5/2024
SKU-PAN-0018,Pants,XXL,0,0,N,5/5/2024
SKU-CRO-0019,Croptops,S,0,0,N,5/5/2024
SKU-PAN-0020,Pants,L,0,0,N,5/5/2024
SKU-PAN-0021,Pants,XS,0,0,N,5/5/2024
SKU-PAN-0022,Pants,XXL,0,0,N,5/5/2024
SKU-SHO-0023,Shorts,L,0,0,N,5/5/2024
SKU-SHI-0024,Shirts,M,0,0,N,5/5/2024
SKU-JAC-0025,Jackets,L,0,0,N,5/5/2024
SKU-PAN-0026,Pants,M,0,0,N,5/5/2024
SKU-JAC-0027,Jackets,L,0,0,N,5/5/2024
SKU-PAN-0028,Pants,XS,0,0,N,5/5/2024
SKU-TSH-0029,Tshirts,M,0,0,N,5/5/2024
SKU-CRO-0030,Croptops,XL,0,0,N,5/5/2024
SKU-JAC-0031,Jackets,M,0,0,N,5/5/2024
SKU-TSH-0032,Tshirts,L,0,0,N,5/5/2024
SKU-SHO-0033,Shorts,S,0,0,N,5/5/2024
SKU-PAN-0034,Pants,XS,0,0,N,5/5/2024
SKU-CRO-0035,Croptops,M,0,0,N,5/5/2024
SKU-SHI-0036,Shirts,XXL,31,465,N,5/5/2024
SKU-CRO-0037,Croptops,XXL,12,72,N,5/5/2024
SKU-CRO-0038,Croptops,XL,0,0,N,5/5/2024
SKU-SHO-0039,Shorts,M,5,25,N,5/5/2024
SKU-SHO-0040,Shorts,XL,23,345,N,5/5/2024
SKU-TSH-0041,Tshirts,S,40,300,N,5/5/2024
SKU-CRO-0042,Croptops,XXL,19,142.5,N,5/5/2024
SKU-CRO-0043,Croptops,L,0,0,N,5/5/2024
SKU-JAC-0044,Jackets,S,19,190,N,5/5/2024
SKU-SHI-0045,Shirts,S,34,510,N,5/5/2024
SKU-JAC-0046,Jackets,XS,35,210,N,5/5/2024
SKU-PAN-0047,Pants,L,12,72,N,5/5/2024
SKU-CRO-0048,Croptops,XL,0,0,N,5/5/2024
SKU-TSH-0049,Tshirts,XXL,36,270,N,5/5/2024
SKU-SHO-0050,Shorts,XL,45,337.5,N,5/5/2024
SKU-SHI-0051,Shirts,XL,0,0,N,5/5/2024
SKU-SHI-0052,Shirts,M,0,0,N,5/5/2024
SKU-JAC-0053,Jackets,XL,0,0,N,5/5/2024
SKU-SHI-0054,Shirts,L,0,0,N,5/5/2024
SKU-JAC-0055,Jackets,M,42,315,N,5/5/2024
SKU-SHI-0001,Shirts,M,0,0,N,5/12/2024
SKU-PAN-0002,Pants,S,0,0,N,5/12/2024
SKU-SHI-0003,Shirts,XS,0,0,N,5/12/2024
SKU-TSH-0004,Tshirts,L,0,0,N,5/12/2024
SKU-CRO-0005,Croptops,L,0,0,N,5/12/2024
SKU-SHI-0006,Shirts,XL,0,0,N,5/12/2024
SKU-CRO-0007,Croptops,S,0,0,N,5/12/2024
SKU-PAN-0008,Pants,L,0,0,N,5/12/2024
SKU-PAN-0009,Pants,XS,0,0,N,5/12/2024
SKU-TSH-0010,Tshirts,XXL,0,0,N,5/12/2024
SKU-SHO-0011,Shorts,S,0,0,N,5/12/2024
SKU-TSH-0012,Tshirts,XS,0,0,N,5/12/2024
SKU-SHI-0013,Shirts,XL,0,0,N,5/12/2024
SKU-CRO-0014,Croptops,XL,0,0,N,5/12/2024
SKU-SHI-0015,Shirts,S,0,0,N,5/12/2024
SKU-PAN-0016,Pants,L,0,0,N,5/12/2024
SKU-SHI-0017,Shirts,XXL,0,0,N,5/12/2024
SKU-PAN-0018,Pants,XL,0,0,N,5/12/2024
SKU-CRO-0019,Croptops,S,0,0,N,5/12/2024
SKU-PAN-0020,Pants,XS,0,0,N,5/12/2024
SKU-PAN-0021,Pants,S,0,0,N,5/12/2024
SKU-PAN-0022,Pants,M,0,0,N,5/12/2024
SKU-SHO-0023,Shorts,XL,0,0,N,5/12/2024
SKU-SHI-0024,Shirts,L,0,0,N,5/12/2024
SKU-JAC-0025,Jackets,L,0,0,N,5/12/2024
SKU-PAN-0026,Pants,L,0,0,N,5/12/2024
SKU-JAC-0027,Jackets,XXL,0,0,N,5/12/2024
SKU-PAN-0028,Pants,XS,0,0,N,5/12/2024
SKU-TSH-0029,Tshirts,M,0,0,N,5/12/2024
SKU-CRO-0030,Croptops,S,0,0,N,5/12/2024
SKU-JAC-0031,Jackets,M,0,0,N,5/12/2024
SKU-TSH-0032,Tshirts,XS,0,0,N,5/12/2024
SKU-SHO-0033,Shorts,L,0,0,N,5/12/2024
SKU-PAN-0034,Pants,S,0,0,N,5/12/2024
SKU-CRO-0035,Croptops,XS,0,0,N,5/12/2024
SKU-SHI-0036,Shirts,XS,31,465,N,5/12/2024
SKU-CRO-0037,Croptops,S,11,66,N,5/12/2024
SKU-CRO-0038,Croptops,S,0,0,N,5/12/2024
SKU-SHO-0039,Shorts,S,4,24,N,5/12/2024
SKU-SHO-0040,Shorts,XL,23,999,N,5/12/2024
SKU-TSH-0041,Tshirts,XS,39,390,N,5/12/2024
SKU-CRO-0042,Croptops,M,17,102,N,5/12/2024
SKU-CRO-0043,Croptops,S,0,0,N,5/12/2024
SKU-JAC-0044,Jackets,XXL,19,285,N,5/12/2024
SKU-SHI-0045,Shirts,S,33,495,N,5/12/2024
SKU-JAC-0046,Jackets,XXL,35,262.5,N,5/12/2024
SKU-PAN-0047,Pants,XXL,12,90,N,5/12/2024
SKU-CRO-0048,Croptops,M,0,0,N,5/12/2024
SKU-TSH-0049,Tshirts,S,35,350,N,5/12/2024
SKU-SHO-0050,Shorts,XXL,44,264,N,5/12/2024
SKU-SHI-0051,Shirts,XL,0,0,N,5/12/2024
SKU-SHI-0052,Shirts,S,0,0,N,5/12/2024
SKU-JAC-0053,Jackets,L,0,0,N,5/12/2024
SKU-SHI-0054,Shirts,L,0,0,N,5/12/2024
SKU-JAC-0055,Jackets,L,42,630,N,5/12/2024
SKU-SHI-0001,Shirts,L,0,0,N,5/19/2024
SKU-PAN-0002,Pants,XXL,0,0,N,5/19/2024
SKU-SHI-0003,Shirts,XXL,0,0,N,5/19/2024
SKU-TSH-0004,Tshirts,M,0,0,N,5/19/2024
SKU-CRO-0005,Croptops,XS,0,0,N,5/19/2024
SKU-SHI-0006,Shirts,L,0,0,N,5/19/2024
SKU-CRO-0007,Croptops,XL,0,0,N,5/19/2024
SKU-PAN-0008,Pants,S,0,0,N,5/19/2024
SKU-PAN-0009,Pants,M,0,0,N,5/19/2024
SKU-TSH-0010,Tshirts,XL,0,0,N,5/19/2024
SKU-SHO-0011,Shorts,XS,0,0,N,5/19/2024
SKU-TSH-0012,Tshirts,L,0,0,N,5/19/2024
SKU-SHI-0013,Shirts,XXL,0,0,N,5/19/2024
SKU-CRO-0014,Croptops,L,0,0,N,5/19/2024
SKU-SHI-0015,Shirts,XS,0,0,N,5/19/2024
SKU-PAN-0016,Pants,M,0,0,N,5/19/2024
SKU-SHI-0017,Shirts,S,0,0,N,5/19/2024
SKU-PAN-0018,Pants,XXL,0,0,N,5/19/2024
SKU-CRO-0019,Croptops,L,0,0,N,5/19/2024
SKU-PAN-0020,Pants,S,0,0,N,5/19/2024
SKU-PAN-0021,Pants,M,0,0,N,5/19/2024
SKU-PAN-0022,Pants,XL,0,0,N,5/19/2024
SKU-SHO-0023,Shorts,XXL,0,0,N,5/19/2024
SKU-SHI-0024,Shirts,XL,0,0,N,5/19/2024
SKU-JAC-0025,Jackets,M,0,0,N,5/19/2024
SKU-PAN-0026,Pants,XXL,0,0,N,5/19/2024
SKU-JAC-0027,Jackets,XL,0,0,N,5/19/2024
SKU-PAN-0028,Pants,XS,0,0,N,5/19/2024
SKU-TSH-0029,Tshirts,S,0,0,N,5/19/2024
SKU-CRO-0030,Croptops,M,0,0,N,5/19/2024
SKU-JAC-0031,Jackets,S,0,0,N,5/19/2024
SKU-TSH-0032,Tshirts,M,0,0,N,5/19/2024
SKU-SHO-0033,Shorts,M,0,0,N,5/19/2024
SKU-PAN-0034,Pants,S,0,0,N,5/19/2024
SKU-CRO-0035,Croptops,XL,0,0,N,5/19/2024
SKU-SHI-0036,Shirts,S,30,450,N,5/19/2024
SKU-CRO-0037,Croptops,M,10,100,N,5/19/2024
SKU-CRO-0038,Croptops,XXL,0,0,N,5/19/2024
SKU-SHO-0039,Shorts,XS,1,3.8,N,5/19/2024
SKU-SHO-0040,Shorts,XL,23,999,N,5/19/2024
SKU-TSH-0041,Tshirts,XXL,38,285,N,5/19/2024
SKU-CRO-0042,Croptops,L,17,170,N,5/19/2024
SKU-CRO-0043,Croptops,L,0,999,N,5/19/2024
SKU-JAC-0044,Jackets,XXL,19,570,N,5/19/2024
SKU-SHI-0045,Shirts,L,31,310,N,5/19/2024
SKU-JAC-0046,Jackets,XL,35,350,N,5/19/2024
SKU-PAN-0047,Pants,L,12,180,N,5/19/2024
SKU-CRO-0048,Croptops,S,0,0,N,5/19/2024
SKU-TSH-0049,Tshirts,L,35,999,N,5/19/2024
SKU-SHO-0050,Shorts,L,44,330,N,5/19/2024
SKU-SHI-0051,Shirts,M,0,0,N,5/19/2024
SKU-SHI-0052,Shirts,XL,0,0,N,5/19/2024
SKU-JAC-0053,Jackets,L,0,0,N,5/19/2024
SKU-SHI-0054,Shirts,M,0,0,N,5/19/2024
SKU-JAC-0055,Jackets,XL,42,999,N,5/19/2024
SKU-SHI-0001,Shirts,S,0,0,N,5/26/2024
SKU-PAN-0002,Pants,XXL,0,0,N,5/26/2024
SKU-SHI-0003,Shirts,L,0,0,N,5/26/2024
SKU-TSH-0004,Tshirts,XXL,0,0,N,5/26/2024
SKU-CRO-0005,Croptops,XL,0,0,N,5/26/2024
SKU-SHI-0006,Shirts,XS,0,0,N,5/26/2024
SKU-CRO-0007,Croptops,XL,0,0,N,5/26/2024
SKU-PAN-0008,Pants,M,0,0,N,5/26/2024
SKU-PAN-0009,Pants,XXL,0,0,N,5/26/2024
SKU-TSH-0010,Tshirts,XL,0,0,N,5/26/2024
SKU-SHO-0011,Shorts,L,0,0,N,5/26/2024
SKU-TSH-0012,Tshirts,XXL,0,0,N,5/26/2024
SKU-SHI-0013,Shirts,XS,0,0,N,5/26/2024
SKU-CRO-0014,Croptops,XXL,0,0,N,5/26/2024
SKU-SHI-0015,Shirts,XS,0,0,N,5/26/2024
SKU-PAN-0016,Pants,S,0,0,N,5/26/2024
SKU-SHI-0017,Shirts,M,0,0,N,5/26/2024
SKU-PAN-0018,Pants,M,0,0,N,5/26/2024
SKU-CRO-0019,Croptops,S,0,0,N,5/26/2024
SKU-PAN-0020,Pants,XL,0,0,N,5/26/2024
SKU-PAN-0021,Pants,M,0,0,N,5/26/2024
SKU-PAN-0022,Pants,XXL,0,0,N,5/26/2024
SKU-SHO-0023,Shorts,S,0,0,N,5/26/2024
SKU-SHI-0024,Shirts,XXL,0,0,N,5/26/2024
SKU-JAC-0025,Jackets,XXL,0,0,N,5/26/2024
SKU-PAN-0026,Pants,L,0,0,N,5/26/2024
SKU-JAC-0027,Jackets,S,0,0,N,5/26/2024
SKU-PAN-0028,Pants,S,0,0,N,5/26/2024
SKU-TSH-0029,Tshirts,XS,0,0,N,5/26/2024
SKU-CRO-0030,Croptops,XS,0,0,N,5/26/2024
SKU-JAC-0031,Jackets,XL,0,0,N,5/26/2024
SKU-TSH-0032,Tshirts,S,0,0,N,5/26/2024
SKU-SHO-0033,Shorts,XL,0,0,N,5/26/2024
SKU-PAN-0034,Pants,M,0,0,N,5/26/2024
SKU-CRO-0035,Croptops,XL,0,0,N,5/26/2024
SKU-SHI-0036,Shirts,XS,28,280,N,5/26/2024
SKU-CRO-0037,Croptops,L,9,90,N,5/26/2024
SKU-CRO-0038,Croptops,S,0,0,N,5/26/2024
SKU-SHO-0039,Shorts,M,0,0,N,5/26/2024
SKU-SHO-0040,Shorts,M,21,315,N,5/26/2024
SKU-TSH-0041,Tshirts,XXL,38,285,N,5/26/2024
SKU-CRO-0042,Croptops,L,15,112.5,N,5/26/2024
SKU-CRO-0043,Croptops,XXL,0,999,N,5/26/2024
SKU-JAC-0044,Jackets,L,18,270,N,5/26/2024
SKU-SHI-0045,Shirts,XL,31,310,N,5/26/2024
SKU-JAC-0046,Jackets,XS,33,495,N,5/26/2024
SKU-PAN-0047,Pants,XXL,12,360,N,5/26/2024
SKU-CRO-0048,Croptops,XL,0,0,N,5/26/2024
SKU-TSH-0049,Tshirts,S,35,999,N,5/26/2024
SKU-SHO-0050,Shorts,M,44,660,N,5/26/2024
SKU-SHI-0051,Shirts,XXL,0,0,N,5/26/2024
SKU-SHI-0052,Shirts,XL,0,0,N,5/26/2024
SKU-JAC-0053,Jackets,XXL,0,0,N,5/26/2024
SKU-SHI-0054,Shirts,XXL,0,0,N,5/26/2024
SKU-JAC-0055,Jackets,M,42,999,N,5/26/2024
SKU-SHI-0001,Shirts,XS,0,0,N,6/2/2024
SKU-PAN-0002,Pants,XS,0,0,N,6/2/2024
SKU-SHI-0003,Shirts,S,0,0,N,6/2/2024
SKU-TSH-0004,Tshirts,XXL,0,0,N,6/2/2024
SKU-CRO-0005,Croptops,S,0,0,N,6/2/2024
SKU-SHI-0006,Shirts,L,0,0,N,6/2/2024
SKU-CRO-0007,Croptops,S,0,0,N,6/2/2024
SKU-PAN-0008,Pants,XL,0,0,N,6/2/2024
SKU-PAN-0009,Pants,S,0,0,N,6/2/2024
SKU-TSH-0010,Tshirts,L,0,0,N,6/2/2024
SKU-SHO-0011,Shorts,XXL,0,0,N,6/2/2024
SKU-TSH-0012,Tshirts,XS,0,0,N,6/2/2024
SKU-SHI-0013,Shirts,S,0,0,N,6/2/2024
SKU-CRO-0014,Croptops,S,0,0,N,6/2/2024
SKU-SHI-0015,Shirts,XXL,0,0,N,6/2/2024
SKU-PAN-0016,Pants,S,0,0,N,6/2/2024
SKU-SHI-0017,Shirts,L,0,0,N,6/2/2024
SKU-PAN-0018,Pants,XS,0,0,N,6/2/2024
SKU-CRO-0019,Croptops,XL,0,0,N,6/2/2024
SKU-PAN-0020,Pants,S,0,0,N,6/2/2024
SKU-PAN-0021,Pants,L,0,0,N,6/2/2024
SKU-PAN-0022,Pants,XS,0,0,N,6/2/2024
SKU-SHO-0023,Shorts,S,0,0,N,6/2/2024
SKU-SHI-0024,Shirts,XXL,0,0,N,6/2/2024
SKU-JAC-0025,Jackets,XXL,0,0,N,6/2/2024
SKU-PAN-0026,Pants,XXL,0,0,N,6/2/2024
SKU-JAC-0027,Jackets,S,0,0,N,6/2/2024
SKU-PAN-0028,Pants,M,0,0,N,6/2/2024
SKU-TSH-0029,Tshirts,XXL,0,0,N,6/2/2024
SKU-CRO-0030,Croptops,XS,0,0,N,6/2/2024
SKU-JAC-0031,Jackets,L,0,0,N,6/2/2024
SKU-TSH-0032,Tshirts,L,0,0,N,6/2/2024
SKU-SHO-0033,Shorts,XS,0,0,N,6/2/2024
SKU-PAN-0034,Pants,XXL,0,0,N,6/2/2024
SKU-CRO-0035,Croptops,S,0,0,N,6/2/2024
SKU-SHI-0036,Shirts,XXL,25,125,N,6/2/2024
SKU-CRO-0037,Croptops,L,7,42,N,6/2/2024
SKU-CRO-0038,Croptops,S,0,0,N,6/2/2024
SKU-SHO-0039,Shorts,XS,0,0,N,6/2/2024
SKU-SHO-0040,Shorts,XXL,21,315,N,6/2/2024
SKU-TSH-0041,Tshirts,XXL,37,370,N,6/2/2024
SKU-CRO-0042,Croptops,M,14,84,N,6/2/2024
SKU-CRO-0043,Croptops,M,0,0,N,6/2/2024
SKU-JAC-0044,Jackets,XXL,15,90,N,6/2/2024
SKU-SHI-0045,Shirts,L,29,174,N,6/2/2024
SKU-JAC-0046,Jackets,XL,32,320,N,6/2/2024
SKU-PAN-0047,Pants,M,11,165,N,6/2/2024
SKU-CRO-0048,Croptops,S,0,0,N,6/2/2024
SKU-TSH-0049,Tshirts,XS,35,999,N,6/2/2024
SKU-SHO-0050,Shorts,M,43,645,N,6/2/2024
SKU-SHI-0051,Shirts,S,0,0,N,6/2/2024
SKU-SHI-0052,Shirts,S,0,999,N,6/2/2024
SKU-JAC-0053,Jackets,XXL,0,0,N,6/2/2024
SKU-SHI-0054,Shirts,S,0,0,N,6/2/2024
SKU-JAC-0055,Jackets,XL,40,600,N,6/2/2024
SKU-SHI-0001,Shirts,XXL,0,0,N,6/9/2024
SKU-PAN-0002,Pants,XS,0,0,N,6/9/2024
SKU-SHI-0003,Shirts,XXL,0,0,N,6/9/2024
SKU-TSH-0004,Tshirts,L,0,0,N,6/9/2024
SKU-CRO-0005,Croptops,XL,0,0,N,6/9/2024
SKU-SHI-0006,Shirts,XL,0,0,N,6/9/2024
SKU-CRO-0007,Croptops,XXL,0,0,N,6/9/2024
SKU-PAN-0008,Pants,S,0,0,N,6/9/2024
SKU-PAN-0009,Pants,XS,0,0,N,6/9/2024
SKU-TSH-0010,Tshirts,XXL,0,0,N,6/9/2024
SKU-SHO-0011,Shorts,S,0,0,N,6/9/2024
SKU-TSH-0012,Tshirts,XXL,0,0,N,6/9/2024
SKU-SHI-0013,Shirts,XS,0,0,N,6/9/2024
SKU-CRO-0014,Croptops,XXL,0,0,N,6/9/2024
SKU-SHI-0015,Shirts,L,0,0,N,6/9/2024
SKU-PAN-0016,Pants,XXL,0,0,N,6/9/2024
SKU-SHI-0017,Shirts,M,0,0,N,6/9/2024
SKU-PAN-0018,Pants,S,0,0,N,6/9/2024
SKU-CRO-0019,Croptops,XS,0,0,N,6/9/2024
SKU-PAN-0020,Pants,XXL,0,0,N,6/9/2024
SKU-PAN-0021,Pants,XXL,0,0,N,6/9/2024
SKU-PAN-0022,Pants,M,0,0,N,6/9/2024
SKU-SHO-0023,Shorts,M,0,0,N,6/9/2024
SKU-SHI-0024,Shirts,XS,0,0,N,6/9/2024
SKU-JAC-0025,Jackets,XS,0,0,N,6/9/2024
SKU-PAN-0026,Pants,M,0,0,N,6/9/2024
SKU-JAC-0027,Jackets,XXL,0,0,N,6/9/2024
SKU-PAN-0028,Pants,XXL,0,0,N,6/9/2024
SKU-TSH-0029,Tshirts,L,0,0,N,6/9/2024
SKU-CRO-0030,Croptops,XL,0,0,N,6/9/2024
SKU-JAC-0031,Jackets,M,0,0,N,6/9/2024
SKU-TSH-0032,Tshirts,XXL,0,0,N,6/9/2024
SKU-SHO-0033,Shorts,S,0,0,N,6/9/2024
SKU-PAN-0034,Pants,XL,0,0,N,6/9/2024
SKU-CRO-0035,Croptops,XS,0,0,N,6/9/2024
SKU-SHI-0036,Shirts,M,24,102.9,N,6/9/2024
SKU-CRO-0037,Croptops,M,6,36,N,6/9/2024
SKU-CRO-0038,Croptops,L,0,0,N,6/9/2024
SKU-SHO-0039,Shorts,XL,0,0,N,6/9/2024
SKU-SHO-0040,Shorts,XL,21,315,N,6/9/2024
SKU-TSH-0041,Tshirts,XXL,36,360,N,6/9/2024
SKU-CRO-0042,Croptops,XXL,14,105,N,6/9/2024
SKU-CRO-0043,Croptops,XXL,0,0,N,6/9/2024
SKU-JAC-0044,Jackets,XXL,15,112.5,N,6/9/2024
SKU-SHI-0045,Shirts,XS,29,217.5,N,6/9/2024
SKU-JAC-0046,Jackets,S,32,320,N,6/9/2024
SKU-PAN-0047,Pants,XL,11,330,N,6/9/2024
SKU-CRO-0048,Croptops,M,0,0,N,6/9/2024
SKU-TSH-0049,Tshirts,XL,34,510,N,6/9/2024
SKU-SHO-0050,Shorts,XL,43,645,N,6/9/2024
SKU-SHI-0051,Shirts,XL,0,0,N,6/9/2024
SKU-SHI-0052,Shirts,XL,0,0,N,6/9/2024
SKU-JAC-0053,Jackets,XL,0,0,N,6/9/2024
SKU-SHI-0054,Shirts,XS,0,0,N,6/9/2024
SKU-JAC-0055,Jackets,L,39,390,N,6/9/2024
SKU-SHI-0001,Shirts,XL,0,0,N,6/16/2024
SKU-PAN-0002,Pants,XXL,0,0,N,6/16/2024
SKU-SHI-0003,Shirts,XXL,0,0,N,6/16/2024
SKU-TSH-0004,Tshirts,M,0,0,N,6/16/2024
SKU-CRO-0005,Croptops,L,0,0,N,6/16/2024
SKU-SHI-0006,Shirts,M,0,0,N,6/16/2024
SKU-CRO-0007,Croptops,M,0,0,N,6/16/2024
SKU-PAN-0008,Pants,S,0,0,N,6/16/2024
SKU-PAN-0009,Pants,XXL,0,0,N,6/16/2024
SKU-TSH-0010,Tshirts,L,0,0,N,6/16/2024
SKU-SHO-0011,Shorts,XS,0,0,N,6/16/2024
SKU-TSH-0012,Tshirts,XL,0,0,N,6/16/2024
SKU-SHI-0013,Shirts,M,0,0,N,6/16/2024
SKU-CRO-0014,Croptops,M,0,0,N,6/16/2024
SKU-SHI-0015,Shirts,XXL,0,0,N,6/16/2024
SKU-PAN-0016,Pants,XS,0,0,N,6/16/2024
SKU-SHI-0017,Shirts,M,0,0,N,6/16/2024
SKU-PAN-0018,Pants,XXL,0,0,N,6/16/2024
SKU-CRO-0019,Croptops,M,0,0,N,6/16/2024
SKU-PAN-0020,Pants,L,0,0,N,6/16/2024
SKU-PAN-0021,Pants,XS,0,0,N,6/16/2024
SKU-PAN-0022,Pants,L,0,0,N,6/16/2024
SKU-SHO-0023,Shorts,XXL,0,0,N,6/16/2024
SKU-SHI-0024,Shirts,L,0,0,N,6/16/2024
SKU-JAC-0025,Jackets,XL,0,0,N,6/16/2024
SKU-PAN-0026,Pants,L,0,0,N,6/16/2024
SKU-JAC-0027,Jackets,L,0,0,N,6/16/2024
SKU-PAN-0028,Pants,M,0,0,N,6/16/2024
SKU-TSH-0029,Tshirts,XL,0,0,N,6/16/2024
SKU-CRO-0030,Croptops,S,0,0,N,6/16/2024
SKU-JAC-0031,Jackets,L,0,0,N,6/16/2024
SKU-TSH-0032,Tshirts,XL,0,0,N,6/16/2024
SKU-SHO-0033,Shorts,XL,0,0,N,6/16/2024
SKU-PAN-0034,Pants,XXL,0,0,N,6/16/2024
SKU-CRO-0035,Croptops,XS,0,0,N,6/16/2024
SKU-SHI-0036,Shirts,M,24,102.9,N,6/16/2024
SKU-CRO-0037,Croptops,M,6,36,N,6/16/2024
SKU-CRO-0038,Croptops,XXL,0,0,N,6/16/2024
SKU-SHO-0039,Shorts,XS,0,0,N,6/16/2024
SKU-SHO-0040,Shorts,M,20,200,N,6/16/2024
SKU-TSH-0041,Tshirts,L,36,360,N,6/16/2024
SKU-CRO-0042,Croptops,S,13,97.5,N,6/16/2024
SKU-CRO-0043,Croptops,XXL,0,0,N,6/16/2024
SKU-JAC-0044,Jackets,XS,15,112.5,N,6/16/2024
SKU-SHI-0045,Shirts,S,28,210,N,6/16/2024
SKU-JAC-0046,Jackets,XL,31,232.5,N,6/16/2024
SKU-PAN-0047,Pants,XXL,9,90,N,6/16/2024
SKU-CRO-0048,Croptops,XXL,0,0,N,6/16/2024
SKU-TSH-0049,Tshirts,L,34,999,N,6/16/2024
SKU-SHO-0050,Shorts,M,43,999,N,6/16/2024
SKU-SHI-0051,Shirts,XL,0,0,N,6/16/2024
SKU-SHI-0052,Shirts,XXL,0,0,N,6/16/2024
SKU-JAC-0053,Jackets,L,0,0,N,6/16/2024
SKU-SHI-0054,Shirts,M,0,0,N,6/16/2024
SKU-JAC-0055,Jackets,L,39,390,N,6/16/2024
SKU-SHI-0001,Shirts,XS,0,0,N,6/23/2024
SKU-PAN-0002,Pants,L,0,0,N,6/23/2024
SKU-SHI-0003,Shirts,XXL,0,0,N,6/23/2024
SKU-TSH-0004,Tshirts,XL,0,0,N,6/23/2024
SKU-CRO-0005,Croptops,XS,0,0,N,6/23/2024
SKU-SHI-0006,Shirts,XL,0,0,N,6/23/2024
SKU-CRO-0007,Croptops,XL,0,0,N,6/23/2024
SKU-PAN-0008,Pants,L,0,0,N,6/23/2024
SKU-PAN-0009,Pants,S,0,0,N,6/23/2024
SKU-TSH-0010,Tshirts,S,0,0,N,6/23/2024
SKU-SHO-0011,Shorts,M,0,0,N,6/23/2024
SKU-TSH-0012,Tshirts,XS,0,0,N,6/23/2024
SKU-SHI-0013,Shirts,M,0,0,N,6/23/2024
SKU-CRO-0014,Croptops,M,0,0,N,6/23/2024
SKU-SHI-0015,Shirts,M,0,0,N,6/23/2024
SKU-PAN-0016,Pants,L,0,0,N,6/23/2024
SKU-SHI-0017,Shirts,L,0,0,N,6/23/2024
SKU-PAN-0018,Pants,M,0,0,N,6/23/2024
SKU-CRO-0019,Croptops,L,0,0,N,6/23/2024
SKU-PAN-0020,Pants,S,0,0,N,6/23/2024
SKU-PAN-0021,Pants,XS,0,0,N,6/23/2024
SKU-PAN-0022,Pants,M,0,0,N,6/23/2024
SKU-SHO-0023,Shorts,S,0,0,N,6/23/2024
SKU-SHI-0024,Shirts,XXL,0,0,N,6/23/2024
SKU-JAC-0025,Jackets,S,0,0,N,6/23/2024
SKU-PAN-0026,Pants,XS,0,0,N,6/23/2024
SKU-JAC-0027,Jackets,S,0,0,N,6/23/2024
SKU-PAN-0028,Pants,M,0,0,N,6/23/2024
SKU-TSH-0029,Tshirts,XS,0,0,N,6/23/2024
SKU-CRO-0030,Croptops,M,0,0,N,6/23/2024
SKU-JAC-0031,Jackets,L,0,0,N,6/23/2024
SKU-TSH-0032,Tshirts,XL,0,0,N,6/23/2024
SKU-SHO-0033,Shorts,S,0,0,N,6/23/2024
SKU-PAN-0034,Pants,XL,0,0,N,6/23/2024
SKU-CRO-0035,Croptops,S,0,0,N,6/23/2024
SKU-SHI-0036,Shirts,XS,23,115,N,6/23/2024
SKU-CRO-0037,Croptops,XS,5,37.5,N,6/23/2024
SKU-CRO-0038,Croptops,M,0,0,N,6/23/2024
SKU-SHO-0039,Shorts,S,0,0,N,6/23/2024
SKU-SHO-0040,Shorts,S,19,285,N,6/23/2024
SKU-TSH-0041,Tshirts,XXL,36,540,N,6/23/2024
SKU-CRO-0042,Croptops,XXL,13,195,N,6/23/2024
SKU-CRO-0043,Croptops,M,0,0,N,6/23/2024
SKU-JAC-0044,Jackets,XS,14,105,N,6/23/2024
SKU-SHI-0045,Shirts,XXL,28,280,N,6/23/2024
SKU-JAC-0046,Jackets,XL,30,180,N,6/23/2024
SKU-PAN-0047,Pants,XL,8,60,N,6/23/2024
SKU-CRO-0048,Croptops,L,0,0,N,6/23/2024
SKU-TSH-0049,Tshirts,XL,34,999,N,6/23/2024
SKU-SHO-0050,Shorts,XXL,40,300,N,6/23/2024
SKU-SHI-0051,Shirts,M,0,0,N,6/23/2024
SKU-SHI-0052,Shirts,XXL,0,0,N,6/23/2024
SKU-JAC-0053,Jackets,L,0,0,N,6/23/2024
SKU-SHI-0054,Shirts,XXL,0,0,N,6/23/2024
SKU-JAC-0055,Jackets,S,39,390,N,6/23/2024
SKU-SHI-0001,Shirts,L,0,0,N,6/30/2024
SKU-PAN-0002,Pants,XS,0,0,N,6/30/2024
SKU-SHI-0003,Shirts,XL,0,0,N,6/30/2024
SKU-TSH-0004,Tshirts,L,0,0,N,6/30/2024
SKU-CRO-0005,Croptops,M,0,0,N,6/30/2024
SKU-SHI-0006,Shirts,XXL,0,0,N,6/30/2024
SKU-CRO-0007,Croptops,XXL,0,0,N,6/30/2024
SKU-PAN-0008,Pants,XXL,0,0,N,6/30/2024
SKU-PAN-0009,Pants,L,0,0,N,6/30/2024
SKU-TSH-0010,Tshirts,L,0,0,N,6/30/2024
SKU-SHO-0011,Shorts,M,0,0,N,6/30/2024
SKU-TSH-0012,Tshirts,M,0,0,N,6/30/2024
SKU-SHI-0013,Shirts,XXL,0,0,N,6/30/2024
SKU-CRO-0014,Croptops,XXL,0,0,N,6/30/2024
SKU-SHI-0015,Shirts,XS,0,0,N,6/30/2024
SKU-PAN-0016,Pants,XL,0,0,N,6/30/2024
SKU-SHI-0017,Shirts,XS,0,0,N,6/30/2024
SKU-PAN-0018,Pants,XXL,0,0,N,6/30/2024
SKU-CRO-0019,Croptops,L,0,0,N,6/30/2024
SKU-PAN-0020,Pants,XXL,0,0,N,6/30/2024
SKU-PAN-0021,Pants,L,0,0,N,6/30/2024
SKU-PAN-0022,Pants,L,0,0,N,6/30/2024
SKU-SHO-0023,Shorts,XXL,0,0,N,6/30/2024
SKU-SHI-0024,Shirts,XS,0,0,N,6/30/2024
SKU-JAC-0025,Jackets,M,0,0,N,6/30/2024
SKU-PAN-0026,Pants,S,0,0,N,6/30/2024
SKU-JAC-0027,Jackets,M,0,0,N,6/30/2024
SKU-PAN-0028,Pants,M,0,0,N,6/30/2024
SKU-TSH-0029,Tshirts,XS,0,0,N,6/30/2024
SKU-CRO-0030,Croptops,XL,0,0,N,6/30/2024
SKU-JAC-0031,Jackets,XXL,0,0,N,6/30/2024
SKU-TSH-0032,Tshirts,M,0,0,N,6/30/2024
SKU-SHO-0033,Shorts,S,0,0,N,6/30/2024
SKU-PAN-0034,Pants,XL,0,0,N,6/30/2024
SKU-CRO-0035,Croptops,XS,0,0,N,6/30/2024
SKU-SHI-0036,Shirts,XL,23,172.5,N,6/30/2024
SKU-CRO-0037,Croptops,XS,4,40,N,6/30/2024
SKU-CRO-0038,Croptops,XS,0,999,N,6/30/2024
SKU-SHO-0039,Shorts,L,0,0,N,6/30/2024
SKU-SHO-0040,Shorts,L,17,127.5,N,6/30/2024
SKU-TSH-0041,Tshirts,M,35,350,N,6/30/2024
SKU-CRO-0042,Croptops,XL,13,195,N,6/30/2024
SKU-CRO-0043,Croptops,M,0,0,N,6/30/2024
SKU-JAC-0044,Jackets,XL,11,47.1,N,6/30/2024
SKU-SHI-0045,Shirts,XXL,27,405,N,6/30/2024
SKU-JAC-0046,Jackets,XS,30,450,N,6/30/2024
SKU-PAN-0047,Pants,S,6,30,N,6/30/2024
SKU-CRO-0048,Croptops,XXL,0,0,N,6/30/2024
SKU-TSH-0049,Tshirts,S,34,999,N,6/30/2024
SKU-SHO-0050,Shorts,XXL,40,400,N,6/30/2024
SKU-SHI-0051,Shirts,XXL,0,0,N,6/30/2024
SKU-SHI-0052,Shirts,XL,0,0,N,6/30/2024
SKU-JAC-0053,Jackets,S,0,0,N,6/30/2024
SKU-SHI-0054,Shirts,L,0,0,N,6/30/2024
SKU-JAC-0055,Jackets,XXL,37,277.5,N,6/30/2024
SKU-SHI-0001,Shirts,XS,0,0,N,7/7/2024
SKU-PAN-0002,Pants,L,0,0,N,7/7/2024
SKU-SHI-0003,Shirts,XXL,0,0,N,7/7/2024
SKU-TSH-0004,Tshirts,M,0,0,N,7/7/2024
SKU-CRO-0005,Croptops,M,0,0,N,7/7/2024
SKU-SHI-0006,Shirts,XS,0,0,N,7/7/2024
SKU-CRO-0007,Croptops,S,0,0,N,7/7/2024
SKU-PAN-0008,Pants,L,0,0,N,7/7/2024
SKU-PAN-0009,Pants,XL,0,0,N,7/7/2024
SKU-TSH-0010,Tshirts,XXL,0,0,N,7/7/2024
SKU-SHO-0011,Shorts,XL,0,0,N,7/7/2024
SKU-TSH-0012,Tshirts,XXL,0,0,N,7/7/2024
SKU-SHI-0013,Shirts,S,0,0,N,7/7/2024
SKU-CRO-0014,Croptops,S,0,0,N,7/7/2024
SKU-SHI-0015,Shirts,XS,0,0,N,7/7/2024
SKU-PAN-0016,Pants,XXL,0,0,N,7/7/2024
SKU-SHI-0017,Shirts,XXL,0,0,N,7/7/2024
SKU-PAN-0018,Pants,XS,0,0,N,7/7/2024
SKU-CRO-0019,Croptops,XL,0,0,N,7/7/2024
SKU-PAN-0020,Pants,XXL,0,0,N,7/7/2024
SKU-PAN-0021,Pants,S,0,0,N,7/7/2024
SKU-PAN-0022,Pants,XS,0,0,N,7/7/2024
SKU-SHO-0023,Shorts,XS,0,0,N,7/7/2024
SKU-SHI-0024,Shirts,L,0,0,N,7/7/2024
SKU-JAC-0025,Jackets,S,0,0,N,7/7/2024
SKU-PAN-0026,Pants,S,0,0,N,7/7/2024
SKU-JAC-0027,Jackets,M,0,0,N,7/7/2024
SKU-PAN-0028,Pants,XL,0,0,N,7/7/2024
SKU-TSH-0029,Tshirts,XS,0,0,N,7/7/2024
SKU-CRO-0030,Croptops,XS,0,0,N,7/7/2024
SKU-JAC-0031,Jackets,S,0,0,N,7/7/2024
SKU-TSH-0032,Tshirts,S,0,0,N,7/7/2024
SKU-SHO-0033,Shorts,M,0,0,N,7/7/2024
SKU-PAN-0034,Pants,M,0,0,N,7/7/2024
SKU-CRO-0035,Croptops,M,0,0,N,7/7/2024
SKU-SHI-0036,Shirts,XXL,23,690,N,7/7/2024
SKU-CRO-0037,Croptops,XXL,3,30,N,7/7/2024
SKU-CRO-0038,Croptops,XXL,0,0,N,7/7/2024
SKU-SHO-0039,Shorts,L,0,0,N,7/7/2024
SKU-SHO-0040,Shorts,S,17,127.5,N,7/7/2024
SKU-TSH-0041,Tshirts,S,35,999,N,7/7/2024
SKU-CRO-0042,Croptops,L,12,180,N,7/7/2024
SKU-CRO-0043,Croptops,XXL,0,0,N,7/7/2024
SKU-JAC-0044,Jackets,M,11,82.5,N,7/7/2024
SKU-SHI-0045,Shirts,L,27,405,N,7/7/2024
SKU-JAC-0046,Jackets,M,30,450,N,7/7/2024
SKU-PAN-0047,Pants,M,6,36,N,7/7/2024
SKU-CRO-0048,Croptops,XL,0,0,N,7/7/2024
SKU-TSH-0049,Tshirts,L,34,999,N,7/7/2024
SKU-SHO-0050,Shorts,M,38,228,N,7/7/2024
SKU-SHI-0051,Shirts,XXL,0,0,N,7/7/2024
SKU-SHI-0052,Shirts,M,0,0,N,7/7/2024
SKU-JAC-0053,Jackets,XS,0,0,N,7/7/2024
SKU-SHI-0054,Shirts,M,0,0,N,7/7/2024
SKU-JAC-0055,Jackets,XXL,36,270,N,7/7/2024
SKU-SHI-0001,Shirts,S,0,0,N,7/14/2024
SKU-PAN-0002,Pants,XXL,0,0,N,7/14/2024
SKU-SHI-0003,Shirts,XL,0,0,N,7/14/2024
SKU-TSH-0004,Tshirts,XL,0,0,N,7/14/2024
SKU-CRO-0005,Croptops,L,0,0,N,7/14/2024
SKU-SHI-0006,Shirts,M,0,0,N,7/14/2024
SKU-CRO-0007,Croptops,XXL,0,0,N,7/14/2024
SKU-PAN-0008,Pants,XXL,0,0,N,7/14/2024
SKU-PAN-0009,Pants,L,0,0,N,7/14/2024
SKU-TSH-0010,Tshirts,XXL,0,0,N,7/14/2024
SKU-SHO-0011,Shorts,L,0,0,N,7/14/2024
SKU-TSH-0012,Tshirts,S,0,0,N,7/14/2024
SKU-SHI-0013,Shirts,S,0,0,N,7/14/2024
SKU-CRO-0014,Croptops,XS,0,0,N,7/14/2024
SKU-SHI-0015,Shirts,XXL,0,0,N,7/14/2024
SKU-PAN-0016,Pants,L,0,0,N,7/14/2024
SKU-SHI-0017,Shirts,L,0,0,N,7/14/2024
SKU-PAN-0018,Pants,S,0,0,N,7/14/2024
SKU-CRO-0019,Croptops,M,0,0,N,7/14/2024
SKU-PAN-0020,Pants,S,0,0,N,7/14/2024
SKU-PAN-0021,Pants,M,0,0,N,7/14/2024
SKU-PAN-0022,Pants,S,0,0,N,7/14/2024
SKU-SHO-0023,Shorts,S,0,0,N,7/14/2024
SKU-SHI-0024,Shirts,XL,0,0,N,7/14/2024
SKU-JAC-0025,Jackets,S,0,0,N,7/14/2024
SKU-PAN-0026,Pants,L,0,0,N,7/14/2024
SKU-JAC-0027,Jackets,S,0,0,N,7/14/2024
SKU-PAN-0028,Pants,M,0,0,N,7/14/2024
SKU-TSH-0029,Tshirts,XL,0,0,N,7/14/2024
SKU-CRO-0030,Croptops,L,0,0,N,7/14/2024
SKU-JAC-0031,Jackets,XXL,0,0,N,7/14/2024
SKU-TSH-0032,Tshirts,S,0,999,N,7/14/2024
SKU-SHO-0033,Shorts,M,0,0,N,7/14/2024
SKU-PAN-0034,Pants,XS,0,0,N,7/14/2024
SKU-CRO-0035,Croptops,XXL,0,0,N,7/14/2024
SKU-SHI-0036,Shirts,XS,22,330,N,7/14/2024
SKU-CRO-0037,Croptops,M,3,30,N,7/14/2024
SKU-CRO-0038,Croptops,XS,0,0,N,7/14/2024
SKU-SHO-0039,Shorts,M,0,0,N,7/14/2024
SKU-SHO-0040,Shorts,L,16,96,N,7/14/2024
SKU-TSH-0041,Tshirts,L,34,510,N,7/14/2024
SKU-CRO-0042,Croptops,XL,10,100,N,7/14/2024
SKU-CRO-0043,Croptops,M,0,0,N,7/14/2024
SKU-JAC-0044,Jackets,XL,11,82.5,N,7/14/2024
SKU-SHI-0045,Shirts,XL,27,810,N,7/14/2024
SKU-JAC-0046,Jackets,XXL,29,435,N,7/14/2024
SKU-PAN-0047,Pants,XXL,4,24,N,7/14/2024
SKU-CRO-0048,Croptops,XL,0,0,N,7/14/2024
SKU-TSH-0049,Tshirts,S,33,990,N,7/14/2024
SKU-SHO-0050,Shorts,XS,37,185,N,7/14/2024
SKU-SHI-0051,Shirts,XS,0,0,N,7/14/2024
SKU-SHI-0052,Shirts,XL,0,0,N,7/14/2024
SKU-JAC-0053,Jackets,S,0,999,N,7/14/2024
SKU-SHI-0054,Shirts,XL,0,0,N,7/14/2024
SKU-JAC-0055,Jackets,XXL,35,262.5,N,7/14/2024
SKU-SHI-0001,Shirts,S,0,0,N,7/21/2024
SKU-PAN-0002,Pants,XL,0,0,N,7/21/2024
SKU-SHI-0003,Shirts,M,0,0,N,7/21/2024
SKU-TSH-0004,Tshirts,XL,0,0,N,7/21/2024
SKU-CRO-0005,Croptops,L,0,0,N,7/21/2024
SKU-SHI-0006,Shirts,XL,0,0,N,7/21/2024
SKU-CRO-0007,Croptops,XL,0,0,N,7/21/2024
SKU-PAN-0008,Pants,L,0,0,N,7/21/2024
SKU-PAN-0009,Pants,L,0,0,N,7/21/2024
SKU-TSH-0010,Tshirts,S,0,0,N,7/21/2024
SKU-SHO-0011,Shorts,M,0,0,N,7/21/2024
SKU-TSH-0012,Tshirts,XL,0,0,N,7/21/2024
SKU-SHI-0013,Shirts,M,0,0,N,7/21/2024
SKU-CRO-0014,Croptops,L,0,0,N,7/21/2024
SKU-SHI-0015,Shirts,XXL,0,0,N,7/21/2024
SKU-PAN-0016,Pants,S,0,0,N,7/21/2024
SKU-SHI-0017,Shirts,XS,0,0,N,7/21/2024
SKU-PAN-0018,Pants,XXL,0,0,N,7/21/2024
SKU-CRO-0019,Croptops,XXL,0,0,N,7/21/2024
SKU-PAN-0020,Pants,S,0,0,N,7/21/2024
SKU-PAN-0021,Pants,XL,0,0,N,7/21/2024
SKU-PAN-0022,Pants,XXL,0,0,N,7/21/2024
SKU-SHO-0023,Shorts,XL,0,0,N,7/21/2024
SKU-SHI-0024,Shirts,S,0,0,N,7/21/2024
SKU-JAC-0025,Jackets,XS,0,0,N,7/21/2024
SKU-PAN-0026,Pants,XXL,0,0,N,7/21/2024
SKU-JAC-0027,Jackets,L,0,0,N,7/21/2024
SKU-PAN-0028,Pants,S,0,0,N,7/21/2024
SKU-TSH-0029,Tshirts,S,0,0,N,7/21/2024
SKU-CRO-0030,Croptops,M,0,0,N,7/21/2024
SKU-JAC-0031,Jackets,L,0,0,N,7/21/2024
SKU-TSH-0032,Tshirts,L,0,999,N,7/21/2024
SKU-SHO-0033,Shorts,XXL,0,0,N,7/21/2024
SKU-PAN-0034,Pants,XL,0,999,N,7/21/2024
SKU-CRO-0035,Croptops,S,0,0,N,7/21/2024
SKU-SHI-0036,Shirts,M,22,330,N,7/21/2024
SKU-CRO-0037,Croptops,M,2,20,N,7/21/2024
SKU-CRO-0038,Croptops,XXL,0,0,N,7/21/2024
SKU-SHO-0039,Shorts,L,0,0,N,7/21/2024
SKU-SHO-0040,Shorts,M,14,70,N,7/21/2024
SKU-TSH-0041,Tshirts,XL,34,510,N,7/21/2024
SKU-CRO-0042,Croptops,XXL,10,100,N,7/21/2024
SKU-CRO-0043,Croptops,XL,0,0,N,7/21/2024
SKU-JAC-0044,Jackets,M,9,54,N,7/21/2024
SKU-SHI-0045,Shirts,XXL,27,810,N,7/21/2024
SKU-JAC-0046,Jackets,XXL,28,280,N,7/21/2024
SKU-PAN-0047,Pants,XXL,2,10,N,7/21/2024
SKU-CRO-0048,Croptops,XL,0,0,N,7/21/2024
SKU-TSH-0049,Tshirts,XXL,32,480,N,7/21/2024
SKU-SHO-0050,Shorts,M,37,370,N,7/21/2024
SKU-SHI-0051,Shirts,XS,0,0,N,7/21/2024
SKU-SHI-0052,Shirts,L,0,0,N,7/21/2024
SKU-JAC-0053,Jackets,L,0,0,N,7/21/2024
SKU-SHI-0054,Shirts,L,0,0,N,7/21/2024
SKU-JAC-0055,Jackets,XS,35,262.5,N,7/21/2024
SKU-SHI-0001,Shirts,L,0,0,N,7/28/2024
SKU-PAN-0002,Pants,M,0,0,N,7/28/2024
SKU-SHI-0003,Shirts,XS,0,0,N,7/28/2024
SKU-TSH-0004,Tshirts,M,0,0,N,7/28/2024
SKU-CRO-0005,Croptops,XS,0,0,N,7/28/2024
SKU-SHI-0006,Shirts,L,0,0,N,7/28/2024
SKU-CRO-0007,Croptops,XL,0,0,N,7/28/2024
SKU-PAN-0008,Pants,M,0,0,N,7/28/2024
SKU-PAN-0009,Pants,S,0,0,N,7/28/2024
SKU-TSH-0010,Tshirts,XXL,0,0,N,7/28/2024
SKU-SHO-0011,Shorts,XS,0,0,N,7/28/2024
SKU-TSH-0012,Tshirts,M,0,0,N,7/28/2024
SKU-SHI-0013,Shirts,XXL,0,0,N,7/28/2024
SKU-CRO-0014,Croptops,M,0,0,N,7/28/2024
SKU-SHI-0015,Shirts,XXL,0,0,N,7/28/2024
SKU-PAN-0016,Pants,M,0,0,N,7/28/2024
SKU-SHI-0017,Shirts,XL,0,0,N,7/28/2024
SKU-PAN-0018,Pants,S,0,0,N,7/28/2024
SKU-CRO-0019,Croptops,M,0,0,N,7/28/2024
SKU-PAN-0020,Pants,XS,0,0,N,7/28/2024
SKU-PAN-0021,Pants,XL,0,0,N,7/28/2024
SKU-PAN-0022,Pants,XS,0,0,N,7/28/2024
SKU-SHO-0023,Shorts,M,0,0,N,7/28/2024
SKU-SHI-0024,Shirts,XXL,0,0,N,7/28/2024
SKU-JAC-0025,Jackets,S,0,0,N,7/28/2024
SKU-PAN-0026,Pants,S,0,0,N,7/28/2024
SKU-JAC-0027,Jackets,M,0,0,N,7/28/2024
SKU-PAN-0028,Pants,XL,0,0,N,7/28/2024
SKU-TSH-0029,Tshirts,M,0,0,N,7/28/2024
SKU-CRO-0030,Croptops,S,0,0,N,7/28/2024
SKU-JAC-0031,Jackets,M,0,999,N,7/28/2024
SKU-TSH-0032,Tshirts,XXL,0,0,N,7/28/2024
SKU-SHO-0033,Shorts,M,0,0,N,7/28/2024
SKU-PAN-0034,Pants,S,0,999,N,7/28/2024
SKU-CRO-0035,Croptops,XS,0,0,N,7/28/2024
SKU-SHI-0036,Shirts,M,21,315,N,7/28/2024
SKU-CRO-0037,Croptops,L,2,30,N,7/28/2024
SKU-CRO-0038,Croptops,XL,0,0,N,7/28/2024
SKU-SHO-0039,Shorts,XXL,0,0,N,7/28/2024
SKU-SHO-0040,Shorts,S,14,105,N,7/28/2024
SKU-TSH-0041,Tshirts,S,34,999,N,7/28/2024
SKU-CRO-0042,Croptops,XXL,9,67.5,N,7/28/2024
SKU-CRO-0043,Croptops,L,0,0,N,7/28/2024
SKU-JAC-0044,Jackets,S,7,42,N,7/28/2024
SKU-SHI-0045,Shirts,L,25,375,N,7/28/2024
SKU-JAC-0046,Jackets,S,26,195,N,7/28/2024
SKU-PAN-0047,Pants,XS,2,15,N,7/28/2024
SKU-CRO-0048,Croptops,S,0,0,N,7/28/2024
SKU-TSH-0049,Tshirts,L,32,480,N,7/28/2024
SKU-SHO-0050,Shorts,L,37,370,N,7/28/2024
SKU-SHI-0051,Shirts,XL,0,0,N,7/28/2024
SKU-SHI-0052,Shirts,XXL,0,0,N,7/28/2024
SKU-JAC-0053,Jackets,M,0,0,N,7/28/2024
SKU-SHI-0054,Shirts,S,0,0,N,7/28/2024
SKU-JAC-0055,Jackets,XS,34,255,N,7/28/2024
SKU-SHI-0001,Shirts,L,0,0,N,8/4/2024
SKU-PAN-0002,Pants,XXL,0,0,N,8/4/2024
SKU-SHI-0003,Shirts,XL,0,0,N,8/4/2024
SKU-TSH-0004,Tshirts,XXL,0,0,N,8/4/2024
SKU-CRO-0005,Croptops,L,0,0,N,8/4/2024
SKU-SHI-0006,Shirts,XS,0,0,N,8/4/2024
SKU-CRO-0007,Croptops,M,0,0,N,8/4/2024
SKU-PAN-0008,Pants,XL,0,0,N,8/4/2024
SKU-PAN-0009,Pants,XS,0,0,N,8/4/2024
SKU-TSH-0010,Tshirts,L,0,0,N,8/4/2024
SKU-SHO-0011,Shorts,XXL,0,0,N,8/4/2024
SKU-TSH-0012,Tshirts,XL,0,0,N,8/4/2024
SKU-SHI-0013,Shirts,XL,0,0,N,8/4/2024
SKU-CRO-0014,Croptops,XL,0,0,N,8/4/2024
SKU-SHI-0015,Shirts,XL,0,0,N,8/4/2024
SKU-PAN-0016,Pants,XS,0,0,N,8/4/2024
SKU-SHI-0017,Shirts,XS,0,0,N,8/4/2024
SKU-PAN-0018,Pants,M,0,0,N,8/4/2024
SKU-CRO-0019,Croptops,XXL,0,0,N,8/4/2024
SKU-PAN-0020,Pants,M,0,0,N,8/4/2024
SKU-PAN-0021,Pants,L,0,0,N,8/4/2024
SKU-PAN-0022,Pants,M,0,0,N,8/4/2024
SKU-SHO-0023,Shorts,XXL,0,0,N,8/4/2024
SKU-SHI-0024,Shirts,L,0,0,N,8/4/2024
SKU-JAC-0025,Jackets,L,0,0,N,8/4/2024
SKU-PAN-0026,Pants,XS,0,0,N,8/4/2024
SKU-JAC-0027,Jackets,XXL,0,0,N,8/4/2024
SKU-PAN-0028,Pants,M,0,0,N,8/4/2024
SKU-TSH-0029,Tshirts,XL,0,0,N,8/4/2024
SKU-CRO-0030,Croptops,M,0,0,N,8/4/2024
SKU-JAC-0031,Jackets,L,0,0,N,8/4/2024
SKU-TSH-0032,Tshirts,M,0,0,N,8/4/2024
SKU-SHO-0033,Shorts,XS,0,0,N,8/4/2024
SKU-PAN-0034,Pants,M,0,999,N,8/4/2024
SKU-CRO-0035,Croptops,XL,0,0,N,8/4/2024
SKU-SHI-0036,Shirts,S,21,315,N,8/4/2024
SKU-CRO-0037,Croptops,S,1,10,N,8/4/2024
SKU-CRO-0038,Croptops,XL,0,0,N,8/4/2024
SKU-SHO-0039,Shorts,L,0,0,N,8/4/2024
SKU-SHO-0040,Shorts,XXL,11,55,N,8/4/2024
SKU-TSH-0041,Tshirts,XL,34,999,N,8/4/2024
SKU-CRO-0042,Croptops,L,9,90,N,8/4/2024
SKU-CRO-0043,Croptops,S,0,0,N,8/4/2024
SKU-JAC-0044,Jackets,M,3,11.2,N,8/4/2024
SKU-SHI-0045,Shirts,XL,25,375,N,8/4/2024
SKU-JAC-0046,Jackets,S,26,195,N,8/4/2024
SKU-PAN-0047,Pants,M,2,15,N,8/4/2024
SKU-CRO-0048,Croptops,M,0,0,N,8/4/2024
SKU-TSH-0049,Tshirts,S,31,310,N,8/4/2024
SKU-SHO-0050,Shorts,M,35,262.5,N,8/4/2024
SKU-SHI-0051,Shirts,XS,0,0,N,8/4/2024
SKU-SHI-0052,Shirts,L,0,0,N,8/4/2024
SKU-JAC-0053,Jackets,S,0,0,N,8/4/2024
SKU-SHI-0054,Shirts,L,0,0,N,8/4/2024
SKU-JAC-0055,Jackets,XL,33,247.5,N,8/4/2024
SKU-SHI-0001,Shirts,XL,0,0,N,8/11/2024
SKU-PAN-0002,Pants,S,0,0,N,8/11/2024
SKU-SHI-0003,Shirts,XL,0,0,N,8/11/2024
SKU-TSH-0004,Tshirts,M,0,0,N,8/11/2024
SKU-CRO-0005,Croptops,L,0,0,N,8/11/2024
SKU-SHI-0006,Shirts,L,0,0,N,8/11/2024
SKU-CRO-0007,Croptops,XL,0,0,N,8/11/2024
SKU-PAN-0008,Pants,L,0,0,N,8/11/2024
SKU-PAN-0009,Pants,XXL,0,0,N,8/11/2024
SKU-TSH-0010,Tshirts,S,0,0,N,8/11/2024
SKU-SHO-0011,Shorts,S,0,0,N,8/11/2024
SKU-TSH-0012,Tshirts,L,0,0,N,8/11/2024
SKU-SHI-0013,Shirts,S,0,0,N,8/11/2024
SKU-CRO-0014,Croptops,S,0,0,N,8/11/2024
SKU-SHI-0015,Shirts,M,0,0,N,8/11/2024
SKU-PAN-0016,Pants,M,0,0,N,8/11/2024
SKU-SHI-0017,Shirts,M,0,0,N,8/11/2024
SKU-PAN-0018,Pants,XS,0,0,N,8/11/2024
SKU-CRO-0019,Croptops,XL,0,0,N,8/11/2024
SKU-PAN-0020,Pants,XS,0,0,N,8/11/2024
SKU-PAN-0021,Pants,S,0,0,N,8/11/2024
SKU-PAN-0022,Pants,XS,0,0,N,8/11/2024
SKU-SHO-0023,Shorts,M,0,0,N,8/11/2024
SKU-SHI-0024,Shirts,L,0,0,N,8/11/2024
SKU-JAC-0025,Jackets,L,0,0,N,8/11/2024
SKU-PAN-0026,Pants,XXL,0,0,N,8/11/2024
SKU-JAC-0027,Jackets,M,0,0,N,8/11/2024
SKU-PAN-0028,Pants,XXL,0,0,N,8/11/2024
SKU-TSH-0029,Tshirts,XXL,0,0,N,8/11/2024
SKU-CRO-0030,Croptops,XXL,0,0,N,8/11/2024
SKU-JAC-0031,Jackets,XS,0,0,N,8/11/2024
SKU-TSH-0032,Tshirts,S,0,0,N,8/11/2024
SKU-SHO-0033,Shorts,S,0,0,N,8/11/2024
SKU-PAN-0034,Pants,L,0,999,N,8/11/2024
SKU-CRO-0035,Croptops,L,0,0,N,8/11/2024
SKU-SHI-0036,Shirts,XS,17,102,N,8/11/2024
SKU-CRO-0037,Croptops,L,0,0,N,8/11/2024
SKU-CRO-0038,Croptops,S,0,0,N,8/11/2024
SKU-SHO-0039,Shorts,XXL,0,0,N,8/11/2024
SKU-SHO-0040,Shorts,S,11,66,N,8/11/2024
SKU-TSH-0041,Tshirts,S,34,999,N,8/11/2024
SKU-CRO-0042,Croptops,S,9,135,N,8/11/2024
SKU-CRO-0043,Croptops,L,0,0,N,8/11/2024
SKU-JAC-0044,Jackets,XL,3,11.2,N,8/11/2024
SKU-SHI-0045,Shirts,XL,25,375,N,8/11/2024
SKU-JAC-0046,Jackets,M,26,260,N,8/11/2024
SKU-PAN-0047,Pants,XS,2,30,N,8/11/2024
SKU-CRO-0048,Croptops,S,0,0,N,8/11/2024
SKU-TSH-0049,Tshirts,XS,31,465,N,8/11/2024
SKU-SHO-0050,Shorts,XXL,35,525,N,8/11/2024
SKU-SHI-0051,Shirts,XL,0,0,N,8/11/2024
SKU-SHI-0052,Shirts,XS,0,0,N,8/11/2024
SKU-JAC-0053,Jackets,XL,0,0,N,8/11/2024
SKU-SHI-0054,Shirts,XS,0,0,N,8/11/2024
SKU-JAC-0055,Jackets,XXL,30,180,N,8/11/2024
SKU-SHI-0001,Shirts,XL,0,0,N,8/18/2024
SKU-PAN-0002,Pants,M,0,0,N,8/18/2024
SKU-SHI-0003,Shirts,XS,0,0,N,8/18/2024
SKU-TSH-0004,Tshirts,XL,0,0,N,8/18/2024
SKU-CRO-0005,Croptops,S,0,0,N,8/18/2024
SKU-SHI-0006,Shirts,M,0,0,N,8/18/2024
SKU-CRO-0007,Croptops,M,0,0,N,8/18/2024
SKU-PAN-0008,Pants,L,0,0,N,8/18/2024
SKU-PAN-0009,Pants,S,0,0,N,8/18/2024
SKU-TSH-0010,Tshirts,XS,0,0,N,8/18/2024
SKU-SHO-0011,Shorts,XS,0,0,N,8/18/2024
SKU-TSH-0012,Tshirts,L,0,0,N,8/18/2024
SKU-SHI-0013,Shirts,S,0,0,N,8/18/2024
SKU-CRO-0014,Croptops,M,0,0,N,8/18/2024
SKU-SHI-0015,Shirts,XS,0,0,N,8/18/2024
SKU-PAN-0016,Pants,XS,0,0,N,8/18/2024
SKU-SHI-0017,Shirts,XL,0,0,N,8/18/2024
SKU-PAN-0018,Pants,M,0,0,N,8/18/2024
SKU-CRO-0019,Croptops,L,0,0,N,8/18/2024
SKU-PAN-0020,Pants,XS,0,0,N,8/18/2024
SKU-PAN-0021,Pants,S,0,0,N,8/18/2024
SKU-PAN-0022,Pants,XXL,0,0,N,8/18/2024
SKU-SHO-0023,Shorts,XXL,0,0,N,8/18/2024
SKU-SHI-0024,Shirts,S,0,0,N,8/18/2024
SKU-JAC-0025,Jackets,S,0,0,N,8/18/2024
SKU-PAN-0026,Pants,XL,0,0,N,8/18/2024
SKU-JAC-0027,Jackets,XS,0,0,N,8/18/2024
SKU-PAN-0028,Pants,L,0,0,N,8/18/2024
SKU-TSH-0029,Tshirts,L,0,0,N,8/18/2024
SKU-CRO-0030,Croptops,XL,0,0,N,8/18/2024
SKU-JAC-0031,Jackets,L,0,0,N,8/18/2024
SKU-TSH-0032,Tshirts,L,0,0,N,8/18/2024
SKU-SHO-0033,Shorts,L,0,0,N,8/18/2024
SKU-PAN-0034,Pants,XL,0,0,N,8/18/2024
SKU-CRO-0035,Croptops,XXL,0,0,N,8/18/2024
SKU-SHI-0036,Shirts,S,16,80,N,8/18/2024
SKU-CRO-0037,Croptops,XXL,0,0,N,8/18/2024
SKU-CRO-0038,Croptops,XXL,0,0,N,8/18/2024
SKU-SHO-0039,Shorts,S,0,0,N,8/18/2024
SKU-SHO-0040,Shorts,L,11,110,N,8/18/2024
SKU-TSH-0041,Tshirts,L,34,999,N,8/18/2024
SKU-CRO-0042,Croptops,XL,9,270,N,8/18/2024
SKU-CRO-0043,Croptops,XS,0,0,N,8/18/2024
SKU-JAC-0044,Jackets,M,2,7.5,N,8/18/2024
SKU-SHI-0045,Shirts,XXL,25,375,N,8/18/2024
SKU-JAC-0046,Jackets,L,25,250,N,8/18/2024
SKU-PAN-0047,Pants,S,0,0,N,8/18/2024
SKU-CRO-0048,Croptops,XL,0,0,N,8/18/2024
SKU-TSH-0049,Tshirts,XXL,31,465,N,8/18/2024
SKU-SHO-0050,Shorts,XXL,34,340,N,8/18/2024
SKU-SHI-0051,Shirts,XXL,0,0,N,8/18/2024
SKU-SHI-0052,Shirts,S,0,0,N,8/18/2024
SKU-JAC-0053,Jackets,S,0,0,N,8/18/2024
SKU-SHI-0054,Shirts,XXL,0,0,N,8/18/2024
SKU-JAC-0055,Jackets,XS,30,180,N,8/18/2024
SKU-SHI-0001,Shirts,L,0,0,N,8/25/2024
SKU-PAN-0002,Pants,L,0,0,N,8/25/2024
SKU-SHI-0003,Shirts,XXL,0,0,N,8/25/2024
SKU-TSH-0004,Tshirts,XL,0,0,N,8/25/2024
SKU-CRO-0005,Croptops,XXL,0,0,N,8/25/2024
SKU-SHI-0006,Shirts,M,0,0,N,8/25/2024
SKU-CRO-0007,Croptops,XS,0,0,N,8/25/2024
SKU-PAN-0008,Pants,L,0,0,N,8/25/2024
SKU-PAN-0009,Pants,S,0,0,N,8/25/2024
SKU-TSH-0010,Tshirts,L,0,0,N,8/25/2024
SKU-SHO-0011,Shorts,S,0,0,N,8/25/2024
SKU-TSH-0012,Tshirts,XXL,0,0,N,8/25/2024
SKU-SHI-0013,Shirts,XL,0,0,N,8/25/2024
SKU-CRO-0014,Croptops,XS,0,0,N,8/25/2024
SKU-SHI-0015,Shirts,XL,0,0,N,8/25/2024
SKU-PAN-0016,Pants,XL,0,0,N,8/25/2024
SKU-SHI-0017,Shirts,XL,0,0,N,8/25/2024
SKU-PAN-0018,Pants,S,0,0,N,8/25/2024
SKU-CRO-0019,Croptops,L,0,0,N,8/25/2024
SKU-PAN-0020,Pants,S,0,0,N,8/25/2024
SKU-PAN-0021,Pants,M,0,0,N,8/25/2024
SKU-PAN-0022,Pants,S,0,0,N,8/25/2024
SKU-SHO-0023,Shorts,XL,0,0,N,8/25/2024
SKU-SHI-0024,Shirts,M,0,0,N,8/25/2024
SKU-JAC-0025,Jackets,XXL,0,0,N,8/25/2024
SKU-PAN-0026,Pants,S,0,0,N,8/25/2024
SKU-JAC-0027,Jackets,S,0,0,N,8/25/2024
SKU-PAN-0028,Pants,L,0,0,N,8/25/2024
SKU-TSH-0029,Tshirts,S,0,0,N,8/25/2024
SKU-CRO-0030,Croptops,M,0,0,N,8/25/2024
SKU-JAC-0031,Jackets,XL,0,0,N,8/25/2024
SKU-TSH-0032,Tshirts,XXL,0,0,N,8/25/2024
SKU-SHO-0033,Shorts,S,0,0,N,8/25/2024
SKU-PAN-0034,Pants,M,0,0,N,8/25/2024
SKU-CRO-0035,Croptops,L,0,0,N,8/25/2024
SKU-SHI-0036,Shirts,XXL,16,96,N,8/25/2024
SKU-CRO-0037,Croptops,XXL,0,0,N,8/25/2024
SKU-CRO-0038,Croptops,S,0,0,N,8/25/2024
SKU-SHO-0039,Shorts,XL,0,0,N,8/25/2024
SKU-SHO-0040,Shorts,XS,10,75,N,8/25/2024
SKU-TSH-0041,Tshirts,XXL,34,999,N,8/25/2024
SKU-CRO-0042,Croptops,XS,8,240,N,8/25/2024
SKU-CRO-0043,Croptops,S,0,0,N,8/25/2024
SKU-JAC-0044,Jackets,XS,0,0,N,8/25/2024
SKU-SHI-0045,Shirts,XS,23,230,N,8/25/2024
SKU-JAC-0046,Jackets,XXL,22,132,N,8/25/2024
SKU-PAN-0047,Pants,M,0,0,N,8/25/2024
SKU-CRO-0048,Croptops,XL,0,0,N,8/25/2024
SKU-TSH-0049,Tshirts,XXL,31,930,N,8/25/2024
SKU-SHO-0050,Shorts,XS,34,340,N,8/25/2024
SKU-SHI-0051,Shirts,XS,0,0,N,8/25/2024
SKU-SHI-0052,Shirts,M,0,0,N,8/25/2024
SKU-JAC-0053,Jackets,S,0,0,N,8/25/2024
SKU-SHI-0054,Shirts,S,0,0,N,8/25/2024
SKU-JAC-0055,Jackets,L,27,101.2,N,8/25/2024
SKU-SHI-0001,Shirts,XL,0,0,N,9/1/2024
SKU-PAN-0002,Pants,XXL,0,0,N,9/1/2024
SKU-SHI-0003,Shirts,L,0,0,N,9/1/2024
SKU-TSH-0004,Tshirts,XS,0,0,N,9/1/2024
SKU-CRO-0005,Croptops,XS,0,0,N,9/1/2024
SKU-SHI-0006,Shirts,L,0,0,N,9/1/2024
SKU-CRO-0007,Croptops,XXL,0,0,N,9/1/2024
SKU-PAN-0008,Pants,XL,0,0,N,9/1/2024
SKU-PAN-0009,Pants,XS,0,0,N,9/1/2024
SKU-TSH-0010,Tshirts,XXL,0,0,N,9/1/2024
SKU-SHO-0011,Shorts,XL,0,0,N,9/1/2024
SKU-TSH-0012,Tshirts,XXL,0,0,N,9/1/2024
SKU-SHI-0013,Shirts,S,0,0,N,9/1/2024
SKU-CRO-0014,Croptops,M,0,0,N,9/1/2024
SKU-SHI-0015,Shirts,XS,0,0,N,9/1/2024
SKU-PAN-0016,Pants,M,0,0,N,9/1/2024
SKU-SHI-0017,Shirts,M,0,0,N,9/1/2024
SKU-PAN-0018,Pants,S,0,0,N,9/1/2024
SKU-CRO-0019,Croptops,XL,0,0,N,9/1/2024
SKU-PAN-0020,Pants,S,0,0,N,9/1/2024
SKU-PAN-0021,Pants,XXL,0,0,N,9/1/2024
SKU-PAN-0022,Pants,XS,0,0,N,9/1/2024
SKU-SHO-0023,Shorts,XL,0,0,N,9/1/2024
SKU-SHI-0024,Shirts,S,0,0,N,9/1/2024
SKU-JAC-0025,Jackets,XXL,0,0,N,9/1/2024
SKU-PAN-0026,Pants,L,0,0,N,9/1/2024
SKU-JAC-0027,Jackets,XL,0,0,N,9/1/2024
SKU-PAN-0028,Pants,L,0,0,N,9/1/2024
SKU-TSH-0029,Tshirts,XL,0,0,N,9/1/2024
SKU-CRO-0030,Croptops,XXL,0,0,N,9/1/2024
SKU-JAC-0031,Jackets,XXL,0,0,N,9/1/2024
SKU-TSH-0032,Tshirts,XXL,0,0,N,9/1/2024
SKU-SHO-0033,Shorts,XS,0,0,N,9/1/2024
SKU-PAN-0034,Pants,XS,0,0,N,9/1/2024
SKU-CRO-0035,Croptops,XL,0,0,N,9/1/2024
SKU-SHI-0036,Shirts,L,16,96,N,9/1/2024
SKU-CRO-0037,Croptops,XL,0,0,N,9/1/2024
SKU-CRO-0038,Croptops,XS,0,0,N,9/1/2024
SKU-SHO-0039,Shorts,XS,0,0,N,9/1/2024
SKU-SHO-0040,Shorts,XXL,10,150,N,9/1/2024
SKU-TSH-0041,Tshirts,L,34,999,N,9/1/2024
SKU-CRO-0042,Croptops,XL,8,240,N,9/1/2024
SKU-CRO-0043,Croptops,XL,0,0,N,9/1/2024
SKU-JAC-0044,Jackets,XS,0,0,N,9/1/2024
SKU-SHI-0045,Shirts,XL,23,345,N,9/1/2024
SKU-JAC-0046,Jackets,XXL,21,126,N,9/1/2024
SKU-PAN-0047,Pants,L,0,0,N,9/1/2024
SKU-CRO-0048,Croptops,L,0,0,N,9/1/2024
SKU-TSH-0049,Tshirts,S,30,900,N,9/1/2024
SKU-SHO-0050,Shorts,S,33,330,N,9/1/2024
SKU-SHI-0051,Shirts,S,0,0,N,9/1/2024
SKU-SHI-0052,Shirts,S,0,0,N,9/1/2024
SKU-JAC-0053,Jackets,XL,0,0,N,9/1/2024
SKU-SHI-0054,Shirts,L,0,0,N,9/1/2024
SKU-JAC-0055,Jackets,XL,27,135,N,9/1/2024
SKU-SHI-0001,Shirts,XXL,0,0,N,9/8/2024
SKU-PAN-0002,Pants,XXL,0,0,N,9/8/2024
SKU-SHI-0003,Shirts,XXL,0,0,N,9/8/2024
SKU-TSH-0004,Tshirts,XXL,0,0,N,9/8/2024
SKU-CRO-0005,Croptops,M,0,0,N,9/8/2024
SKU-SHI-0006,Shirts,XS,0,0,N,9/8/2024
SKU-CRO-0007,Croptops,XXL,0,0,N,9/8/2024
SKU-PAN-0008,Pants,XS,0,0,N,9/8/2024
SKU-PAN-0009,Pants,XS,0,0,N,9/8/2024
SKU-TSH-0010,Tshirts,M,0,0,N,9/8/2024
SKU-SHO-0011,Shorts,XXL,0,0,N,9/8/2024
SKU-TSH-0012,Tshirts,M,0,0,N,9/8/2024
SKU-SHI-0013,Shirts,XXL,0,0,N,9/8/2024
SKU-CRO-0014,Croptops,S,0,0,N,9/8/2024
SKU-SHI-0015,Shirts,S,0,0,N,9/8/2024
SKU-PAN-0016,Pants,XL,0,0,N,9/8/2024
SKU-SHI-0017,Shirts,XL,0,0,N,9/8/2024
SKU-PAN-0018,Pants,S,0,0,N,9/8/2024
SKU-CRO-0019,Croptops,L,0,0,N,9/8/2024
SKU-PAN-0020,Pants,M,0,0,N,9/8/2024
SKU-PAN-0021,Pants,XS,0,0,N,9/8/2024
SKU-PAN-0022,Pants,XS,0,0,N,9/8/2024
SKU-SHO-0023,Shorts,M,0,0,N,9/8/2024
SKU-SHI-0024,Shirts,M,0,0,N,9/8/2024
SKU-JAC-0025,Jackets,XL,0,0,N,9/8/2024
SKU-PAN-0026,Pants,XXL,0,0,N,9/8/2024
SKU-JAC-0027,Jackets,XL,0,0,N,9/8/2024
SKU-PAN-0028,Pants,S,0,0,N,9/8/2024
SKU-TSH-0029,Tshirts,L,0,0,N,9/8/2024
SKU-CRO-0030,Croptops,XXL,0,0,N,9/8/2024
SKU-JAC-0031,Jackets,XL,0,0,N,9/8/2024
SKU-TSH-0032,Tshirts,XL,0,0,N,9/8/2024
SKU-SHO-0033,Shorts,XS,0,0,N,9/8/2024
SKU-PAN-0034,Pants,M,0,0,N,9/8/2024
SKU-CRO-0035,Croptops,XXL,0,0,N,9/8/2024
SKU-SHI-0036,Shirts,XL,16,240,N,9/8/2024
SKU-CRO-0037,Croptops,S,0,0,N,9/8/2024
SKU-CRO-0038,Croptops,M,0,0,N,9/8/2024
SKU-SHO-0039,Shorts,S,0,0,N,9/8/2024
SKU-SHO-0040,Shorts,XS,9,135,N,9/8/2024
SKU-TSH-0041,Tshirts,L,33,990,N,9/8/2024
SKU-CRO-0042,Croptops,S,8,240,N,9/8/2024
SKU-CRO-0043,Croptops,L,0,0,N,9/8/2024
SKU-JAC-0044,Jackets,XL,0,0,N,9/8/2024
SKU-SHI-0045,Shirts,XXL,22,220,N,9/8/2024
SKU-JAC-0046,Jackets,XS,19,81.4,N,9/8/2024
SKU-PAN-0047,Pants,L,0,0,N,9/8/2024
SKU-CRO-0048,Croptops,L,0,0,N,9/8/2024
SKU-TSH-0049,Tshirts,XS,29,435,N,9/8/2024
SKU-SHO-0050,Shorts,S,33,495,N,9/8/2024
SKU-SHI-0051,Shirts,XXL,0,0,N,9/8/2024
SKU-SHI-0052,Shirts,L,0,0,N,9/8/2024
SKU-JAC-0053,Jackets,S,0,0,N,9/8/2024
SKU-SHI-0054,Shirts,L,0,0,N,9/8/2024
SKU-JAC-0055,Jackets,XXL,26,195,N,9/8/2024
SKU-SHI-0001,Shirts,XL,0,0,N,9/15/2024
SKU-PAN-0002,Pants,XS,0,0,N,9/15/2024
SKU-SHI-0003,Shirts,XL,0,0,N,9/15/2024
SKU-TSH-0004,Tshirts,S,0,0,N,9/15/2024
SKU-CRO-0005,Croptops,S,0,0,N,9/15/2024
SKU-SHI-0006,Shirts,XL,0,0,N,9/15/2024
SKU-CRO-0007,Croptops,XS,0,0,N,9/15/2024
SKU-PAN-0008,Pants,M,0,0,N,9/15/2024
SKU-PAN-0009,Pants,XS,0,0,N,9/15/2024
SKU-TSH-0010,Tshirts,XL,0,0,N,9/15/2024
SKU-SHO-0011,Shorts,M,0,0,N,9/15/2024
SKU-TSH-0012,Tshirts,XL,0,0,N,9/15/2024
SKU-SHI-0013,Shirts,L,0,0,N,9/15/2024
SKU-CRO-0014,Croptops,XS,0,0,N,9/15/2024
SKU-SHI-0015,Shirts,XXL,0,0,N,9/15/2024
SKU-PAN-0016,Pants,XXL,0,0,N,9/15/2024
SKU-SHI-0017,Shirts,XXL,0,0,N,9/15/2024
SKU-PAN-0018,Pants,M,0,0,N,9/15/2024
SKU-CRO-0019,Croptops,XL,0,0,N,9/15/2024
SKU-PAN-0020,Pants,XS,0,0,N,9/15/2024
SKU-PAN-0021,Pants,XXL,0,0,N,9/15/2024
SKU-PAN-0022,Pants,XXL,0,0,N,9/15/2024
SKU-SHO-0023,Shorts,XS,0,0,N,9/15/2024
SKU-SHI-0024,Shirts,S,0,0,N,9/15/2024
SKU-JAC-0025,Jackets,M,0,0,N,9/15/2024
SKU-PAN-0026,Pants,L,0,0,N,9/15/2024
SKU-JAC-0027,Jackets,L,0,0,N,9/15/2024
SKU-PAN-0028,Pants,XXL,0,0,N,9/15/2024
SKU-TSH-0029,Tshirts,XXL,0,0,N,9/15/2024
SKU-CRO-0030,Croptops,M,0,0,N,9/15/2024
SKU-JAC-0031,Jackets,L,0,0,N,9/15/2024
SKU-TSH-0032,Tshirts,L,0,0,N,9/15/2024
SKU-SHO-0033,Shorts,XXL,0,0,N,9/15/2024
SKU-PAN-0034,Pants,XL,0,0,N,9/15/2024
SKU-CRO-0035,Croptops,XXL,0,0,N,9/15/2024
SKU-SHI-0036,Shirts,M,15,225,N,9/15/2024
SKU-CRO-0037,Croptops,M,0,0,N,9/15/2024
SKU-CRO-0038,Croptops,S,0,0,N,9/15/2024
SKU-SHO-0039,Shorts,XL,0,0,N,9/15/2024
SKU-SHO-0040,Shorts,XXL,8,80,N,9/15/2024
SKU-TSH-0041,Tshirts,L,33,990,N,9/15/2024
SKU-CRO-0042,Croptops,XS,8,240,N,9/15/2024
SKU-CRO-0043,Croptops,S,0,0,N,9/15/2024
SKU-JAC-0044,Jackets,XS,0,0,N,9/15/2024
SKU-SHI-0045,Shirts,XL,22,220,N,9/15/2024
SKU-JAC-0046,Jackets,XS,19,95,N,9/15/2024
SKU-PAN-0047,Pants,XL,0,0,N,9/15/2024
SKU-CRO-0048,Croptops,XL,0,0,N,9/15/2024
SKU-TSH-0049,Tshirts,L,28,280,N,9/15/2024
SKU-SHO-0050,Shorts,M,32,480,N,9/15/2024
SKU-SHI-0051,Shirts,M,0,0,N,9/15/2024
SKU-SHI-0052,Shirts,XS,0,0,N,9/15/2024
SKU-JAC-0053,Jackets,XS,0,0,N,9/15/2024
SKU-SHI-0054,Shirts,XS,0,0,N,9/15/2024
SKU-JAC-0055,Jackets,XXL,25,150,N,9/15/2024
SKU-SHI-0001,Shirts,XXL,0,0,N,9/22/2024
SKU-PAN-0002,Pants,XL,0,0,N,9/22/2024
SKU-SHI-0003,Shirts,S,0,0,N,9/22/2024
SKU-TSH-0004,Tshirts,L,0,0,N,9/22/2024
SKU-CRO-0005,Croptops,L,0,0,N,9/22/2024
SKU-SHI-0006,Shirts,S,0,0,N,9/22/2024
SKU-CRO-0007,Croptops,M,0,0,N,9/22/2024
SKU-PAN-0008,Pants,S,0,0,N,9/22/2024
SKU-PAN-0009,Pants,XXL,0,0,N,9/22/2024
SKU-TSH-0010,Tshirts,XS,0,0,N,9/22/2024
SKU-SHO-0011,Shorts,L,0,0,N,9/22/2024
SKU-TSH-0012,Tshirts,XS,0,0,N,9/22/2024
SKU-SHI-0013,Shirts,XXL,0,0,N,9/22/2024
SKU-CRO-0014,Croptops,S,0,0,N,9/22/2024
SKU-SHI-0015,Shirts,S,0,0,N,9/22/2024
SKU-PAN-0016,Pants,XS,0,0,N,9/22/2024
SKU-SHI-0017,Shirts,XL,0,0,N,9/22/2024
SKU-PAN-0018,Pants,M,0,0,N,9/22/2024
SKU-CRO-0019,Croptops,M,0,0,N,9/22/2024
SKU-PAN-0020,Pants,XL,0,0,N,9/22/2024
SKU-PAN-0021,Pants,XL,0,0,N,9/22/2024
SKU-PAN-0022,Pants,XL,0,0,N,9/22/2024
SKU-SHO-0023,Shorts,XS,0,0,N,9/22/2024
SKU-SHI-0024,Shirts,XL,0,0,N,9/22/2024
SKU-JAC-0025,Jackets,XS,0,0,N,9/22/2024
SKU-PAN-0026,Pants,XS,0,0,N,9/22/2024
SKU-JAC-0027,Jackets,L,0,0,N,9/22/2024
SKU-PAN-0028,Pants,L,0,0,N,9/22/2024
SKU-TSH-0029,Tshirts,S,0,0,N,9/22/2024
SKU-CRO-0030,Croptops,XL,0,0,N,9/22/2024
SKU-JAC-0031,Jackets,XS,0,0,N,9/22/2024
SKU-TSH-0032,Tshirts,XXL,0,0,N,9/22/2024
SKU-SHO-0033,Shorts,M,0,0,N,9/22/2024
SKU-PAN-0034,Pants,XL,0,0,N,9/22/2024
SKU-CRO-0035,Croptops,L,0,0,N,9/22/2024
SKU-SHI-0036,Shirts,L,12,90,N,9/22/2024
SKU-CRO-0037,Croptops,XL,0,0,N,9/22/2024
SKU-CRO-0038,Croptops,L,0,0,N,9/22/2024
SKU-SHO-0039,Shorts,XS,0,0,N,9/22/2024
SKU-SHO-0040,Shorts,S,8,80,N,9/22/2024
SKU-TSH-0041,Tshirts,M,33,990,N,9/22/2024
SKU-CRO-0042,Croptops,XL,8,999,N,9/22/2024
SKU-CRO-0043,Croptops,XL,0,0,N,9/22/2024
SKU-JAC-0044,Jackets,XS,0,0,N,9/22/2024
SKU-SHI-0045,Shirts,XS,18,108,N,9/22/2024
SKU-JAC-0046,Jackets,XL,19,142.5,N,9/22/2024
SKU-PAN-0047,Pants,S,0,0,N,9/22/2024
SKU-CRO-0048,Croptops,XS,0,0,N,9/22/2024
SKU-TSH-0049,Tshirts,XS,26,156,N,9/22/2024
SKU-SHO-0050,Shorts,L,32,480,N,9/22/2024
SKU-SHI-0051,Shirts,XXL,0,0,N,9/22/2024
SKU-SHI-0052,Shirts,S,0,0,N,9/22/2024
SKU-JAC-0053,Jackets,XS,0,0,N,9/22/2024
SKU-SHI-0054,Shirts,L,0,0,N,9/22/2024
SKU-JAC-0055,Jackets,XXL,24,180,N,9/22/2024
SKU-SHI-0001,Shirts,XL,0,0,N,9/29/2024
SKU-PAN-0002,Pants,XL,0,0,N,9/29/2024
SKU-SHI-0003,Shirts,S,0,0,N,9/29/2024
SKU-TSH-0004,Tshirts,XXL,0,0,N,9/29/2024
SKU-CRO-0005,Croptops,XL,0,0,N,9/29/2024
SKU-SHI-0006,Shirts,XS,0,0,N,9/29/2024
SKU-CRO-0007,Croptops,S,0,0,N,9/29/2024
SKU-PAN-0008,Pants,M,0,0,N,9/29/2024
SKU-PAN-0009,Pants,M,0,0,N,9/29/2024
SKU-TSH-0010,Tshirts,M,0,0,N,9/29/2024
SKU-SHO-0011,Shorts,S,0,0,N,9/29/2024
SKU-TSH-0012,Tshirts,S,0,0,N,9/29/2024
SKU-SHI-0013,Shirts,XS,0,0,N,9/29/2024
SKU-CRO-0014,Croptops,S,0,0,N,9/29/2024
SKU-SHI-0015,Shirts,M,0,0,N,9/29/2024
SKU-PAN-0016,Pants,L,0,0,N,9/29/2024
SKU-SHI-0017,Shirts,XL,0,0,N,9/29/2024
SKU-PAN-0018,Pants,L,0,0,N,9/29/2024
SKU-CRO-0019,Croptops,L,0,0,N,9/29/2024
SKU-PAN-0020,Pants,M,0,0,N,9/29/2024
SKU-PAN-0021,Pants,XXL,0,0,N,9/29/2024
SKU-PAN-0022,Pants,M,0,0,N,9/29/2024
SKU-SHO-0023,Shorts,S,0,0,N,9/29/2024
SKU-SHI-0024,Shirts,XS,0,0,N,9/29/2024
SKU-JAC-0025,Jackets,XL,0,0,N,9/29/2024
SKU-PAN-0026,Pants,XL,0,0,N,9/29/2024
SKU-JAC-0027,Jackets,S,0,0,N,9/29/2024
SKU-PAN-0028,Pants,XXL,0,0,N,9/29/2024
SKU-TSH-0029,Tshirts,XXL,0,0,N,9/29/2024
SKU-CRO-0030,Croptops,M,0,0,N,9/29/2024
SKU-JAC-0031,Jackets,XS,0,0,N,9/29/2024
SKU-TSH-0032,Tshirts,S,0,0,N,9/29/2024
SKU-SHO-0033,Shorts,XL,0,0,N,9/29/2024
SKU-PAN-0034,Pants,XS,0,0,N,9/29/2024
SKU-CRO-0035,Croptops,L,0,0,N,9/29/2024
SKU-SHI-0036,Shirts,XL,11,66,N,9/29/2024
SKU-CRO-0037,Croptops,M,0,0,N,9/29/2024
SKU-CRO-0038,Croptops,S,0,0,N,9/29/2024
SKU-SHO-0039,Shorts,M,0,0,N,9/29/2024
SKU-SHO-0040,Shorts,XXL,7,70,N,9/29/2024
SKU-TSH-0041,Tshirts,M,33,990,N,9/29/2024
SKU-CRO-0042,Croptops,XXL,5,50,N,9/29/2024
SKU-CRO-0043,Croptops,M,0,0,N,9/29/2024
SKU-JAC-0044,Jackets,S,0,0,N,9/29/2024
SKU-SHI-0045,Shirts,M,17,85,N,9/29/2024
SKU-JAC-0046,Jackets,M,19,285,N,9/29/2024
SKU-PAN-0047,Pants,XL,0,0,N,9/29/2024
SKU-CRO-0048,Croptops,XS,0,0,N,9/29/2024
SKU-TSH-0049,Tshirts,XL,26,195,N,9/29/2024
SKU-SHO-0050,Shorts,XS,31,465,N,9/29/2024
SKU-SHI-0051,Shirts,XL,0,0,N,9/29/2024
SKU-SHI-0052,Shirts,XL,0,0,N,9/29/2024
SKU-JAC-0053,Jackets,L,0,0,N,9/29/2024
SKU-SHI-0054,Shirts,S,0,0,N,9/29/2024
SKU-JAC-0055,Jackets,L,24,240,N,9/29/2024
SKU-SHI-0001,Shirts,S,0,0,N,10/6/2024
SKU-PAN-0002,Pants,M,0,0,N,10/6/2024
SKU-SHI-0003,Shirts,XXL,0,0,N,10/6/2024
SKU-TSH-0004,Tshirts,S,0,0,N,10/6/2024
SKU-CRO-0005,Croptops,L,0,0,N,10/6/2024
SKU-SHI-0006,Shirts,XL,0,0,N,10/6/2024
SKU-CRO-0007,Croptops,M,0,0,N,10/6/2024
SKU-PAN-0008,Pants,L,0,0,N,10/6/2024
SKU-PAN-0009,Pants,XS,0,0,N,10/6/2024
SKU-TSH-0010,Tshirts,M,0,0,N,10/6/2024
SKU-SHO-0011,Shorts,L,0,0,N,10/6/2024
SKU-TSH-0012,Tshirts,XXL,0,0,N,10/6/2024
SKU-SHI-0013,Shirts,L,0,0,N,10/6/2024
SKU-CRO-0014,Croptops,XL,0,0,N,10/6/2024
SKU-SHI-0015,Shirts,M,0,0,N,10/6/2024
SKU-PAN-0016,Pants,XL,0,0,N,10/6/2024
SKU-SHI-0017,Shirts,XXL,0,0,N,10/6/2024
SKU-PAN-0018,Pants,L,0,0,N,10/6/2024
SKU-CRO-0019,Croptops,L,0,0,N,10/6/2024
SKU-PAN-0020,Pants,L,0,0,N,10/6/2024
SKU-PAN-0021,Pants,M,0,0,N,10/6/2024
SKU-PAN-0022,Pants,M,0,0,N,10/6/2024
SKU-SHO-0023,Shorts,XS,0,0,N,10/6/2024
SKU-SHI-0024,Shirts,XS,0,0,N,10/6/2024
SKU-JAC-0025,Jackets,XXL,0,0,N,10/6/2024
SKU-PAN-0026,Pants,S,0,0,N,10/6/2024
SKU-JAC-0027,Jackets,XL,0,0,N,10/6/2024
SKU-PAN-0028,Pants,XS,0,0,N,10/6/2024
SKU-TSH-0029,Tshirts,M,0,0,N,10/6/2024
SKU-CRO-0030,Croptops,XL,0,0,N,10/6/2024
SKU-JAC-0031,Jackets,XXL,0,0,N,10/6/2024
SKU-TSH-0032,Tshirts,XS,0,0,N,10/6/2024
SKU-SHO-0033,Shorts,XS,0,0,N,10/6/2024
SKU-PAN-0034,Pants,S,0,0,N,10/6/2024
SKU-CRO-0035,Croptops,XL,0,0,N,10/6/2024
SKU-SHI-0036,Shirts,XL,11,66,N,10/6/2024
SKU-CRO-0037,Croptops,M,0,0,N,10/6/2024
SKU-CRO-0038,Croptops,M,0,0,N,10/6/2024
SKU-SHO-0039,Shorts,XXL,0,0,N,10/6/2024
SKU-SHO-0040,Shorts,L,5,30,N,10/6/2024
SKU-TSH-0041,Tshirts,L,33,999,N,10/6/2024
SKU-CRO-0042,Croptops,M,5,50,N,10/6/2024
SKU-CRO-0043,Croptops,S,0,0,N,10/6/2024
SKU-JAC-0044,Jackets,S,0,0,N,10/6/2024
SKU-SHI-0045,Shirts,M,16,80,N,10/6/2024
SKU-JAC-0046,Jackets,S,19,999,N,10/6/2024
SKU-PAN-0047,Pants,XXL,0,0,N,10/6/2024
SKU-CRO-0048,Croptops,XS,0,0,N,10/6/2024
SKU-TSH-0049,Tshirts,L,24,120,N,10/6/2024
SKU-SHO-0050,Shorts,S,31,465,N,10/6/2024
SKU-SHI-0051,Shirts,S,0,0,N,10/6/2024
SKU-SHI-0052,Shirts,XXL,0,0,N,10/6/2024
SKU-JAC-0053,Jackets,XL,0,0,N,10/6/2024
SKU-SHI-0054,Shirts,XXL,0,0,N,10/6/2024
SKU-JAC-0055,Jackets,XL,24,360,N,10/6/2024
SKU-SHI-0001,Shirts,XS,0,0,N,10/13/2024
SKU-PAN-0002,Pants,XXL,0,0,N,10/13/2024
SKU-SHI-0003,Shirts,M,0,0,N,10/13/2024
SKU-TSH-0004,Tshirts,L,0,0,N,10/13/2024
SKU-CRO-0005,Croptops,XXL,0,0,N,10/13/2024
SKU-SHI-0006,Shirts,L,0,0,N,10/13/2024
SKU-CRO-0007,Croptops,XS,0,0,N,10/13/2024
SKU-PAN-0008,Pants,XXL,0,0,N,10/13/2024
SKU-PAN-0009,Pants,XL,0,0,N,10/13/2024
SKU-TSH-0010,Tshirts,XL,0,0,N,10/13/2024
SKU-SHO-0011,Shorts,XS,0,0,N,10/13/2024
SKU-TSH-0012,Tshirts,M,0,0,N,10/13/2024
SKU-SHI-0013,Shirts,S,0,0,N,10/13/2024
SKU-CRO-0014,Croptops,XXL,0,0,N,10/13/2024
SKU-SHI-0015,Shirts,M,0,0,N,10/13/2024
SKU-PAN-0016,Pants,XL,0,0,N,10/13/2024
SKU-SHI-0017,Shirts,XS,0,0,N,10/13/2024
SKU-PAN-0018,Pants,L,0,0,N,10/13/2024
SKU-CRO-0019,Croptops,XL,0,0,N,10/13/2024
SKU-PAN-0020,Pants,XS,0,0,N,10/13/2024
SKU-PAN-0021,Pants,S,0,0,N,10/13/2024
SKU-PAN-0022,Pants,L,0,0,N,10/13/2024
SKU-SHO-0023,Shorts,XXL,0,0,N,10/13/2024
SKU-SHI-0024,Shirts,XS,0,0,N,10/13/2024
SKU-JAC-0025,Jackets,S,0,0,N,10/13/2024
SKU-PAN-0026,Pants,S,0,0,N,10/13/2024
SKU-JAC-0027,Jackets,XL,0,0,N,10/13/2024
SKU-PAN-0028,Pants,S,0,0,N,10/13/2024
SKU-TSH-0029,Tshirts,XXL,0,0,N,10/13/2024
SKU-CRO-0030,Croptops,S,0,0,N,10/13/2024
SKU-JAC-0031,Jackets,XS,0,0,N,10/13/2024
SKU-TSH-0032,Tshirts,L,0,0,N,10/13/2024
SKU-SHO-0033,Shorts,XS,0,0,N,10/13/2024
SKU-PAN-0034,Pants,L,0,0,N,10/13/2024
SKU-CRO-0035,Croptops,M,0,0,N,10/13/2024
SKU-SHI-0036,Shirts,M,10,60,N,10/13/2024
SKU-CRO-0037,Croptops,L,0,0,N,10/13/2024
SKU-CRO-0038,Croptops,S,0,0,N,10/13/2024
SKU-SHO-0039,Shorts,XL,0,0,N,10/13/2024
SKU-SHO-0040,Shorts,L,3,18,N,10/13/2024
SKU-TSH-0041,Tshirts,XS,31,465,N,10/13/2024
SKU-CRO-0042,Croptops,S,4,30,N,10/13/2024
SKU-CRO-0043,Croptops,XS,0,0,N,10/13/2024
SKU-JAC-0044,Jackets,M,0,0,N,10/13/2024
SKU-SHI-0045,Shirts,L,16,80,N,10/13/2024
SKU-JAC-0046,Jackets,L,17,255,N,10/13/2024
SKU-PAN-0047,Pants,M,0,0,N,10/13/2024
SKU-CRO-0048,Croptops,XS,0,0,N,10/13/2024
SKU-TSH-0049,Tshirts,XL,22,110,N,10/13/2024
SKU-SHO-0050,Shorts,M,28,168,N,10/13/2024
SKU-SHI-0051,Shirts,XS,0,0,N,10/13/2024
SKU-SHI-0052,Shirts,XS,0,0,N,10/13/2024
SKU-JAC-0053,Jackets,XS,0,0,N,10/13/2024
SKU-SHI-0054,Shirts,XL,0,0,N,10/13/2024
SKU-JAC-0055,Jackets,S,24,360,N,10/13/2024
SKU-SHI-0001,Shirts,S,0,0,N,10/20/2024
SKU-PAN-0002,Pants,XS,0,0,N,10/20/2024
SKU-SHI-0003,Shirts,L,0,0,N,10/20/2024
SKU-TSH-0004,Tshirts,L,0,0,N,10/20/2024
SKU-CRO-0005,Croptops,XS,0,0,N,10/20/2024
SKU-SHI-0006,Shirts,L,0,0,N,10/20/2024
SKU-CRO-0007,Croptops,XXL,0,0,N,10/20/2024
SKU-PAN-0008,Pants,XL,0,0,N,10/20/2024
SKU-PAN-0009,Pants,S,0,0,N,10/20/2024
SKU-TSH-0010,Tshirts,XXL,0,0,N,10/20/2024
SKU-SHO-0011,Shorts,XXL,0,0,N,10/20/2024
SKU-TSH-0012,Tshirts,L,0,0,N,10/20/2024
SKU-SHI-0013,Shirts,XL,0,0,N,10/20/2024
SKU-CRO-0014,Croptops,L,0,0,N,10/20/2024
SKU-SHI-0015,Shirts,XL,0,0,N,10/20/2024
SKU-PAN-0016,Pants,L,0,0,N,10/20/2024
SKU-SHI-0017,Shirts,S,0,0,N,10/20/2024
SKU-PAN-0018,Pants,XL,0,0,N,10/20/2024
SKU-CRO-0019,Croptops,XL,0,0,N,10/20/2024
SKU-PAN-0020,Pants,M,0,0,N,10/20/2024
SKU-PAN-0021,Pants,XXL,0,0,N,10/20/2024
SKU-PAN-0022,Pants,XS,0,0,N,10/20/2024
SKU-SHO-0023,Shorts,M,0,0,N,10/20/2024
SKU-SHI-0024,Shirts,XXL,0,0,N,10/20/2024
SKU-JAC-0025,Jackets,S,0,0,N,10/20/2024
SKU-PAN-0026,Pants,M,0,0,N,10/20/2024
SKU-JAC-0027,Jackets,S,0,0,N,10/20/2024
SKU-PAN-0028,Pants,S,0,0,N,10/20/2024
SKU-TSH-0029,Tshirts,XXL,0,0,N,10/20/2024
SKU-CRO-0030,Croptops,L,0,0,N,10/20/2024
SKU-JAC-0031,Jackets,S,0,0,N,10/20/2024
SKU-TSH-0032,Tshirts,S,0,0,N,10/20/2024
SKU-SHO-0033,Shorts,XS,0,0,N,10/20/2024
SKU-PAN-0034,Pants,XXL,0,0,N,10/20/2024
SKU-CRO-0035,Croptops,XS,0,0,N,10/20/2024
SKU-SHI-0036,Shirts,L,5,21.4,N,10/20/2024
SKU-CRO-0037,Croptops,S,0,0,N,10/20/2024
SKU-CRO-0038,Croptops,XS,0,0,N,10/20/2024
SKU-SHO-0039,Shorts,XL,0,0,N,10/20/2024
SKU-SHO-0040,Shorts,XL,1,4.3,N,10/20/2024
SKU-TSH-0041,Tshirts,XL,31,465,N,10/20/2024
SKU-CRO-0042,Croptops,S,3,18,N,10/20/2024
SKU-CRO-0043,Croptops,XS,0,0,N,10/20/2024
SKU-JAC-0044,Jackets,M,0,0,N,10/20/2024
SKU-SHI-0045,Shirts,M,13,78,N,10/20/2024
SKU-JAC-0046,Jackets,S,17,255,N,10/20/2024
SKU-PAN-0047,Pants,L,0,0,N,10/20/2024
SKU-CRO-0048,Croptops,S,0,0,N,10/20/2024
SKU-TSH-0049,Tshirts,XS,22,165,N,10/20/2024
SKU-SHO-0050,Shorts,XS,28,210,N,10/20/2024
SKU-SHI-0051,Shirts,XL,0,0,N,10/20/2024
SKU-SHI-0052,Shirts,XS,0,0,N,10/20/2024
SKU-JAC-0053,Jackets,M,0,0,N,10/20/2024
SKU-SHI-0054,Shirts,XL,0,0,N,10/20/2024
SKU-JAC-0055,Jackets,XXL,24,999,N,10/20/2024
SKU-SHI-0001,Shirts,L,0,0,N,10/27/2024
SKU-PAN-0002,Pants,L,0,0,N,10/27/2024
SKU-SHI-0003,Shirts,XL,0,0,N,10/27/2024
SKU-TSH-0004,Tshirts,M,0,0,N,10/27/2024
SKU-CRO-0005,Croptops,XS,0,0,N,10/27/2024
SKU-SHI-0006,Shirts,S,0,0,N,10/27/2024
SKU-CRO-0007,Croptops,XXL,0,0,N,10/27/2024
SKU-PAN-0008,Pants,XXL,0,0,N,10/27/2024
SKU-PAN-0009,Pants,XS,0,0,N,10/27/2024
SKU-TSH-0010,Tshirts,XS,0,0,N,10/27/2024
SKU-SHO-0011,Shorts,XS,0,0,N,10/27/2024
SKU-TSH-0012,Tshirts,S,0,0,N,10/27/2024
SKU-SHI-0013,Shirts,XS,0,0,N,10/27/2024
SKU-CRO-0014,Croptops,L,0,0,N,10/27/2024
SKU-SHI-0015,Shirts,XXL,0,0,N,10/27/2024
SKU-PAN-0016,Pants,XS,0,0,N,10/27/2024
SKU-SHI-0017,Shirts,XS,0,0,N,10/27/2024
SKU-PAN-0018,Pants,XS,0,0,N,10/27/2024
SKU-CRO-0019,Croptops,M,0,0,N,10/27/2024
SKU-PAN-0020,Pants,XL,0,0,N,10/27/2024
SKU-PAN-0021,Pants,M,0,0,N,10/27/2024
SKU-PAN-0022,Pants,L,0,0,N,10/27/2024
SKU-SHO-0023,Shorts,XL,0,0,N,10/27/2024
SKU-SHI-0024,Shirts,XL,0,0,N,10/27/2024
SKU-JAC-0025,Jackets,M,0,0,N,10/27/2024
SKU-PAN-0026,Pants,XS,0,0,N,10/27/2024
SKU-JAC-0027,Jackets,XS,0,0,N,10/27/2024
SKU-PAN-0028,Pants,XS,0,0,N,10/27/2024
SKU-TSH-0029,Tshirts,M,0,0,N,10/27/2024
SKU-CRO-0030,Croptops,S,0,0,N,10/27/2024
SKU-JAC-0031,Jackets,M,0,0,N,10/27/2024
SKU-TSH-0032,Tshirts,XS,0,0,N,10/27/2024
SKU-SHO-0033,Shorts,XXL,0,0,N,10/27/2024
SKU-PAN-0034,Pants,L,0,0,N,10/27/2024
SKU-CRO-0035,Croptops,S,0,0,N,10/27/2024
SKU-SHI-0036,Shirts,XS,3,10,N,10/27/2024
SKU-CRO-0037,Croptops,L,0,0,N,10/27/2024
SKU-CRO-0038,Croptops,XL,0,0,N,10/27/2024
SKU-SHO-0039,Shorts,L,0,0,N,10/27/2024
SKU-SHO-0040,Shorts,XL,0,0,N,10/27/2024
SKU-TSH-0041,Tshirts,XXL,29,217.5,N,10/27/2024
SKU-CRO-0042,Croptops,S,3,30,N,10/27/2024
SKU-CRO-0043,Croptops,XXL,0,0,N,10/27/2024
SKU-JAC-0044,Jackets,L,0,0,N,10/27/2024
SKU-SHI-0045,Shirts,XS,12,72,N,10/27/2024
SKU-JAC-0046,Jackets,XXL,17,255,N,10/27/2024
SKU-PAN-0047,Pants,XS,0,0,N,10/27/2024
SKU-CRO-0048,Croptops,XS,0,0,N,10/27/2024
SKU-TSH-0049,Tshirts,XXL,22,165,N,10/27/2024
SKU-SHO-0050,Shorts,XS,28,210,N,10/27/2024
SKU-SHI-0051,Shirts,XS,0,0,N,10/27/2024
SKU-SHI-0052,Shirts,XL,0,0,N,10/27/2024
SKU-JAC-0053,Jackets,S,0,0,N,10/27/2024
SKU-SHI-0054,Shirts,M,0,0,N,10/27/2024
SKU-JAC-0055,Jackets,XXL,22,330,N,10/27/2024
SKU-SHI-0001,Shirts,XS,0,0,N,11/3/2024
SKU-PAN-0002,Pants,XS,0,0,N,11/3/2024
SKU-SHI-0003,Shirts,L,0,0,N,11/3/2024
SKU-TSH-0004,Tshirts,XL,0,0,N,11/3/2024
SKU-CRO-0005,Croptops,XS,0,0,N,11/3/2024
SKU-SHI-0006,Shirts,M,0,0,N,11/3/2024
SKU-CRO-0007,Croptops,M,0,0,N,11/3/2024
SKU-PAN-0008,Pants,XL,0,0,N,11/3/2024
SKU-PAN-0009,Pants,L,0,0,N,11/3/2024
SKU-TSH-0010,Tshirts,XL,0,0,N,11/3/2024
SKU-SHO-0011,Shorts,M,0,0,N,11/3/2024
SKU-TSH-0012,Tshirts,XL,0,0,N,11/3/2024
SKU-SHI-0013,Shirts,L,0,0,N,11/3/2024
SKU-CRO-0014,Croptops,XS,0,0,N,11/3/2024
SKU-SHI-0015,Shirts,XS,0,0,N,11/3/2024
SKU-PAN-0016,Pants,S,0,0,N,11/3/2024
SKU-SHI-0017,Shirts,XS,0,0,N,11/3/2024
SKU-PAN-0018,Pants,S,0,0,N,11/3/2024
SKU-CRO-0019,Croptops,XS,0,0,N,11/3/2024
SKU-PAN-0020,Pants,M,0,0,N,11/3/2024
SKU-PAN-0021,Pants,XL,0,0,N,11/3/2024
SKU-PAN-0022,Pants,S,0,0,N,11/3/2024
SKU-SHO-0023,Shorts,M,0,0,N,11/3/2024
SKU-SHI-0024,Shirts,XL,0,0,N,11/3/2024
SKU-JAC-0025,Jackets,L,0,0,N,11/3/2024
SKU-PAN-0026,Pants,XXL,0,0,N,11/3/2024
SKU-JAC-0027,Jackets,XXL,0,0,N,11/3/2024
SKU-PAN-0028,Pants,XS,0,0,N,11/3/2024
SKU-TSH-0029,Tshirts,L,0,0,N,11/3/2024
SKU-CRO-0030,Croptops,M,0,0,N,11/3/2024
SKU-JAC-0031,Jackets,XXL,0,0,N,11/3/2024
SKU-TSH-0032,Tshirts,XL,0,0,N,11/3/2024
SKU-SHO-0033,Shorts,XL,0,0,N,11/3/2024
SKU-PAN-0034,Pants,XL,0,0,N,11/3/2024
SKU-CRO-0035,Croptops,M,0,0,N,11/3/2024
SKU-SHI-0036,Shirts,XS,2,6.7,N,11/3/2024
SKU-CRO-0037,Croptops,XXL,0,0,N,11/3/2024
SKU-CRO-0038,Croptops,S,0,0,N,11/3/2024
SKU-SHO-0039,Shorts,M,0,0,N,11/3/2024
SKU-SHO-0040,Shorts,XS,0,0,N,11/3/2024
SKU-TSH-0041,Tshirts,XL,29,217.5,N,11/3/2024
SKU-CRO-0042,Croptops,XL,2,20,N,11/3/2024
SKU-CRO-0043,Croptops,M,0,0,N,11/3/2024
SKU-JAC-0044,Jackets,XS,0,0,N,11/3/2024
SKU-SHI-0045,Shirts,M,11,66,N,11/3/2024
SKU-JAC-0046,Jackets,XXL,16,160,N,11/3/2024
SKU-PAN-0047,Pants,M,0,0,N,11/3/2024
SKU-CRO-0048,Croptops,M,0,0,N,11/3/2024
SKU-TSH-0049,Tshirts,S,22,220,N,11/3/2024
SKU-SHO-0050,Shorts,L,27,202.5,N,11/3/2024
SKU-SHI-0051,Shirts,XL,0,0,N,11/3/2024
SKU-SHI-0052,Shirts,L,0,0,N,11/3/2024
SKU-JAC-0053,Jackets,L,0,0,N,11/3/2024
SKU-SHI-0054,Shirts,M,0,0,N,11/3/2024
SKU-JAC-0055,Jackets,M,22,330,N,11/3/2024
SKU-SHI-0001,Shirts,XXL,0,0,N,11/10/2024
SKU-PAN-0002,Pants,XS,0,0,N,11/10/2024
SKU-SHI-0003,Shirts,XXL,0,0,N,11/10/2024
SKU-TSH-0004,Tshirts,XL,0,0,N,11/10/2024
SKU-CRO-0005,Croptops,XL,0,0,N,11/10/2024
SKU-SHI-0006,Shirts,M,0,0,N,11/10/2024
SKU-CRO-0007,Croptops,M,0,0,N,11/10/2024
SKU-PAN-0008,Pants,XS,0,0,N,11/10/2024
SKU-PAN-0009,Pants,S,0,0,N,11/10/2024
SKU-TSH-0010,Tshirts,XXL,0,0,N,11/10/2024
SKU-SHO-0011,Shorts,XS,0,0,N,11/10/2024
SKU-TSH-0012,Tshirts,XS,0,0,N,11/10/2024
SKU-SHI-0013,Shirts,XL,0,0,N,11/10/2024
SKU-CRO-0014,Croptops,S,0,0,N,11/10/2024
SKU-SHI-0015,Shirts,L,0,0,N,11/10/2024
SKU-PAN-0016,Pants,M,0,0,N,11/10/2024
SKU-SHI-0017,Shirts,XL,0,0,N,11/10/2024
SKU-PAN-0018,Pants,L,0,0,N,11/10/2024
SKU-CRO-0019,Croptops,XL,0,0,N,11/10/2024
SKU-PAN-0020,Pants,XS,0,0,N,11/10/2024
SKU-PAN-0021,Pants,M,0,0,N,11/10/2024
SKU-PAN-0022,Pants,M,0,0,N,11/10/2024
SKU-SHO-0023,Shorts,M,0,0,N,11/10/2024
SKU-SHI-0024,Shirts,XS,0,0,N,11/10/2024
SKU-JAC-0025,Jackets,M,0,0,N,11/10/2024
SKU-PAN-0026,Pants,L,0,0,N,11/10/2024
SKU-JAC-0027,Jackets,M,0,0,N,11/10/2024
SKU-PAN-0028,Pants,XL,0,0,N,11/10/2024
SKU-TSH-0029,Tshirts,XL,0,0,N,11/10/2024
SKU-CRO-0030,Croptops,S,0,0,N,11/10/2024
SKU-JAC-0031,Jackets,XS,0,0,N,11/10/2024
SKU-TSH-0032,Tshirts,XS,0,0,N,11/10/2024
SKU-SHO-0033,Shorts,L,0,0,N,11/10/2024
SKU-PAN-0034,Pants,XL,0,0,N,11/10/2024
SKU-CRO-0035,Croptops,S,0,0,N,11/10/2024
SKU-SHI-0036,Shirts,XS,2,6.7,N,11/10/2024
SKU-CRO-0037,Croptops,XL,0,0,N,11/10/2024
SKU-CRO-0038,Croptops,S,0,0,N,11/10/2024
SKU-SHO-0039,Shorts,XXL,0,0,N,11/10/2024
SKU-SHO-0040,Shorts,XL,0,0,N,11/10/2024
SKU-TSH-0041,Tshirts,L,28,280,N,11/10/2024
SKU-CRO-0042,Croptops,XXL,1,10,N,11/10/2024
SKU-CRO-0043,Croptops,M,0,0,N,11/10/2024
SKU-JAC-0044,Jackets,M,0,0,N,11/10/2024
SKU-SHI-0045,Shirts,XL,11,66,N,11/10/2024
SKU-JAC-0046,Jackets,S,14,140,N,11/10/2024
SKU-PAN-0047,Pants,L,0,0,N,11/10/2024
SKU-CRO-0048,Croptops,XL,0,0,N,11/10/2024
SKU-TSH-0049,Tshirts,S,20,200,N,11/10/2024
SKU-SHO-0050,Shorts,M,25,150,N,11/10/2024
SKU-SHI-0051,Shirts,M,0,0,N,11/10/2024
SKU-SHI-0052,Shirts,L,0,0,N,11/10/2024
SKU-JAC-0053,Jackets,XXL,0,0,N,11/10/2024
SKU-SHI-0054,Shirts,L,0,0,N,11/10/2024
SKU-JAC-0055,Jackets,XL,21,210,N,11/10/2024
SKU-SHI-0001,Shirts,M,0,0,N,11/17/2024
SKU-PAN-0002,Pants,S,0,0,N,11/17/2024
SKU-SHI-0003,Shirts,XL,0,0,N,11/17/2024
SKU-TSH-0004,Tshirts,M,0,0,N,11/17/2024
SKU-CRO-0005,Croptops,XL,0,0,N,11/17/2024
SKU-SHI-0006,Shirts,S,0,0,N,11/17/2024
SKU-CRO-0007,Croptops,XXL,0,0,N,11/17/2024
SKU-PAN-0008,Pants,XS,0,0,N,11/17/2024
SKU-PAN-0009,Pants,XS,0,0,N,11/17/2024
SKU-TSH-0010,Tshirts,M,0,0,N,11/17/2024
SKU-SHO-0011,Shorts,L,0,0,N,11/17/2024
SKU-TSH-0012,Tshirts,XS,0,0,N,11/17/2024
SKU-SHI-0013,Shirts,S,0,0,N,11/17/2024
SKU-CRO-0014,Croptops,XS,0,0,N,11/17/2024
SKU-SHI-0015,Shirts,XS,0,0,N,11/17/2024
SKU-PAN-0016,Pants,XS,0,0,N,11/17/2024
SKU-SHI-0017,Shirts,S,0,0,N,11/17/2024
SKU-PAN-0018,Pants,M,0,0,N,11/17/2024
SKU-CRO-0019,Croptops,L,0,0,N,11/17/2024
SKU-PAN-0020,Pants,S,0,0,N,11/17/2024
SKU-PAN-0021,Pants,XL,0,0,N,11/17/2024
SKU-PAN-0022,Pants,XXL,0,0,N,11/17/2024
SKU-SHO-0023,Shorts,S,0,0,N,11/17/2024
SKU-SHI-0024,Shirts,XL,0,0,N,11/17/2024
SKU-JAC-0025,Jackets,M,0,0,N,11/17/2024
SKU-PAN-0026,Pants,XS,0,0,N,11/17/2024
SKU-JAC-0027,Jackets,XXL,0,0,N,11/17/2024
SKU-PAN-0028,Pants,S,0,0,N,11/17/2024
SKU-TSH-0029,Tshirts,L,0,0,N,11/17/2024
SKU-CRO-0030,Croptops,L,0,0,N,11/17/2024
SKU-JAC-0031,Jackets,XXL,0,0,N,11/17/2024
SKU-TSH-0032,Tshirts,XXL,0,0,N,11/17/2024
SKU-SHO-0033,Shorts,XXL,0,0,N,11/17/2024
SKU-PAN-0034,Pants,XS,0,0,N,11/17/2024
SKU-CRO-0035,Croptops,XXL,0,0,N,11/17/2024
SKU-SHI-0036,Shirts,XL,2,7.5,N,11/17/2024
SKU-CRO-0037,Croptops,XXL,0,0,N,11/17/2024
SKU-CRO-0038,Croptops,XL,0,0,N,11/17/2024
SKU-SHO-0039,Shorts,XXL,0,0,N,11/17/2024
SKU-SHO-0040,Shorts,XL,0,0,N,11/17/2024
SKU-TSH-0041,Tshirts,M,26,156,N,11/17/2024
SKU-CRO-0042,Croptops,M,0,0,N,11/17/2024
SKU-CRO-0043,Croptops,L,0,0,N,11/17/2024
SKU-JAC-0044,Jackets,XS,0,0,N,11/17/2024
SKU-SHI-0045,Shirts,M,11,110,N,11/17/2024
SKU-JAC-0046,Jackets,M,12,72,N,11/17/2024
SKU-PAN-0047,Pants,S,0,0,N,11/17/2024
SKU-CRO-0048,Croptops,L,0,0,N,11/17/2024
SKU-TSH-0049,Tshirts,XXL,20,300,N,11/17/2024
SKU-SHO-0050,Shorts,XL,24,180,N,11/17/2024
SKU-SHI-0051,Shirts,S,0,0,N,11/17/2024
SKU-SHI-0052,Shirts,L,0,999,N,11/17/2024
SKU-JAC-0053,Jackets,L,0,0,N,11/17/2024
SKU-SHI-0054,Shirts,XXL,0,0,N,11/17/2024
SKU-JAC-0055,Jackets,S,20,150,N,11/17/2024
SKU-SHI-0001,Shirts,XXL,0,0,N,11/24/2024
SKU-PAN-0002,Pants,S,0,0,N,11/24/2024
SKU-SHI-0003,Shirts,XS,0,0,N,11/24/2024
SKU-TSH-0004,Tshirts,M,0,0,N,11/24/2024
SKU-CRO-0005,Croptops,XL,0,0,N,11/24/2024
SKU-SHI-0006,Shirts,L,0,0,N,11/24/2024
SKU-CRO-0007,Croptops,XL,0,0,N,11/24/2024
SKU-PAN-0008,Pants,M,0,0,N,11/24/2024
SKU-PAN-0009,Pants,XS,0,0,N,11/24/2024
SKU-TSH-0010,Tshirts,L,0,0,N,11/24/2024
SKU-SHO-0011,Shorts,L,0,0,N,11/24/2024
SKU-TSH-0012,Tshirts,XS,0,0,N,11/24/2024
SKU-SHI-0013,Shirts,M,0,0,N,11/24/2024
SKU-CRO-0014,Croptops,XS,0,0,N,11/24/2024
SKU-SHI-0015,Shirts,S,0,0,N,11/24/2024
SKU-PAN-0016,Pants,M,0,0,N,11/24/2024
SKU-SHI-0017,Shirts,XXL,0,0,N,11/24/2024
SKU-PAN-0018,Pants,XL,0,0,N,11/24/2024
SKU-CRO-0019,Croptops,S,0,0,N,11/24/2024
SKU-PAN-0020,Pants,M,0,0,N,11/24/2024
SKU-PAN-0021,Pants,L,0,0,N,11/24/2024
SKU-PAN-0022,Pants,XS,0,0,N,11/24/2024
SKU-SHO-0023,Shorts,XL,0,0,N,11/24/2024
SKU-SHI-0024,Shirts,XS,0,0,N,11/24/2024
SKU-JAC-0025,Jackets,L,0,0,N,11/24/2024
SKU-PAN-0026,Pants,XL,0,0,N,11/24/2024
SKU-JAC-0027,Jackets,XL,0,0,N,11/24/2024
SKU-PAN-0028,Pants,XS,0,0,N,11/24/2024
SKU-TSH-0029,Tshirts,S,0,0,N,11/24/2024
SKU-CRO-0030,Croptops,M,0,0,N,11/24/2024
SKU-JAC-0031,Jackets,XXL,0,0,N,11/24/2024
SKU-TSH-0032,Tshirts,S,0,0,N,11/24/2024
SKU-SHO-0033,Shorts,XS,0,0,N,11/24/2024
SKU-PAN-0034,Pants,XS,0,0,N,11/24/2024
SKU-CRO-0035,Croptops,XL,0,0,N,11/24/2024
SKU-SHI-0036,Shirts,XS,2,60,N,11/24/2024
SKU-CRO-0037,Croptops,L,0,0,N,11/24/2024
SKU-CRO-0038,Croptops,M,0,0,N,11/24/2024
SKU-SHO-0039,Shorts,L,0,0,N,11/24/2024
SKU-SHO-0040,Shorts,XS,0,0,N,11/24/2024
SKU-TSH-0041,Tshirts,XL,23,98.6,N,11/24/2024
SKU-CRO-0042,Croptops,L,0,0,N,11/24/2024
SKU-CRO-0043,Croptops,L,0,0,N,11/24/2024
SKU-JAC-0044,Jackets,XS,0,0,N,11/24/2024
SKU-SHI-0045,Shirts,XL,9,67.5,N,11/24/2024
SKU-JAC-0046,Jackets,XS,11,55,N,11/24/2024
SKU-PAN-0047,Pants,M,0,0,N,11/24/2024
SKU-CRO-0048,Croptops,S,0,0,N,11/24/2024
SKU-TSH-0049,Tshirts,XS,20,300,N,11/24/2024
SKU-SHO-0050,Shorts,XXL,24,180,N,11/24/2024
SKU-SHI-0051,Shirts,L,0,0,N,11/24/2024
SKU-SHI-0052,Shirts,M,0,0,N,11/24/2024
SKU-JAC-0053,Jackets,XXL,0,0,N,11/24/2024
SKU-SHI-0054,Shirts,XS,0,0,N,11/24/2024
SKU-JAC-0055,Jackets,L,20,200,N,11/24/2024
SKU-SHI-0001,Shirts,L,0,0,N,12/1/2024
SKU-PAN-0002,Pants,L,0,0,N,12/1/2024
SKU-SHI-0003,Shirts,M,0,0,N,12/1/2024
SKU-TSH-0004,Tshirts,L,0,0,N,12/1/2024
SKU-CRO-0005,Croptops,L,0,0,N,12/1/2024
SKU-SHI-0006,Shirts,XS,0,0,N,12/1/2024
SKU-CRO-0007,Croptops,M,0,0,N,12/1/2024
SKU-PAN-0008,Pants,XS,0,0,N,12/1/2024
SKU-PAN-0009,Pants,XS,0,0,N,12/1/2024
SKU-TSH-0010,Tshirts,XL,0,0,N,12/1/2024
SKU-SHO-0011,Shorts,S,0,0,N,12/1/2024
SKU-TSH-0012,Tshirts,M,0,0,N,12/1/2024
SKU-SHI-0013,Shirts,XL,0,0,N,12/1/2024
SKU-CRO-0014,Croptops,XS,0,0,N,12/1/2024
SKU-SHI-0015,Shirts,XL,0,0,N,12/1/2024
SKU-PAN-0016,Pants,M,0,0,N,12/1/2024
SKU-SHI-0017,Shirts,XXL,0,0,N,12/1/2024
SKU-PAN-0018,Pants,XL,0,0,N,12/1/2024
SKU-CRO-0019,Croptops,L,0,0,N,12/1/2024
SKU-PAN-0020,Pants,XS,0,0,N,12/1/2024
SKU-PAN-0021,Pants,S,0,0,N,12/1/2024
SKU-PAN-0022,Pants,M,0,0,N,12/1/2024
SKU-SHO-0023,Shorts,L,0,0,N,12/1/2024
SKU-SHI-0024,Shirts,XS,0,0,N,12/1/2024
SKU-JAC-0025,Jackets,S,0,0,N,12/1/2024
SKU-PAN-0026,Pants,XS,0,0,N,12/1/2024
SKU-JAC-0027,Jackets,L,0,0,N,12/1/2024
SKU-PAN-0028,Pants,XL,0,0,N,12/1/2024
SKU-TSH-0029,Tshirts,L,0,0,N,12/1/2024
SKU-CRO-0030,Croptops,XS,0,0,N,12/1/2024
SKU-JAC-0031,Jackets,XL,0,0,N,12/1/2024
SKU-TSH-0032,Tshirts,XS,0,0,N,12/1/2024
SKU-SHO-0033,Shorts,XS,0,0,N,12/1/2024
SKU-PAN-0034,Pants,M,0,0,N,12/1/2024
SKU-CRO-0035,Croptops,XL,0,0,N,12/1/2024
SKU-SHI-0036,Shirts,XL,1,30,N,12/1/2024
SKU-CRO-0037,Croptops,XL,0,0,N,12/1/2024
SKU-CRO-0038,Croptops,L,0,0,N,12/1/2024
SKU-SHO-0039,Shorts,XXL,0,0,N,12/1/2024
SKU-SHO-0040,Shorts,XS,0,0,N,12/1/2024
SKU-TSH-0041,Tshirts,S,23,115,N,12/1/2024
SKU-CRO-0042,Croptops,S,0,0,N,12/1/2024
SKU-CRO-0043,Croptops,XS,0,0,N,12/1/2024
SKU-JAC-0044,Jackets,XXL,0,0,N,12/1/2024
SKU-SHI-0045,Shirts,XL,9,135,N,12/1/2024
SKU-JAC-0046,Jackets,XXL,11,55,N,12/1/2024
SKU-PAN-0047,Pants,XXL,0,0,N,12/1/2024
SKU-CRO-0048,Croptops,S,0,0,N,12/1/2024
SKU-TSH-0049,Tshirts,XS,20,300,N,12/1/2024
SKU-SHO-0050,Shorts,L,24,180,N,12/1/2024
SKU-SHI-0051,Shirts,XL,0,0,N,12/1/2024
SKU-SHI-0052,Shirts,XL,0,0,N,12/1/2024
SKU-JAC-0053,Jackets,XS,0,999,N,12/1/2024
SKU-SHI-0054,Shirts,S,0,0,N,12/1/2024
SKU-JAC-0055,Jackets,M,20,300,N,12/1/2024
SKU-SHI-0001,Shirts,S,0,0,N,12/8/2024
SKU-PAN-0002,Pants,L,0,0,N,12/8/2024
SKU-SHI-0003,Shirts,L,0,0,N,12/8/2024
SKU-TSH-0004,Tshirts,XS,0,0,N,12/8/2024
SKU-CRO-0005,Croptops,S,0,0,N,12/8/2024
SKU-SHI-0006,Shirts,XXL,0,0,N,12/8/2024
SKU-CRO-0007,Croptops,XS,0,0,N,12/8/2024
SKU-PAN-0008,Pants,XS,0,0,N,12/8/2024
SKU-PAN-0009,Pants,XS,0,0,N,12/8/2024
SKU-TSH-0010,Tshirts,XXL,0,0,N,12/8/2024
SKU-SHO-0011,Shorts,XS,0,0,N,12/8/2024
SKU-TSH-0012,Tshirts,XS,0,0,N,12/8/2024
SKU-SHI-0013,Shirts,XS,0,0,N,12/8/2024
SKU-CRO-0014,Croptops,XS,0,0,N,12/8/2024
SKU-SHI-0015,Shirts,M,0,0,N,12/8/2024
SKU-PAN-0016,Pants,XXL,0,0,N,12/8/2024
SKU-SHI-0017,Shirts,XL,0,0,N,12/8/2024
SKU-PAN-0018,Pants,XS,0,0,N,12/8/2024
SKU-CRO-0019,Croptops,XL,0,0,N,12/8/2024
SKU-PAN-0020,Pants,XS,0,0,N,12/8/2024
SKU-PAN-0021,Pants,XXL,0,0,N,12/8/2024
SKU-PAN-0022,Pants,L,0,0,N,12/8/2024
SKU-SHO-0023,Shorts,XS,0,0,N,12/8/2024
SKU-SHI-0024,Shirts,XL,0,0,N,12/8/2024
SKU-JAC-0025,Jackets,XL,0,0,N,12/8/2024
SKU-PAN-0026,Pants,XS,0,0,N,12/8/2024
SKU-JAC-0027,Jackets,XL,0,0,N,12/8/2024
SKU-PAN-0028,Pants,XXL,0,0,N,12/8/2024
SKU-TSH-0029,Tshirts,XXL,0,0,N,12/8/2024
SKU-CRO-0030,Croptops,S,0,0,N,12/8/2024
SKU-JAC-0031,Jackets,S,0,0,N,12/8/2024
SKU-TSH-0032,Tshirts,S,0,0,N,12/8/2024
SKU-SHO-0033,Shorts,XL,0,0,N,12/8/2024
SKU-PAN-0034,Pants,L,0,0,N,12/8/2024
SKU-CRO-0035,Croptops,XS,0,0,N,12/8/2024
SKU-SHI-0036,Shirts,XXL,0,0,N,12/8/2024
SKU-CRO-0037,Croptops,S,0,0,N,12/8/2024
SKU-CRO-0038,Croptops,S,0,0,N,12/8/2024
SKU-SHO-0039,Shorts,L,0,0,N,12/8/2024
SKU-SHO-0040,Shorts,L,0,0,N,12/8/2024
SKU-TSH-0041,Tshirts,M,21,78.8,N,12/8/2024
SKU-CRO-0042,Croptops,XS,0,0,N,12/8/2024
SKU-CRO-0043,Croptops,XS,0,0,N,12/8/2024
SKU-JAC-0044,Jackets,M,0,0,N,12/8/2024
SKU-SHI-0045,Shirts,XL,8,80,N,12/8/2024
SKU-JAC-0046,Jackets,S,10,75,N,12/8/2024
SKU-PAN-0047,Pants,S,0,0,N,12/8/2024
SKU-CRO-0048,Croptops,M,0,0,N,12/8/2024
SKU-TSH-0049,Tshirts,M,18,270,N,12/8/2024
SKU-SHO-0050,Shorts,M,24,360,N,12/8/2024
SKU-SHI-0051,Shirts,XL,0,0,N,12/8/2024
SKU-SHI-0052,Shirts,L,0,0,N,12/8/2024
SKU-JAC-0053,Jackets,M,0,0,N,12/8/2024
SKU-SHI-0054,Shirts,S,0,0,N,12/8/2024
SKU-JAC-0055,Jackets,XS,18,180,N,12/8/2024
SKU-SHI-0001,Shirts,XS,0,0,N,12/15/2024
SKU-PAN-0002,Pants,XS,0,0,N,12/15/2024
SKU-SHI-0003,Shirts,XS,0,0,N,12/15/2024
SKU-TSH-0004,Tshirts,L,0,0,N,12/15/2024
SKU-CRO-0005,Croptops,S,0,0,N,12/15/2024
SKU-SHI-0006,Shirts,XS,0,0,N,12/15/2024
SKU-CRO-0007,Croptops,M,0,0,N,12/15/2024
SKU-PAN-0008,Pants,XL,0,0,N,12/15/2024
SKU-PAN-0009,Pants,XL,0,0,N,12/15/2024
SKU-TSH-0010,Tshirts,S,0,0,N,12/15/2024
SKU-SHO-0011,Shorts,XXL,0,0,N,12/15/2024
SKU-TSH-0012,Tshirts,XS,0,0,N,12/15/2024
SKU-SHI-0013,Shirts,S,0,0,N,12/15/2024
SKU-CRO-0014,Croptops,XL,0,0,N,12/15/2024
SKU-SHI-0015,Shirts,XL,0,0,N,12/15/2024
SKU-PAN-0016,Pants,M,0,0,N,12/15/2024
SKU-SHI-0017,Shirts,XL,0,0,N,12/15/2024
SKU-PAN-0018,Pants,XXL,0,0,N,12/15/2024
SKU-CRO-0019,Croptops,XL,0,0,N,12/15/2024
SKU-PAN-0020,Pants,XXL,0,0,N,12/15/2024
SKU-PAN-0021,Pants,L,0,0,N,12/15/2024
SKU-PAN-0022,Pants,M,0,0,N,12/15/2024
SKU-SHO-0023,Shorts,XS,0,0,N,12/15/2024
SKU-SHI-0024,Shirts,XXL,0,0,N,12/15/2024
SKU-JAC-0025,Jackets,XS,0,0,N,12/15/2024
SKU-PAN-0026,Pants,M,0,0,N,12/15/2024
SKU-JAC-0027,Jackets,M,0,0,N,12/15/2024
SKU-PAN-0028,Pants,XS,0,0,N,12/15/2024
SKU-TSH-0029,Tshirts,XL,0,0,N,12/15/2024
SKU-CRO-0030,Croptops,XS,0,0,N,12/15/2024
SKU-JAC-0031,Jackets,M,0,0,N,12/15/2024
SKU-TSH-0032,Tshirts,XL,0,0,N,12/15/2024
SKU-SHO-0033,Shorts,M,0,0,N,12/15/2024
SKU-PAN-0034,Pants,L,0,0,N,12/15/2024
SKU-CRO-0035,Croptops,L,0,0,N,12/15/2024
SKU-SHI-0036,Shirts,S,0,0,N,12/15/2024
SKU-CRO-0037,Croptops,S,0,0,N,12/15/2024
SKU-CRO-0038,Croptops,M,0,0,N,12/15/2024
SKU-SHO-0039,Shorts,XXL,0,0,N,12/15/2024
SKU-SHO-0040,Shorts,XXL,0,0,N,12/15/2024
SKU-TSH-0041,Tshirts,XXL,21,105,N,12/15/2024
SKU-CRO-0042,Croptops,L,0,0,N,12/15/2024
SKU-CRO-0043,Croptops,S,0,0,N,12/15/2024
SKU-JAC-0044,Jackets,M,0,0,N,12/15/2024
SKU-SHI-0045,Shirts,L,7,52.5,N,12/15/2024
SKU-JAC-0046,Jackets,XXL,9,90,N,12/15/2024
SKU-PAN-0047,Pants,XL,0,0,N,12/15/2024
SKU-CRO-0048,Croptops,S,0,0,N,12/15/2024
SKU-TSH-0049,Tshirts,S,17,170,N,12/15/2024
SKU-SHO-0050,Shorts,XS,24,999,N,12/15/2024
SKU-SHI-0051,Shirts,XXL,0,0,N,12/15/2024
SKU-SHI-0052,Shirts,XL,0,0,N,12/15/2024
SKU-JAC-0053,Jackets,XXL,0,0,N,12/15/2024
SKU-SHI-0054,Shirts,S,0,0,N,12/15/2024
SKU-JAC-0055,Jackets,M,18,270,N,12/15/2024
SKU-SHI-0001,Shirts,XL,0,0,N,12/22/2024
SKU-PAN-0002,Pants,M,0,0,N,12/22/2024
SKU-SHI-0003,Shirts,M,0,0,N,12/22/2024
SKU-TSH-0004,Tshirts,XL,0,0,N,12/22/2024
SKU-CRO-0005,Croptops,XS,0,0,N,12/22/2024
SKU-SHI-0006,Shirts,XS,0,0,N,12/22/2024
SKU-CRO-0007,Croptops,M,0,0,N,12/22/2024
SKU-PAN-0008,Pants,L,0,0,N,12/22/2024
SKU-PAN-0009,Pants,M,0,0,N,12/22/2024
SKU-TSH-0010,Tshirts,XS,0,0,N,12/22/2024
SKU-SHO-0011,Shorts,S,0,0,N,12/22/2024
SKU-TSH-0012,Tshirts,XL,0,0,N,12/22/2024
SKU-SHI-0013,Shirts,XL,0,0,N,12/22/2024
SKU-CRO-0014,Croptops,M,0,0,N,12/22/2024
SKU-SHI-0015,Shirts,XXL,0,0,N,12/22/2024
SKU-PAN-0016,Pants,XXL,0,0,N,12/22/2024
SKU-SHI-0017,Shirts,XS,0,0,N,12/22/2024
SKU-PAN-0018,Pants,XXL,0,0,N,12/22/2024
SKU-CRO-0019,Croptops,S,0,0,N,12/22/2024
SKU-PAN-0020,Pants,S,0,0,N,12/22/2024
SKU-PAN-0021,Pants,S,0,0,N,12/22/2024
SKU-PAN-0022,Pants,XL,0,0,N,12/22/2024
SKU-SHO-0023,Shorts,S,0,0,N,12/22/2024
SKU-SHI-0024,Shirts,XL,0,0,N,12/22/2024
SKU-JAC-0025,Jackets,XS,0,0,N,12/22/2024
SKU-PAN-0026,Pants,XL,0,0,N,12/22/2024
SKU-JAC-0027,Jackets,S,0,0,N,12/22/2024
SKU-PAN-0028,Pants,XXL,0,0,N,12/22/2024
SKU-TSH-0029,Tshirts,XXL,0,0,N,12/22/2024
SKU-CRO-0030,Croptops,XXL,0,0,N,12/22/2024
SKU-JAC-0031,Jackets,M,0,0,N,12/22/2024
SKU-TSH-0032,Tshirts,S,0,0,N,12/22/2024
SKU-SHO-0033,Shorts,XXL,0,0,N,12/22/2024
SKU-PAN-0034,Pants,XXL,0,0,N,12/22/2024
SKU-CRO-0035,Croptops,L,0,0,N,12/22/2024
SKU-SHI-0036,Shirts,M,0,0,N,12/22/2024
SKU-CRO-0037,Croptops,XS,0,0,N,12/22/2024
SKU-CRO-0038,Croptops,XXL,0,0,N,12/22/2024
SKU-SHO-0039,Shorts,L,0,0,N,12/22/2024
SKU-SHO-0040,Shorts,L,0,0,N,12/22/2024
SKU-TSH-0041,Tshirts,XS,20,200,N,12/22/2024
SKU-CRO-0042,Croptops,L,0,0,N,12/22/2024
SKU-CRO-0043,Croptops,M,0,0,N,12/22/2024
SKU-JAC-0044,Jackets,XL,0,0,N,12/22/2024
SKU-SHI-0045,Shirts,M,5,37.5,N,12/22/2024
SKU-JAC-0046,Jackets,XL,8,80,N,12/22/2024
SKU-PAN-0047,Pants,XL,0,0,N,12/22/2024
SKU-CRO-0048,Croptops,XS,0,0,N,12/22/2024
SKU-TSH-0049,Tshirts,XS,17,170,N,12/22/2024
SKU-SHO-0050,Shorts,XL,24,999,N,12/22/2024
SKU-SHI-0051,Shirts,XL,0,0,N,12/22/2024
SKU-SHI-0052,Shirts,XL,0,0,N,12/22/2024
SKU-JAC-0053,Jackets,XS,0,0,N,12/22/2024
SKU-SHI-0054,Shirts,S,0,0,N,12/22/2024
SKU-JAC-0055,Jackets,XS,16,120,N,12/22/2024
SKU-SHI-0001,Shirts,M,0,0,N,12/29/2024
SKU-PAN-0002,Pants,L,0,0,N,12/29/2024
SKU-SHI-0003,Shirts,XL,0,0,N,12/29/2024
SKU-TSH-0004,Tshirts,L,0,0,N,12/29/2024
SKU-CRO-0005,Croptops,M,0,0,N,12/29/2024
SKU-SHI-0006,Shirts,M,0,0,N,12/29/2024
SKU-CRO-0007,Croptops,L,0,0,N,12/29/2024
SKU-PAN-0008,Pants,L,0,0,N,12/29/2024
SKU-PAN-0009,Pants,L,0,0,N,12/29/2024
SKU-TSH-0010,Tshirts,L,0,0,N,12/29/2024
SKU-SHO-0011,Shorts,XS,0,0,N,12/29/2024
SKU-TSH-0012,Tshirts,L,0,0,N,12/29/2024
SKU-SHI-0013,Shirts,XS,0,0,N,12/29/2024
SKU-CRO-0014,Croptops,L,0,0,N,12/29/2024
SKU-SHI-0015,Shirts,XXL,0,0,N,12/29/2024
SKU-PAN-0016,Pants,XXL,0,0,N,12/29/2024
SKU-SHI-0017,Shirts,M,0,0,N,12/29/2024
SKU-PAN-0018,Pants,M,0,0,N,12/29/2024
SKU-CRO-0019,Croptops,M,0,0,N,12/29/2024
SKU-PAN-0020,Pants,XL,0,0,N,12/29/2024
SKU-PAN-0021,Pants,L,0,0,N,12/29/2024
SKU-PAN-0022,Pants,XL,0,0,N,12/29/2024
SKU-SHO-0023,Shorts,M,0,0,N,12/29/2024
SKU-SHI-0024,Shirts,L,0,0,N,12/29/2024
SKU-JAC-0025,Jackets,S,0,0,N,12/29/2024
SKU-PAN-0026,Pants,M,0,0,N,12/29/2024
SKU-JAC-0027,Jackets,XXL,0,0,N,12/29/2024
SKU-PAN-0028,Pants,XL,0,0,N,12/29/2024
SKU-TSH-0029,Tshirts,L,0,0,N,12/29/2024
SKU-CRO-0030,Croptops,XL,0,0,N,12/29/2024
SKU-JAC-0031,Jackets,M,0,0,N,12/29/2024
SKU-TSH-0032,Tshirts,M,0,0,N,12/29/2024
SKU-SHO-0033,Shorts,S,0,0,N,12/29/2024
SKU-PAN-0034,Pants,L,0,0,N,12/29/2024
SKU-CRO-0035,Croptops,M,0,0,N,12/29/2024
SKU-SHI-0036,Shirts,S,0,0,N,12/29/2024
SKU-CRO-0037,Croptops,M,0,0,N,12/29/2024
SKU-CRO-0038,Croptops,XXL,0,0,N,12/29/2024
SKU-SHO-0039,Shorts,L,0,0,N,12/29/2024
SKU-SHO-0040,Shorts,XXL,0,0,N,12/29/2024
SKU-TSH-0041,Tshirts,M,20,200,N,12/29/2024
SKU-CRO-0042,Croptops,S,0,0,N,12/29/2024
SKU-CRO-0043,Croptops,L,0,0,N,12/29/2024
SKU-JAC-0044,Jackets,S,0,0,N,12/29/2024
SKU-SHI-0045,Shirts,XS,4,24,N,12/29/2024
SKU-JAC-0046,Jackets,XS,6,36,N,12/29/2024
SKU-PAN-0047,Pants,XXL,0,0,N,12/29/2024
SKU-CRO-0048,Croptops,XS,0,0,N,12/29/2024
SKU-TSH-0049,Tshirts,XS,17,170,N,12/29/2024
SKU-SHO-0050,Shorts,XS,24,999,N,12/29/2024
SKU-SHI-0051,Shirts,XXL,0,0,N,12/29/2024
SKU-SHI-0052,Shirts,XXL,0,0,N,12/29/2024
SKU-JAC-0053,Jackets,XXL,0,0,N,12/29/2024
SKU-SHI-0054,Shirts,XL,0,0,N,12/29/2024
SKU-JAC-0055,Jackets,XL,16,120,N,12/29/2024
SKU-SHI-0001,Shirts,L,0,0,N,1/5/2025
SKU-PAN-0002,Pants,XL,0,0,N,1/5/2025
SKU-SHI-0003,Shirts,XS,0,0,N,1/5/2025
SKU-TSH-0004,Tshirts,XS,0,0,N,1/5/2025
SKU-CRO-0005,Croptops,S,0,0,N,1/5/2025
SKU-SHI-0006,Shirts,M,0,0,N,1/5/2025
SKU-CRO-0007,Croptops,XS,0,0,N,1/5/2025
SKU-PAN-0008,Pants,XL,0,0,N,1/5/2025
SKU-PAN-0009,Pants,M,0,0,N,1/5/2025
SKU-TSH-0010,Tshirts,M,0,0,N,1/5/2025
SKU-SHO-0011,Shorts,XXL,0,0,N,1/5/2025
SKU-TSH-0012,Tshirts,M,0,0,N,1/5/2025
SKU-SHI-0013,Shirts,XXL,0,0,N,1/5/2025
SKU-CRO-0014,Croptops,S,0,0,N,1/5/2025
SKU-SHI-0015,Shirts,XXL,0,0,N,1/5/2025
SKU-PAN-0016,Pants,XXL,0,0,N,1/5/2025
SKU-SHI-0017,Shirts,L,0,0,N,1/5/2025
SKU-PAN-0018,Pants,M,0,0,N,1/5/2025
SKU-CRO-0019,Croptops,XS,0,0,N,1/5/2025
SKU-PAN-0020,Pants,XXL,0,0,N,1/5/2025
SKU-PAN-0021,Pants,XL,0,0,N,1/5/2025
SKU-PAN-0022,Pants,XS,0,0,N,1/5/2025
SKU-SHO-0023,Shorts,XS,0,0,N,1/5/2025
SKU-SHI-0024,Shirts,XL,0,0,N,1/5/2025
SKU-JAC-0025,Jackets,XS,0,0,N,1/5/2025
SKU-PAN-0026,Pants,XL,0,0,N,1/5/2025
SKU-JAC-0027,Jackets,XXL,0,0,N,1/5/2025
SKU-PAN-0028,Pants,S,0,0,N,1/5/2025
SKU-TSH-0029,Tshirts,XS,0,0,N,1/5/2025
SKU-CRO-0030,Croptops,XL,0,0,N,1/5/2025
SKU-JAC-0031,Jackets,XXL,0,0,N,1/5/2025
SKU-TSH-0032,Tshirts,L,0,0,N,1/5/2025
SKU-SHO-0033,Shorts,L,0,0,N,1/5/2025
SKU-PAN-0034,Pants,L,0,0,N,1/5/2025
SKU-CRO-0035,Croptops,M,0,0,N,1/5/2025
SKU-SHI-0036,Shirts,L,0,0,N,1/5/2025
SKU-CRO-0037,Croptops,L,0,0,N,1/5/2025
SKU-CRO-0038,Croptops,XXL,0,0,N,1/5/2025
SKU-SHO-0039,Shorts,XS,0,0,N,1/5/2025
SKU-SHO-0040,Shorts,XL,0,0,N,1/5/2025
SKU-TSH-0041,Tshirts,L,19,285,N,1/5/2025
SKU-CRO-0042,Croptops,XL,0,0,N,1/5/2025
SKU-CRO-0043,Croptops,XS,0,0,N,1/5/2025
SKU-JAC-0044,Jackets,S,0,0,N,1/5/2025
SKU-SHI-0045,Shirts,XXL,3,18,N,1/5/2025
SKU-JAC-0046,Jackets,XXL,3,12.9,N,1/5/2025
SKU-PAN-0047,Pants,XXL,0,0,N,1/5/2025
SKU-CRO-0048,Croptops,XS,0,0,N,1/5/2025
SKU-TSH-0049,Tshirts,XXL,17,255,N,1/5/2025
SKU-SHO-0050,Shorts,L,24,999,N,1/5/2025
SKU-SHI-0051,Shirts,XXL,0,0,N,1/5/2025
SKU-SHI-0052,Shirts,XS,0,0,N,1/5/2025
SKU-JAC-0053,Jackets,XL,0,0,N,1/5/2025
SKU-SHI-0054,Shirts,M,0,0,N,1/5/2025
SKU-JAC-0055,Jackets,XXL,15,112.5,N,1/5/2025
SKU-SHI-0001,Shirts,XL,0,0,N,1/12/2025
SKU-PAN-0002,Pants,L,0,0,N,1/12/2025
SKU-SHI-0003,Shirts,XS,0,0,N,1/12/2025
SKU-TSH-0004,Tshirts,XL,0,0,N,1/12/2025
SKU-CRO-0005,Croptops,XL,0,0,N,1/12/2025
SKU-SHI-0006,Shirts,XS,0,0,N,1/12/2025
SKU-CRO-0007,Croptops,XL,0,0,N,1/12/2025
SKU-PAN-0008,Pants,S,0,0,N,1/12/2025
SKU-PAN-0009,Pants,M,0,0,N,1/12/2025
SKU-TSH-0010,Tshirts,XXL,0,0,N,1/12/2025
SKU-SHO-0011,Shorts,S,0,0,N,1/12/2025
SKU-TSH-0012,Tshirts,XS,0,0,N,1/12/2025
SKU-SHI-0013,Shirts,L,0,0,N,1/12/2025
SKU-CRO-0014,Croptops,M,0,0,N,1/12/2025
SKU-SHI-0015,Shirts,S,0,0,N,1/12/2025
SKU-PAN-0016,Pants,S,0,0,N,1/12/2025
SKU-SHI-0017,Shirts,S,0,0,N,1/12/2025
SKU-PAN-0018,Pants,L,0,0,N,1/12/2025
SKU-CRO-0019,Croptops,XS,0,0,N,1/12/2025
SKU-PAN-0020,Pants,S,0,0,N,1/12/2025
SKU-PAN-0021,Pants,L,0,0,N,1/12/2025
SKU-PAN-0022,Pants,S,0,0,N,1/12/2025
SKU-SHO-0023,Shorts,S,0,0,N,1/12/2025
SKU-SHI-0024,Shirts,XXL,0,0,N,1/12/2025
SKU-JAC-0025,Jackets,XXL,0,0,N,1/12/2025
SKU-PAN-0026,Pants,XL,0,0,N,1/12/2025
SKU-JAC-0027,Jackets,S,0,0,N,1/12/2025
SKU-PAN-0028,Pants,L,0,0,N,1/12/2025
SKU-TSH-0029,Tshirts,XXL,0,0,N,1/12/2025
SKU-CRO-0030,Croptops,XS,0,0,N,1/12/2025
SKU-JAC-0031,Jackets,M,0,0,N,1/12/2025
SKU-TSH-0032,Tshirts,XS,0,0,N,1/12/2025
SKU-SHO-0033,Shorts,M,0,0,N,1/12/2025
SKU-PAN-0034,Pants,M,0,0,N,1/12/2025
SKU-CRO-0035,Croptops,S,0,0,N,1/12/2025
SKU-SHI-0036,Shirts,L,0,0,N,1/12/2025
SKU-CRO-0037,Croptops,M,0,0,N,1/12/2025
SKU-CRO-0038,Croptops,XS,0,0,N,1/12/2025
SKU-SHO-0039,Shorts,XS,0,0,N,1/12/2025
SKU-SHO-0040,Shorts,S,0,0,N,1/12/2025
SKU-TSH-0041,Tshirts,XL,19,285,N,1/12/2025
SKU-CRO-0042,Croptops,L,0,0,N,1/12/2025
SKU-CRO-0043,Croptops,M,0,0,N,1/12/2025
SKU-JAC-0044,Jackets,XL,0,0,N,1/12/2025
SKU-SHI-0045,Shirts,XS,1,5,N,1/12/2025
SKU-JAC-0046,Jackets,XS,3,12.9,N,1/12/2025
SKU-PAN-0047,Pants,L,0,0,N,1/12/2025
SKU-CRO-0048,Croptops,XS,0,0,N,1/12/2025
SKU-TSH-0049,Tshirts,S,16,240,N,1/12/2025
SKU-SHO-0050,Shorts,S,22,330,N,1/12/2025
SKU-SHI-0051,Shirts,XL,0,0,N,1/12/2025
SKU-SHI-0052,Shirts,S,0,999,N,1/12/2025
SKU-JAC-0053,Jackets,XXL,0,0,N,1/12/2025
SKU-SHI-0054,Shirts,XL,0,0,N,1/12/2025
SKU-JAC-0055,Jackets,M,15,150,N,1/12/2025
SKU-SHI-0001,Shirts,XS,0,0,N,1/19/2025
SKU-PAN-0002,Pants,XL,0,0,N,1/19/2025
SKU-SHI-0003,Shirts,M,0,0,N,1/19/2025
SKU-TSH-0004,Tshirts,M,0,0,N,1/19/2025
SKU-CRO-0005,Croptops,XXL,0,0,N,1/19/2025
SKU-SHI-0006,Shirts,S,0,0,N,1/19/2025
SKU-CRO-0007,Croptops,L,0,0,N,1/19/2025
SKU-PAN-0008,Pants,XS,0,0,N,1/19/2025
SKU-PAN-0009,Pants,XS,0,0,N,1/19/2025
SKU-TSH-0010,Tshirts,XS,0,0,N,1/19/2025
SKU-SHO-0011,Shorts,S,0,0,N,1/19/2025
SKU-TSH-0012,Tshirts,XL,0,0,N,1/19/2025
SKU-SHI-0013,Shirts,M,0,0,N,1/19/2025
SKU-CRO-0014,Croptops,L,0,0,N,1/19/2025
SKU-SHI-0015,Shirts,XXL,0,0,N,1/19/2025
SKU-PAN-0016,Pants,XS,0,0,N,1/19/2025
SKU-SHI-0017,Shirts,S,0,0,N,1/19/2025
SKU-PAN-0018,Pants,XL,0,0,N,1/19/2025
SKU-CRO-0019,Croptops,XS,0,0,N,1/19/2025
SKU-PAN-0020,Pants,XS,0,0,N,1/19/2025
SKU-PAN-0021,Pants,S,0,0,N,1/19/2025
SKU-PAN-0022,Pants,XS,0,0,N,1/19/2025
SKU-SHO-0023,Shorts,XXL,0,0,N,1/19/2025
SKU-SHI-0024,Shirts,L,0,0,N,1/19/2025
SKU-JAC-0025,Jackets,L,0,0,N,1/19/2025
SKU-PAN-0026,Pants,L,0,0,N,1/19/2025
SKU-JAC-0027,Jackets,M,0,0,N,1/19/2025
SKU-PAN-0028,Pants,L,0,0,N,1/19/2025
SKU-TSH-0029,Tshirts,S,0,0,N,1/19/2025
SKU-CRO-0030,Croptops,M,0,0,N,1/19/2025
SKU-JAC-0031,Jackets,S,0,0,N,1/19/2025
SKU-TSH-0032,Tshirts,XS,0,0,N,1/19/2025
SKU-SHO-0033,Shorts,XXL,0,0,N,1/19/2025
SKU-PAN-0034,Pants,XL,0,0,N,1/19/2025
SKU-CRO-0035,Croptops,XXL,0,0,N,1/19/2025
SKU-SHI-0036,Shirts,M,0,0,N,1/19/2025
SKU-CRO-0037,Croptops,S,0,999,N,1/19/2025
SKU-CRO-0038,Croptops,L,0,0,N,1/19/2025
SKU-SHO-0039,Shorts,XXL,0,0,N,1/19/2025
SKU-SHO-0040,Shorts,XXL,0,0,N,1/19/2025
SKU-TSH-0041,Tshirts,S,16,96,N,1/19/2025
SKU-CRO-0042,Croptops,XS,0,0,N,1/19/2025
SKU-CRO-0043,Croptops,XS,0,0,N,1/19/2025
SKU-JAC-0044,Jackets,XXL,0,0,N,1/19/2025
SKU-SHI-0045,Shirts,XXL,0,0,N,1/19/2025
SKU-JAC-0046,Jackets,M,3,15,N,1/19/2025
SKU-PAN-0047,Pants,M,0,0,N,1/19/2025
SKU-CRO-0048,Croptops,XS,0,0,N,1/19/2025
SKU-TSH-0049,Tshirts,XL,16,480,N,1/19/2025
SKU-SHO-0050,Shorts,M,21,210,N,1/19/2025
SKU-SHI-0051,Shirts,L,0,0,N,1/19/2025
SKU-SHI-0052,Shirts,XL,0,0,N,1/19/2025
SKU-JAC-0053,Jackets,L,0,0,N,1/19/2025
SKU-SHI-0054,Shirts,M,0,0,N,1/19/2025
SKU-JAC-0055,Jackets,S,15,450,N,1/19/2025
SKU-SHI-0001,Shirts,S,0,0,N,1/26/2025
SKU-PAN-0002,Pants,XS,0,0,N,1/26/2025
SKU-SHI-0003,Shirts,L,0,0,N,1/26/2025
SKU-TSH-0004,Tshirts,M,0,0,N,1/26/2025
SKU-CRO-0005,Croptops,XS,0,0,N,1/26/2025
SKU-SHI-0006,Shirts,XS,0,0,N,1/26/2025
SKU-CRO-0007,Croptops,XS,0,0,N,1/26/2025
SKU-PAN-0008,Pants,XS,0,0,N,1/26/2025
SKU-PAN-0009,Pants,XXL,0,0,N,1/26/2025
SKU-TSH-0010,Tshirts,L,0,0,N,1/26/2025
SKU-SHO-0011,Shorts,M,0,0,N,1/26/2025
SKU-TSH-0012,Tshirts,M,0,0,N,1/26/2025
SKU-SHI-0013,Shirts,XXL,0,0,N,1/26/2025
SKU-CRO-0014,Croptops,M,0,0,N,1/26/2025
SKU-SHI-0015,Shirts,S,0,0,N,1/26/2025
SKU-PAN-0016,Pants,XXL,0,0,N,1/26/2025
SKU-SHI-0017,Shirts,S,0,0,N,1/26/2025
SKU-PAN-0018,Pants,S,0,0,N,1/26/2025
SKU-CRO-0019,Croptops,S,0,0,N,1/26/2025
SKU-PAN-0020,Pants,M,0,0,N,1/26/2025
SKU-PAN-0021,Pants,XXL,0,0,N,1/26/2025
SKU-PAN-0022,Pants,XS,0,0,N,1/26/2025
SKU-SHO-0023,Shorts,M,0,0,N,1/26/2025
SKU-SHI-0024,Shirts,S,0,0,N,1/26/2025
SKU-JAC-0025,Jackets,S,0,0,N,1/26/2025
SKU-PAN-0026,Pants,XXL,0,0,N,1/26/2025
SKU-JAC-0027,Jackets,XXL,0,0,N,1/26/2025
SKU-PAN-0028,Pants,S,0,0,N,1/26/2025
SKU-TSH-0029,Tshirts,S,0,0,N,1/26/2025
SKU-CRO-0030,Croptops,L,0,0,N,1/26/2025
SKU-JAC-0031,Jackets,M,0,0,N,1/26/2025
SKU-TSH-0032,Tshirts,XL,0,0,N,1/26/2025
SKU-SHO-0033,Shorts,S,0,0,N,1/26/2025
SKU-PAN-0034,Pants,XL,0,0,N,1/26/2025
SKU-CRO-0035,Croptops,XL,0,0,N,1/26/2025
SKU-SHI-0036,Shirts,S,0,0,N,1/26/2025
SKU-CRO-0037,Croptops,XS,0,0,N,1/26/2025
SKU-CRO-0038,Croptops,XL,0,0,N,1/26/2025
SKU-SHO-0039,Shorts,L,0,0,N,1/26/2025
SKU-SHO-0040,Shorts,XS,0,0,N,1/26/2025
SKU-TSH-0041,Tshirts,XL,16,120,N,1/26/2025
SKU-CRO-0042,Croptops,L,0,0,N,1/26/2025
SKU-CRO-0043,Croptops,XL,0,0,N,1/26/2025
SKU-JAC-0044,Jackets,S,0,0,N,1/26/2025
SKU-SHI-0045,Shirts,S,0,0,N,1/26/2025
SKU-JAC-0046,Jackets,XL,3,30,N,1/26/2025
SKU-PAN-0047,Pants,L,0,0,N,1/26/2025
SKU-CRO-0048,Croptops,XXL,0,0,N,1/26/2025
SKU-TSH-0049,Tshirts,L,13,97.5,N,1/26/2025
SKU-SHO-0050,Shorts,L,20,150,N,1/26/2025
SKU-SHI-0051,Shirts,M,0,0,N,1/26/2025
SKU-SHI-0052,Shirts,XXL,0,0,N,1/26/2025
SKU-JAC-0053,Jackets,M,0,0,N,1/26/2025
SKU-SHI-0054,Shirts,M,0,0,N,1/26/2025
SKU-JAC-0055,Jackets,L,15,450,N,1/26/2025
SKU-SHI-0001,Shirts,XL,0,0,N,2/2/2025
SKU-PAN-0002,Pants,L,0,0,N,2/2/2025
SKU-SHI-0003,Shirts,XL,0,0,N,2/2/2025
SKU-TSH-0004,Tshirts,XXL,0,0,N,2/2/2025
SKU-CRO-0005,Croptops,S,0,0,N,2/2/2025
SKU-SHI-0006,Shirts,M,0,0,N,2/2/2025
SKU-CRO-0007,Croptops,S,0,0,N,2/2/2025
SKU-PAN-0008,Pants,S,0,0,N,2/2/2025
SKU-PAN-0009,Pants,XS,0,0,N,2/2/2025
SKU-TSH-0010,Tshirts,S,0,0,N,2/2/2025
SKU-SHO-0011,Shorts,M,0,0,N,2/2/2025
SKU-TSH-0012,Tshirts,XS,0,0,N,2/2/2025
SKU-SHI-0013,Shirts,XS,0,0,N,2/2/2025
SKU-CRO-0014,Croptops,XS,0,0,N,2/2/2025
SKU-SHI-0015,Shirts,L,0,0,N,2/2/2025
SKU-PAN-0016,Pants,XXL,0,0,N,2/2/2025
SKU-SHI-0017,Shirts,XL,0,0,N,2/2/2025
SKU-PAN-0018,Pants,S,0,0,N,2/2/2025
SKU-CRO-0019,Croptops,L,0,0,N,2/2/2025
SKU-PAN-0020,Pants,XXL,0,0,N,2/2/2025
SKU-PAN-0021,Pants,XXL,0,0,N,2/2/2025
SKU-PAN-0022,Pants,S,0,0,N,2/2/2025
SKU-SHO-0023,Shorts,XS,0,0,N,2/2/2025
SKU-SHI-0024,Shirts,S,0,0,N,2/2/2025
SKU-JAC-0025,Jackets,M,0,0,N,2/2/2025
SKU-PAN-0026,Pants,L,0,0,N,2/2/2025
SKU-JAC-0027,Jackets,S,0,0,N,2/2/2025
SKU-PAN-0028,Pants,XS,0,0,N,2/2/2025
SKU-TSH-0029,Tshirts,XL,0,0,N,2/2/2025
SKU-CRO-0030,Croptops,S,0,0,N,2/2/2025
SKU-JAC-0031,Jackets,M,0,0,N,2/2/2025
SKU-TSH-0032,Tshirts,S,0,0,N,2/2/2025
SKU-SHO-0033,Shorts,S,0,0,N,2/2/2025
SKU-PAN-0034,Pants,XXL,0,0,N,2/2/2025
SKU-CRO-0035,Croptops,S,0,0,N,2/2/2025
SKU-SHI-0036,Shirts,S,0,0,N,2/2/2025
SKU-CRO-0037,Croptops,XL,0,0,N,2/2/2025
SKU-CRO-0038,Croptops,M,0,0,N,2/2/2025
SKU-SHO-0039,Shorts,S,0,0,N,2/2/2025
SKU-SHO-0040,Shorts,S,0,0,N,2/2/2025
SKU-TSH-0041,Tshirts,M,16,160,N,2/2/2025
SKU-CRO-0042,Croptops,XS,0,0,N,2/2/2025
SKU-CRO-0043,Croptops,L,0,0,N,2/2/2025
SKU-JAC-0044,Jackets,L,0,0,N,2/2/2025
SKU-SHI-0045,Shirts,L,0,0,N,2/2/2025
SKU-JAC-0046,Jackets,XXL,3,45,N,2/2/2025
SKU-PAN-0047,Pants,XS,0,0,N,2/2/2025
SKU-CRO-0048,Croptops,XXL,0,0,N,2/2/2025
SKU-TSH-0049,Tshirts,M,13,97.5,N,2/2/2025
SKU-SHO-0050,Shorts,L,18,90,N,2/2/2025
SKU-SHI-0051,Shirts,XS,0,0,N,2/2/2025
SKU-SHI-0052,Shirts,S,0,0,N,2/2/2025
SKU-JAC-0053,Jackets,XL,0,0,N,2/2/2025
SKU-SHI-0054,Shirts,L,0,0,N,2/2/2025
SKU-JAC-0055,Jackets,XL,15,999,N,2/2/2025
SKU-SHI-0001,Shirts,M,0,0,N,2/9/2025
SKU-PAN-0002,Pants,M,0,0,N,2/9/2025
SKU-SHI-0003,Shirts,S,0,0,N,2/9/2025
SKU-TSH-0004,Tshirts,XS,0,0,N,2/9/2025
SKU-CRO-0005,Croptops,XXL,0,0,N,2/9/2025
SKU-SHI-0006,Shirts,XS,0,0,N,2/9/2025
SKU-CRO-0007,Croptops,XS,0,0,N,2/9/2025
SKU-PAN-0008,Pants,XXL,0,0,N,2/9/2025
SKU-PAN-0009,Pants,M,0,0,N,2/9/2025
SKU-TSH-0010,Tshirts,M,0,0,N,2/9/2025
SKU-SHO-0011,Shorts,XXL,0,0,N,2/9/2025
SKU-TSH-0012,Tshirts,XS,0,0,N,2/9/2025
SKU-SHI-0013,Shirts,S,0,0,N,2/9/2025
SKU-CRO-0014,Croptops,XXL,0,0,N,2/9/2025
SKU-SHI-0015,Shirts,XS,0,0,N,2/9/2025
SKU-PAN-0016,Pants,XL,0,0,N,2/9/2025
SKU-SHI-0017,Shirts,S,0,0,N,2/9/2025
SKU-PAN-0018,Pants,L,0,0,N,2/9/2025
SKU-CRO-0019,Croptops,L,0,0,N,2/9/2025
SKU-PAN-0020,Pants,S,0,0,N,2/9/2025
SKU-PAN-0021,Pants,M,0,0,N,2/9/2025
SKU-PAN-0022,Pants,XL,0,0,N,2/9/2025
SKU-SHO-0023,Shorts,S,0,0,N,2/9/2025
SKU-SHI-0024,Shirts,M,0,0,N,2/9/2025
SKU-JAC-0025,Jackets,XL,0,0,N,2/9/2025
SKU-PAN-0026,Pants,XXL,0,0,N,2/9/2025
SKU-JAC-0027,Jackets,XXL,0,0,N,2/9/2025
SKU-PAN-0028,Pants,L,0,0,N,2/9/2025
SKU-TSH-0029,Tshirts,L,0,0,N,2/9/2025
SKU-CRO-0030,Croptops,XS,0,0,N,2/9/2025
SKU-JAC-0031,Jackets,M,0,0,N,2/9/2025
SKU-TSH-0032,Tshirts,XXL,0,0,N,2/9/2025
SKU-SHO-0033,Shorts,L,0,0,N,2/9/2025
SKU-PAN-0034,Pants,XS,0,0,N,2/9/2025
SKU-CRO-0035,Croptops,L,0,0,N,2/9/2025
SKU-SHI-0036,Shirts,M,0,0,N,2/9/2025
SKU-CRO-0037,Croptops,XXL,0,0,N,2/9/2025
SKU-CRO-0038,Croptops,XXL,0,0,N,2/9/2025
SKU-SHO-0039,Shorts,XXL,0,0,N,2/9/2025
SKU-SHO-0040,Shorts,XS,0,0,N,2/9/2025
SKU-TSH-0041,Tshirts,L,16,160,N,2/9/2025
SKU-CRO-0042,Croptops,S,0,0,N,2/9/2025
SKU-CRO-0043,Croptops,XS,0,0,N,2/9/2025
SKU-JAC-0044,Jackets,L,0,0,N,2/9/2025
SKU-SHI-0045,Shirts,M,0,0,N,2/9/2025
SKU-JAC-0046,Jackets,XL,3,999,N,2/9/2025
SKU-PAN-0047,Pants,M,0,0,N,2/9/2025
SKU-CRO-0048,Croptops,XL,0,0,N,2/9/2025
SKU-TSH-0049,Tshirts,S,12,90,N,2/9/2025
SKU-SHO-0050,Shorts,M,17,85,N,2/9/2025
SKU-SHI-0051,Shirts,M,0,0,N,2/9/2025
SKU-SHI-0052,Shirts,XL,0,0,N,2/9/2025
SKU-JAC-0053,Jackets,XL,0,0,N,2/9/2025
SKU-SHI-0054,Shirts,L,0,0,N,2/9/2025
SKU-JAC-0055,Jackets,M,15,999,N,2/9/2025
SKU-SHI-0001,Shirts,M,0,0,N,2/16/2025
SKU-PAN-0002,Pants,XS,0,0,N,2/16/2025
SKU-SHI-0003,Shirts,S,0,0,N,2/16/2025
SKU-TSH-0004,Tshirts,XS,0,0,N,2/16/2025
SKU-CRO-0005,Croptops,XXL,0,0,N,2/16/2025
SKU-SHI-0006,Shirts,XS,0,0,N,2/16/2025
SKU-CRO-0007,Croptops,XS,0,0,N,2/16/2025
SKU-PAN-0008,Pants,M,0,0,N,2/16/2025
SKU-PAN-0009,Pants,S,0,0,N,2/16/2025
SKU-TSH-0010,Tshirts,M,0,0,N,2/16/2025
SKU-SHO-0011,Shorts,M,0,0,N,2/16/2025
SKU-TSH-0012,Tshirts,M,0,0,N,2/16/2025
SKU-SHI-0013,Shirts,XS,0,0,N,2/16/2025
SKU-CRO-0014,Croptops,XL,0,0,N,2/16/2025
SKU-SHI-0015,Shirts,M,0,0,N,2/16/2025
SKU-PAN-0016,Pants,XL,0,0,N,2/16/2025
SKU-SHI-0017,Shirts,L,0,0,N,2/16/2025
SKU-PAN-0018,Pants,L,0,0,N,2/16/2025
SKU-CRO-0019,Croptops,L,0,0,N,2/16/2025
SKU-PAN-0020,Pants,XXL,0,0,N,2/16/2025
SKU-PAN-0021,Pants,M,0,0,N,2/16/2025
SKU-PAN-0022,Pants,L,0,0,N,2/16/2025
SKU-SHO-0023,Shorts,XS,0,0,N,2/16/2025
SKU-SHI-0024,Shirts,L,0,0,N,2/16/2025
SKU-JAC-0025,Jackets,L,0,0,N,2/16/2025
SKU-PAN-0026,Pants,M,0,0,N,2/16/2025
SKU-JAC-0027,Jackets,M,0,0,N,2/16/2025
SKU-PAN-0028,Pants,S,0,0,N,2/16/2025
SKU-TSH-0029,Tshirts,XS,0,0,N,2/16/2025
SKU-CRO-0030,Croptops,L,0,0,N,2/16/2025
SKU-JAC-0031,Jackets,S,0,0,N,2/16/2025
SKU-TSH-0032,Tshirts,XL,0,0,N,2/16/2025
SKU-SHO-0033,Shorts,M,0,0,N,2/16/2025
SKU-PAN-0034,Pants,S,0,0,N,2/16/2025
SKU-CRO-0035,Croptops,XXL,0,0,N,2/16/2025
SKU-SHI-0036,Shirts,S,0,0,N,2/16/2025
SKU-CRO-0037,Croptops,M,0,0,N,2/16/2025
SKU-CRO-0038,Croptops,XXL,0,0,N,2/16/2025
SKU-SHO-0039,Shorts,M,0,0,N,2/16/2025
SKU-SHO-0040,Shorts,M,0,0,N,2/16/2025
SKU-TSH-0041,Tshirts,XS,16,480,N,2/16/2025
SKU-CRO-0042,Croptops,L,0,0,N,2/16/2025
SKU-CRO-0043,Croptops,XXL,0,0,N,2/16/2025
SKU-JAC-0044,Jackets,XXL,0,0,N,2/16/2025
SKU-SHI-0045,Shirts,XL,0,0,N,2/16/2025
SKU-JAC-0046,Jackets,M,3,999,N,2/16/2025
SKU-PAN-0047,Pants,L,0,999,N,2/16/2025
SKU-CRO-0048,Croptops,S,0,0,N,2/16/2025
SKU-TSH-0049,Tshirts,L,12,90,N,2/16/2025
SKU-SHO-0050,Shorts,L,16,96,N,2/16/2025
SKU-SHI-0051,Shirts,XS,0,0,N,2/16/2025
SKU-SHI-0052,Shirts,S,0,0,N,2/16/2025
SKU-JAC-0053,Jackets,S,0,0,N,2/16/2025
SKU-SHI-0054,Shirts,M,0,0,N,2/16/2025
SKU-JAC-0055,Jackets,S,15,999,N,2/16/2025
SKU-SHI-0001,Shirts,S,0,0,N,2/23/2025
SKU-PAN-0002,Pants,M,0,0,N,2/23/2025
SKU-SHI-0003,Shirts,L,0,0,N,2/23/2025
SKU-TSH-0004,Tshirts,L,0,0,N,2/23/2025
SKU-CRO-0005,Croptops,M,0,0,N,2/23/2025
SKU-SHI-0006,Shirts,S,0,0,N,2/23/2025
SKU-CRO-0007,Croptops,XL,0,0,N,2/23/2025
SKU-PAN-0008,Pants,XXL,0,0,N,2/23/2025
SKU-PAN-0009,Pants,XS,0,0,N,2/23/2025
SKU-TSH-0010,Tshirts,S,0,0,N,2/23/2025
SKU-SHO-0011,Shorts,M,0,0,N,2/23/2025
SKU-TSH-0012,Tshirts,XL,0,0,N,2/23/2025
SKU-SHI-0013,Shirts,L,0,0,N,2/23/2025
SKU-CRO-0014,Croptops,XS,0,0,N,2/23/2025
SKU-SHI-0015,Shirts,L,0,0,N,2/23/2025
SKU-PAN-0016,Pants,L,0,0,N,2/23/2025
SKU-SHI-0017,Shirts,M,0,0,N,2/23/2025
SKU-PAN-0018,Pants,S,0,0,N,2/23/2025
SKU-CRO-0019,Croptops,XXL,0,0,N,2/23/2025
SKU-PAN-0020,Pants,XS,0,0,N,2/23/2025
SKU-PAN-0021,Pants,L,0,0,N,2/23/2025
SKU-PAN-0022,Pants,S,0,0,N,2/23/2025
SKU-SHO-0023,Shorts,M,0,0,N,2/23/2025
SKU-SHI-0024,Shirts,S,0,0,N,2/23/2025
SKU-JAC-0025,Jackets,S,0,0,N,2/23/2025
SKU-PAN-0026,Pants,XL,0,0,N,2/23/2025
SKU-JAC-0027,Jackets,M,0,0,N,2/23/2025
SKU-PAN-0028,Pants,S,0,0,N,2/23/2025
SKU-TSH-0029,Tshirts,XXL,0,0,N,2/23/2025
SKU-CRO-0030,Croptops,M,0,0,N,2/23/2025
SKU-JAC-0031,Jackets,XXL,0,0,N,2/23/2025
SKU-TSH-0032,Tshirts,XXL,0,0,N,2/23/2025
SKU-SHO-0033,Shorts,M,0,0,N,2/23/2025
SKU-PAN-0034,Pants,S,0,0,N,2/23/2025
SKU-CRO-0035,Croptops,S,0,0,N,2/23/2025
SKU-SHI-0036,Shirts,L,0,0,N,2/23/2025
SKU-CRO-0037,Croptops,L,0,0,N,2/23/2025
SKU-CRO-0038,Croptops,XXL,0,0,N,2/23/2025
SKU-SHO-0039,Shorts,S,0,0,N,2/23/2025
SKU-SHO-0040,Shorts,XS,0,0,N,2/23/2025
SKU-TSH-0041,Tshirts,XL,14,210,N,2/23/2025
SKU-CRO-0042,Croptops,M,0,0,N,2/23/2025
SKU-CRO-0043,Croptops,XS,0,0,N,2/23/2025
SKU-JAC-0044,Jackets,L,0,0,N,2/23/2025
SKU-SHI-0045,Shirts,M,0,0,N,2/23/2025
SKU-JAC-0046,Jackets,XL,2,60,N,2/23/2025
SKU-PAN-0047,Pants,XS,0,999,N,2/23/2025
SKU-CRO-0048,Croptops,L,0,0,N,2/23/2025
SKU-TSH-0049,Tshirts,XS,12,180,N,2/23/2025
SKU-SHO-0050,Shorts,L,15,90,N,2/23/2025
SKU-SHI-0051,Shirts,XL,0,0,N,2/23/2025
SKU-SHI-0052,Shirts,XXL,0,0,N,2/23/2025
SKU-JAC-0053,Jackets,S,0,0,N,2/23/2025
SKU-SHI-0054,Shirts,XXL,0,0,N,2/23/2025
SKU-JAC-0055,Jackets,S,14,420,N,2/23/2025
SKU-SHI-0001,Shirts,L,0,0,N,3/2/2025
SKU-PAN-0002,Pants,XS,0,0,N,3/2/2025
SKU-SHI-0003,Shirts,XS,0,0,N,3/2/2025
SKU-TSH-0004,Tshirts,XS,0,0,N,3/2/2025
SKU-CRO-0005,Croptops,L,0,0,N,3/2/2025
SKU-SHI-0006,Shirts,S,0,0,N,3/2/2025
SKU-CRO-0007,Croptops,XXL,0,0,N,3/2/2025
SKU-PAN-0008,Pants,S,0,0,N,3/2/2025
SKU-PAN-0009,Pants,L,0,0,N,3/2/2025
SKU-TSH-0010,Tshirts,XS,0,0,N,3/2/2025
SKU-SHO-0011,Shorts,L,0,0,N,3/2/2025
SKU-TSH-0012,Tshirts,XXL,0,0,N,3/2/2025
SKU-SHI-0013,Shirts,S,0,0,N,3/2/2025
SKU-CRO-0014,Croptops,XL,0,0,N,3/2/2025
SKU-SHI-0015,Shirts,XXL,0,0,N,3/2/2025
SKU-PAN-0016,Pants,M,0,0,N,3/2/2025
SKU-SHI-0017,Shirts,M,0,0,N,3/2/2025
SKU-PAN-0018,Pants,L,0,0,N,3/2/2025
SKU-CRO-0019,Croptops,M,0,0,N,3/2/2025
SKU-PAN-0020,Pants,L,0,0,N,3/2/2025
SKU-PAN-0021,Pants,XL,0,0,N,3/2/2025
SKU-PAN-0022,Pants,S,0,0,N,3/2/2025
SKU-SHO-0023,Shorts,L,0,0,N,3/2/2025
SKU-SHI-0024,Shirts,XXL,0,0,N,3/2/2025
SKU-JAC-0025,Jackets,XS,0,0,N,3/2/2025
SKU-PAN-0026,Pants,L,0,0,N,3/2/2025
SKU-JAC-0027,Jackets,L,0,0,N,3/2/2025
SKU-PAN-0028,Pants,XS,0,0,N,3/2/2025
SKU-TSH-0029,Tshirts,XXL,0,0,N,3/2/2025
SKU-CRO-0030,Croptops,XL,0,0,N,3/2/2025
SKU-JAC-0031,Jackets,S,0,0,N,3/2/2025
SKU-TSH-0032,Tshirts,XS,0,0,N,3/2/2025
SKU-SHO-0033,Shorts,XL,0,0,N,3/2/2025
SKU-PAN-0034,Pants,XXL,0,0,N,3/2/2025
SKU-CRO-0035,Croptops,XS,0,0,N,3/2/2025
SKU-SHI-0036,Shirts,XS,0,0,N,3/2/2025
SKU-CRO-0037,Croptops,XL,0,0,N,3/2/2025
SKU-CRO-0038,Croptops,XS,0,0,N,3/2/2025
SKU-SHO-0039,Shorts,XL,0,0,N,3/2/2025
SKU-SHO-0040,Shorts,XS,0,0,N,3/2/2025
SKU-TSH-0041,Tshirts,XL,13,130,N,3/2/2025
SKU-CRO-0042,Croptops,M,0,0,N,3/2/2025
SKU-CRO-0043,Croptops,XL,0,0,N,3/2/2025
SKU-JAC-0044,Jackets,L,0,0,N,3/2/2025
SKU-SHI-0045,Shirts,L,0,0,N,3/2/2025
SKU-JAC-0046,Jackets,M,2,60,N,3/2/2025
SKU-PAN-0047,Pants,XS,0,999,N,3/2/2025
SKU-CRO-0048,Croptops,L,0,0,N,3/2/2025
SKU-TSH-0049,Tshirts,XS,11,165,N,3/2/2025
SKU-SHO-0050,Shorts,XL,15,112.5,N,3/2/2025
SKU-SHI-0051,Shirts,M,0,0,N,3/2/2025
SKU-SHI-0052,Shirts,M,0,0,N,3/2/2025
SKU-JAC-0053,Jackets,M,0,0,N,3/2/2025
SKU-SHI-0054,Shirts,L,0,0,N,3/2/2025
SKU-JAC-0055,Jackets,XS,14,420,N,3/2/2025
SKU-SHI-0001,Shirts,XXL,0,0,N,3/9/2025
SKU-PAN-0002,Pants,XS,0,0,N,3/9/2025
SKU-SHI-0003,Shirts,XXL,0,0,N,3/9/2025
SKU-TSH-0004,Tshirts,L,0,0,N,3/9/2025
SKU-CRO-0005,Croptops,S,0,0,N,3/9/2025
SKU-SHI-0006,Shirts,XS,0,0,N,3/9/2025
SKU-CRO-0007,Croptops,M,0,0,N,3/9/2025
SKU-PAN-0008,Pants,L,0,0,N,3/9/2025
SKU-PAN-0009,Pants,S,0,0,N,3/9/2025
SKU-TSH-0010,Tshirts,M,0,0,N,3/9/2025
SKU-SHO-0011,Shorts,XS,0,0,N,3/9/2025
SKU-TSH-0012,Tshirts,XXL,0,0,N,3/9/2025
SKU-SHI-0013,Shirts,L,0,0,N,3/9/2025
SKU-CRO-0014,Croptops,M,0,0,N,3/9/2025
SKU-SHI-0015,Shirts,M,0,0,N,3/9/2025
SKU-PAN-0016,Pants,M,0,0,N,3/9/2025
SKU-SHI-0017,Shirts,S,0,0,N,3/9/2025
SKU-PAN-0018,Pants,L,0,0,N,3/9/2025
SKU-CRO-0019,Croptops,L,0,0,N,3/9/2025
SKU-PAN-0020,Pants,XS,0,0,N,3/9/2025
SKU-PAN-0021,Pants,XL,0,0,N,3/9/2025
SKU-PAN-0022,Pants,XXL,0,0,N,3/9/2025
SKU-SHO-0023,Shorts,XS,0,0,N,3/9/2025
SKU-SHI-0024,Shirts,S,0,0,N,3/9/2025
SKU-JAC-0025,Jackets,XXL,0,0,N,3/9/2025
SKU-PAN-0026,Pants,L,0,0,N,3/9/2025
SKU-JAC-0027,Jackets,S,0,0,N,3/9/2025
SKU-PAN-0028,Pants,XXL,0,0,N,3/9/2025
SKU-TSH-0029,Tshirts,XXL,0,0,N,3/9/2025
SKU-CRO-0030,Croptops,M,0,0,N,3/9/2025
SKU-JAC-0031,Jackets,M,0,0,N,3/9/2025
SKU-TSH-0032,Tshirts,L,0,0,N,3/9/2025
SKU-SHO-0033,Shorts,XL,0,0,N,3/9/2025
SKU-PAN-0034,Pants,S,0,0,N,3/9/2025
SKU-CRO-0035,Croptops,XL,0,0,N,3/9/2025
SKU-SHI-0036,Shirts,XS,0,0,N,3/9/2025
SKU-CRO-0037,Croptops,L,0,0,N,3/9/2025
SKU-CRO-0038,Croptops,S,0,0,N,3/9/2025
SKU-SHO-0039,Shorts,L,0,0,N,3/9/2025
SKU-SHO-0040,Shorts,XL,0,0,N,3/9/2025
SKU-TSH-0041,Tshirts,XXL,12,90,N,3/9/2025
SKU-CRO-0042,Croptops,M,0,0,N,3/9/2025
SKU-CRO-0043,Croptops,S,0,999,N,3/9/2025
SKU-JAC-0044,Jackets,S,0,0,N,3/9/2025
SKU-SHI-0045,Shirts,XL,0,0,N,3/9/2025
SKU-JAC-0046,Jackets,S,2,60,N,3/9/2025
SKU-PAN-0047,Pants,M,0,999,N,3/9/2025
SKU-CRO-0048,Croptops,XL,0,0,N,3/9/2025
SKU-TSH-0049,Tshirts,XS,11,330,N,3/9/2025
SKU-SHO-0050,Shorts,XXL,15,225,N,3/9/2025
SKU-SHI-0051,Shirts,L,0,0,N,3/9/2025
SKU-SHI-0052,Shirts,XXL,0,0,N,3/9/2025
SKU-JAC-0053,Jackets,L,0,0,N,3/9/2025
SKU-SHI-0054,Shirts,XS,0,0,N,3/9/2025
SKU-JAC-0055,Jackets,M,13,195,N,3/9/2025
SKU-SHI-0001,Shirts,XXL,0,0,N,3/16/2025
SKU-PAN-0002,Pants,L,0,0,N,3/16/2025
SKU-SHI-0003,Shirts,XL,0,0,N,3/16/2025
SKU-TSH-0004,Tshirts,XXL,0,0,N,3/16/2025
SKU-CRO-0005,Croptops,XXL,0,0,N,3/16/2025
SKU-SHI-0006,Shirts,XXL,0,0,N,3/16/2025
SKU-CRO-0007,Croptops,M,0,0,N,3/16/2025
SKU-PAN-0008,Pants,S,0,0,N,3/16/2025
SKU-PAN-0009,Pants,XXL,0,0,N,3/16/2025
SKU-TSH-0010,Tshirts,XL,0,0,N,3/16/2025
SKU-SHO-0011,Shorts,XL,0,0,N,3/16/2025
SKU-TSH-0012,Tshirts,S,0,0,N,3/16/2025
SKU-SHI-0013,Shirts,L,0,0,N,3/16/2025
SKU-CRO-0014,Croptops,XXL,0,0,N,3/16/2025
SKU-SHI-0015,Shirts,L,0,0,N,3/16/2025
SKU-PAN-0016,Pants,XXL,0,0,N,3/16/2025
SKU-SHI-0017,Shirts,XXL,0,0,N,3/16/2025
SKU-PAN-0018,Pants,L,0,0,N,3/16/2025
SKU-CRO-0019,Croptops,M,0,0,N,3/16/2025
SKU-PAN-0020,Pants,M,0,0,N,3/16/2025
SKU-PAN-0021,Pants,XL,0,0,N,3/16/2025
SKU-PAN-0022,Pants,XL,0,0,N,3/16/2025
SKU-SHO-0023,Shorts,XS,0,0,N,3/16/2025
SKU-SHI-0024,Shirts,L,0,0,N,3/16/2025
SKU-JAC-0025,Jackets,XS,0,0,N,3/16/2025
SKU-PAN-0026,Pants,XS,0,0,N,3/16/2025
SKU-JAC-0027,Jackets,XL,0,0,N,3/16/2025
SKU-PAN-0028,Pants,S,0,0,N,3/16/2025
SKU-TSH-0029,Tshirts,XS,0,0,N,3/16/2025
SKU-CRO-0030,Croptops,L,0,0,N,3/16/2025
SKU-JAC-0031,Jackets,XXL,0,0,N,3/16/2025
SKU-TSH-0032,Tshirts,L,0,0,N,3/16/2025
SKU-SHO-0033,Shorts,M,0,0,N,3/16/2025
SKU-PAN-0034,Pants,XL,0,0,N,3/16/2025
SKU-CRO-0035,Croptops,M,0,0,N,3/16/2025
SKU-SHI-0036,Shirts,L,0,0,N,3/16/2025
SKU-CRO-0037,Croptops,XXL,0,0,N,3/16/2025
SKU-CRO-0038,Croptops,XS,0,0,N,3/16/2025
SKU-SHO-0039,Shorts,XL,0,0,N,3/16/2025
SKU-SHO-0040,Shorts,XXL,0,0,N,3/16/2025
SKU-TSH-0041,Tshirts,XL,12,90,N,3/16/2025
SKU-CRO-0042,Croptops,XL,0,0,N,3/16/2025
SKU-CRO-0043,Croptops,XXL,0,0,N,3/16/2025
SKU-JAC-0044,Jackets,XL,0,0,N,3/16/2025
SKU-SHI-0045,Shirts,XS,0,0,N,3/16/2025
SKU-JAC-0046,Jackets,XL,2,60,N,3/16/2025
SKU-PAN-0047,Pants,XXL,0,999,N,3/16/2025
SKU-CRO-0048,Croptops,L,0,0,N,3/16/2025
SKU-TSH-0049,Tshirts,XXL,10,150,N,3/16/2025
SKU-SHO-0050,Shorts,S,15,450,N,3/16/2025
SKU-SHI-0051,Shirts,S,0,0,N,3/16/2025
SKU-SHI-0052,Shirts,L,0,0,N,3/16/2025
SKU-JAC-0053,Jackets,XS,0,0,N,3/16/2025
SKU-SHI-0054,Shirts,S,0,0,N,3/16/2025
SKU-JAC-0055,Jackets,M,12,120,N,3/16/2025
SKU-SHI-0001,Shirts,L,0,0,N,3/23/2025
SKU-PAN-0002,Pants,XXL,0,0,N,3/23/2025
SKU-SHI-0003,Shirts,XS,0,0,N,3/23/2025
SKU-TSH-0004,Tshirts,XL,0,0,N,3/23/2025
SKU-CRO-0005,Croptops,XXL,0,0,N,3/23/2025
SKU-SHI-0006,Shirts,L,0,0,N,3/23/2025
SKU-CRO-0007,Croptops,XS,0,0,N,3/23/2025
SKU-PAN-0008,Pants,XS,0,0,N,3/23/2025
SKU-PAN-0009,Pants,XXL,0,0,N,3/23/2025
SKU-TSH-0010,Tshirts,M,0,0,N,3/23/2025
SKU-SHO-0011,Shorts,XXL,0,0,N,3/23/2025
SKU-TSH-0012,Tshirts,XS,0,0,N,3/23/2025
SKU-SHI-0013,Shirts,M,0,0,N,3/23/2025
SKU-CRO-0014,Croptops,XS,0,0,N,3/23/2025
SKU-SHI-0015,Shirts,S,0,0,N,3/23/2025
SKU-PAN-0016,Pants,XXL,0,0,N,3/23/2025
SKU-SHI-0017,Shirts,XS,0,0,N,3/23/2025
SKU-PAN-0018,Pants,XXL,0,0,N,3/23/2025
SKU-CRO-0019,Croptops,L,0,0,N,3/23/2025
SKU-PAN-0020,Pants,XL,0,0,N,3/23/2025
SKU-PAN-0021,Pants,XS,0,0,N,3/23/2025
SKU-PAN-0022,Pants,S,0,0,N,3/23/2025
SKU-SHO-0023,Shorts,M,0,0,N,3/23/2025
SKU-SHI-0024,Shirts,L,0,0,N,3/23/2025
SKU-JAC-0025,Jackets,XL,0,0,N,3/23/2025
SKU-PAN-0026,Pants,XXL,0,0,N,3/23/2025
SKU-JAC-0027,Jackets,XXL,0,0,N,3/23/2025
SKU-PAN-0028,Pants,L,0,0,N,3/23/2025
SKU-TSH-0029,Tshirts,L,0,0,N,3/23/2025
SKU-CRO-0030,Croptops,M,0,0,N,3/23/2025
SKU-JAC-0031,Jackets,S,0,0,N,3/23/2025
SKU-TSH-0032,Tshirts,XS,0,0,N,3/23/2025
SKU-SHO-0033,Shorts,XXL,0,0,N,3/23/2025
SKU-PAN-0034,Pants,XL,0,0,N,3/23/2025
SKU-CRO-0035,Croptops,L,0,0,N,3/23/2025
SKU-SHI-0036,Shirts,XL,0,0,N,3/23/2025
SKU-CRO-0037,Croptops,XL,0,0,N,3/23/2025
SKU-CRO-0038,Croptops,XXL,0,0,N,3/23/2025
SKU-SHO-0039,Shorts,S,0,0,N,3/23/2025
SKU-SHO-0040,Shorts,XL,0,0,N,3/23/2025
SKU-TSH-0041,Tshirts,L,12,180,N,3/23/2025
SKU-CRO-0042,Croptops,XXL,0,0,N,3/23/2025
SKU-CRO-0043,Croptops,L,0,0,N,3/23/2025
SKU-JAC-0044,Jackets,XL,0,0,N,3/23/2025
SKU-SHI-0045,Shirts,XL,0,0,N,3/23/2025
SKU-JAC-0046,Jackets,XS,2,60,N,3/23/2025
SKU-PAN-0047,Pants,M,0,0,N,3/23/2025
SKU-CRO-0048,Croptops,XXL,0,0,N,3/23/2025
SKU-TSH-0049,Tshirts,XXL,10,150,N,3/23/2025
SKU-SHO-0050,Shorts,XXL,14,210,N,3/23/2025
SKU-SHI-0051,Shirts,L,0,0,N,3/23/2025
SKU-SHI-0052,Shirts,M,0,0,N,3/23/2025
SKU-JAC-0053,Jackets,XXL,0,0,N,3/23/2025
SKU-SHI-0054,Shirts,XS,0,0,N,3/23/2025
SKU-JAC-0055,Jackets,M,11,82.5,N,3/23/2025
SKU-SHI-0001,Shirts,XL,0,0,N,3/30/2025
SKU-PAN-0002,Pants,L,0,0,N,3/30/2025
SKU-SHI-0003,Shirts,M,0,0,N,3/30/2025
SKU-TSH-0004,Tshirts,S,0,0,N,3/30/2025
SKU-CRO-0005,Croptops,XL,0,0,N,3/30/2025
SKU-SHI-0006,Shirts,XS,0,0,N,3/30/2025
SKU-CRO-0007,Croptops,L,0,0,N,3/30/2025
SKU-PAN-0008,Pants,XXL,0,0,N,3/30/2025
SKU-PAN-0009,Pants,L,0,0,N,3/30/2025
SKU-TSH-0010,Tshirts,XS,0,0,N,3/30/2025
SKU-SHO-0011,Shorts,S,0,0,N,3/30/2025
SKU-TSH-0012,Tshirts,M,0,0,N,3/30/2025
SKU-SHI-0013,Shirts,M,0,0,N,3/30/2025
SKU-CRO-0014,Croptops,M,0,0,N,3/30/2025
SKU-SHI-0015,Shirts,S,0,0,N,3/30/2025
SKU-PAN-0016,Pants,XL,0,0,N,3/30/2025
SKU-SHI-0017,Shirts,M,0,0,N,3/30/2025
SKU-PAN-0018,Pants,S,0,0,N,3/30/2025
SKU-CRO-0019,Croptops,L,0,0,N,3/30/2025
SKU-PAN-0020,Pants,XXL,0,0,N,3/30/2025
SKU-PAN-0021,Pants,XL,0,0,N,3/30/2025
SKU-PAN-0022,Pants,M,0,0,N,3/30/2025
SKU-SHO-0023,Shorts,M,0,0,N,3/30/2025
SKU-SHI-0024,Shirts,XL,0,0,N,3/30/2025
SKU-JAC-0025,Jackets,XL,0,0,N,3/30/2025
SKU-PAN-0026,Pants,S,0,0,N,3/30/2025
SKU-JAC-0027,Jackets,L,0,0,N,3/30/2025
SKU-PAN-0028,Pants,L,0,0,N,3/30/2025
SKU-TSH-0029,Tshirts,M,0,0,N,3/30/2025
SKU-CRO-0030,Croptops,M,0,0,N,3/30/2025
SKU-JAC-0031,Jackets,S,0,0,N,3/30/2025
SKU-TSH-0032,Tshirts,XS,0,0,N,3/30/2025
SKU-SHO-0033,Shorts,XL,0,0,N,3/30/2025
SKU-PAN-0034,Pants,XXL,0,0,N,3/30/2025
SKU-CRO-0035,Croptops,XS,0,0,N,3/30/2025
SKU-SHI-0036,Shirts,L,0,0,N,3/30/2025
SKU-CRO-0037,Croptops,L,0,0,N,3/30/2025
SKU-CRO-0038,Croptops,XXL,0,0,N,3/30/2025
SKU-SHO-0039,Shorts,XXL,0,0,N,3/30/2025
SKU-SHO-0040,Shorts,L,0,0,N,3/30/2025
SKU-TSH-0041,Tshirts,M,12,180,N,3/30/2025
SKU-CRO-0042,Croptops,XS,0,0,N,3/30/2025
SKU-CRO-0043,Croptops,XL,0,0,N,3/30/2025
SKU-JAC-0044,Jackets,L,0,0,N,3/30/2025
SKU-SHI-0045,Shirts,S,0,0,N,3/30/2025
SKU-JAC-0046,Jackets,XXL,2,999,N,3/30/2025
SKU-PAN-0047,Pants,L,0,0,N,3/30/2025
SKU-CRO-0048,Croptops,L,0,0,N,3/30/2025
SKU-TSH-0049,Tshirts,S,9,135,N,3/30/2025
SKU-SHO-0050,Shorts,XS,13,195,N,3/30/2025
SKU-SHI-0051,Shirts,M,0,0,N,3/30/2025
SKU-SHI-0052,Shirts,XXL,0,0,N,3/30/2025
SKU-JAC-0053,Jackets,S,0,0,N,3/30/2025
SKU-SHI-0054,Shirts,S,0,0,N,3/30/2025
SKU-JAC-0055,Jackets,L,11,110,N,3/30/2025
SKU-SHI-0001,Shirts,XS,0,0,N,4/6/2025
SKU-PAN-0002,Pants,XXL,0,0,N,4/6/2025
SKU-SHI-0003,Shirts,S,0,0,N,4/6/2025
SKU-TSH-0004,Tshirts,XXL,0,0,N,4/6/2025
SKU-CRO-0005,Croptops,XL,0,0,N,4/6/2025
SKU-SHI-0006,Shirts,XXL,0,0,N,4/6/2025
SKU-CRO-0007,Croptops,S,0,0,N,4/6/2025
SKU-PAN-0008,Pants,S,0,0,N,4/6/2025
SKU-PAN-0009,Pants,XS,0,0,N,4/6/2025
SKU-TSH-0010,Tshirts,L,0,0,N,4/6/2025
SKU-SHO-0011,Shorts,L,0,0,N,4/6/2025
SKU-TSH-0012,Tshirts,XS,0,0,N,4/6/2025
SKU-SHI-0013,Shirts,L,0,0,N,4/6/2025
SKU-CRO-0014,Croptops,XXL,0,0,N,4/6/2025
SKU-SHI-0015,Shirts,L,0,0,N,4/6/2025
SKU-PAN-0016,Pants,S,0,0,N,4/6/2025
SKU-SHI-0017,Shirts,XXL,0,0,N,4/6/2025
SKU-PAN-0018,Pants,XL,0,0,N,4/6/2025
SKU-CRO-0019,Croptops,XXL,0,0,N,4/6/2025
SKU-PAN-0020,Pants,M,0,0,N,4/6/2025
SKU-PAN-0021,Pants,M,0,0,N,4/6/2025
SKU-PAN-0022,Pants,XXL,0,0,N,4/6/2025
SKU-SHO-0023,Shorts,XXL,0,0,N,4/6/2025
SKU-SHI-0024,Shirts,XS,0,0,N,4/6/2025
SKU-JAC-0025,Jackets,M,0,0,N,4/6/2025
SKU-PAN-0026,Pants,XL,0,0,N,4/6/2025
SKU-JAC-0027,Jackets,S,0,0,N,4/6/2025
SKU-PAN-0028,Pants,XXL,0,0,N,4/6/2025
SKU-TSH-0029,Tshirts,XXL,0,0,N,4/6/2025
SKU-CRO-0030,Croptops,XL,0,0,N,4/6/2025
SKU-JAC-0031,Jackets,XS,0,0,N,4/6/2025
SKU-TSH-0032,Tshirts,L,0,0,N,4/6/2025
SKU-SHO-0033,Shorts,S,0,0,N,4/6/2025
SKU-PAN-0034,Pants,L,0,0,N,4/6/2025
SKU-CRO-0035,Croptops,S,0,0,N,4/6/2025
SKU-SHI-0036,Shirts,XXL,0,0,N,4/6/2025
SKU-CRO-0037,Croptops,XS,0,0,N,4/6/2025
SKU-CRO-0038,Croptops,XXL,0,0,N,4/6/2025
SKU-SHO-0039,Shorts,L,0,0,N,4/6/2025
SKU-SHO-0040,Shorts,L,0,0,N,4/6/2025
SKU-TSH-0041,Tshirts,XXL,10,100,N,4/6/2025
SKU-CRO-0042,Croptops,XL,0,0,N,4/6/2025
SKU-CRO-0043,Croptops,XS,0,0,N,4/6/2025
SKU-JAC-0044,Jackets,M,0,0,N,4/6/2025
SKU-SHI-0045,Shirts,XXL,0,0,N,4/6/2025
SKU-JAC-0046,Jackets,S,2,999,N,4/6/2025
SKU-PAN-0047,Pants,S,0,0,N,4/6/2025
SKU-CRO-0048,Croptops,XXL,0,0,N,4/6/2025
SKU-TSH-0049,Tshirts,M,8,80,N,4/6/2025
SKU-SHO-0050,Shorts,M,11,82.5,N,4/6/2025
SKU-SHI-0051,Shirts,L,0,0,N,4/6/2025
SKU-SHI-0052,Shirts,XS,0,0,N,4/6/2025
SKU-JAC-0053,Jackets,XS,0,0,N,4/6/2025
SKU-SHI-0054,Shirts,XS,0,0,N,4/6/2025
SKU-JAC-0055,Jackets,XXL,10,75,N,4/6/2025
SKU-SHI-0001,Shirts,L,0,0,N,4/13/2025
SKU-PAN-0002,Pants,XL,0,0,N,4/13/2025
SKU-SHI-0003,Shirts,XL,0,0,N,4/13/2025
SKU-TSH-0004,Tshirts,L,0,0,N,4/13/2025
SKU-CRO-0005,Croptops,XXL,0,0,N,4/13/2025
SKU-SHI-0006,Shirts,XL,0,0,N,4/13/2025
SKU-CRO-0007,Croptops,XS,0,0,N,4/13/2025
SKU-PAN-0008,Pants,M,0,0,N,4/13/2025
SKU-PAN-0009,Pants,L,0,0,N,4/13/2025
SKU-TSH-0010,Tshirts,XL,0,0,N,4/13/2025
SKU-SHO-0011,Shorts,S,0,0,N,4/13/2025
SKU-TSH-0012,Tshirts,S,0,0,N,4/13/2025
SKU-SHI-0013,Shirts,XL,0,0,N,4/13/2025
SKU-CRO-0014,Croptops,XS,0,0,N,4/13/2025
SKU-SHI-0015,Shirts,M,0,0,N,4/13/2025
SKU-PAN-0016,Pants,L,0,0,N,4/13/2025
SKU-SHI-0017,Shirts,XXL,0,0,N,4/13/2025
SKU-PAN-0018,Pants,S,0,0,N,4/13/2025
SKU-CRO-0019,Croptops,XXL,0,0,N,4/13/2025
SKU-PAN-0020,Pants,L,0,0,N,4/13/2025
SKU-PAN-0021,Pants,XS,0,0,N,4/13/2025
SKU-PAN-0022,Pants,XL,0,0,N,4/13/2025
SKU-SHO-0023,Shorts,XXL,0,0,N,4/13/2025
SKU-SHI-0024,Shirts,M,0,0,N,4/13/2025
SKU-JAC-0025,Jackets,XL,0,0,N,4/13/2025
SKU-PAN-0026,Pants,XS,0,0,N,4/13/2025
SKU-JAC-0027,Jackets,XL,0,0,N,4/13/2025
SKU-PAN-0028,Pants,M,0,0,N,4/13/2025
SKU-TSH-0029,Tshirts,S,0,0,N,4/13/2025
SKU-CRO-0030,Croptops,M,0,0,N,4/13/2025
SKU-JAC-0031,Jackets,XL,0,0,N,4/13/2025
SKU-TSH-0032,Tshirts,L,0,0,N,4/13/2025
SKU-SHO-0033,Shorts,M,0,0,N,4/13/2025
SKU-PAN-0034,Pants,XL,0,0,N,4/13/2025
SKU-CRO-0035,Croptops,L,0,0,N,4/13/2025
SKU-SHI-0036,Shirts,XS,0,0,N,4/13/2025
SKU-CRO-0037,Croptops,S,0,0,N,4/13/2025
SKU-CRO-0038,Croptops,XXL,0,0,N,4/13/2025
SKU-SHO-0039,Shorts,S,0,0,N,4/13/2025
SKU-SHO-0040,Shorts,XS,0,0,N,4/13/2025
SKU-TSH-0041,Tshirts,XXL,10,150,N,4/13/2025
SKU-CRO-0042,Croptops,S,0,0,N,4/13/2025
SKU-CRO-0043,Croptops,L,0,0,N,4/13/2025
SKU-JAC-0044,Jackets,L,0,0,N,4/13/2025
SKU-SHI-0045,Shirts,M,0,0,N,4/13/2025
SKU-JAC-0046,Jackets,XL,1,30,N,4/13/2025
SKU-PAN-0047,Pants,XXL,0,0,N,4/13/2025
SKU-CRO-0048,Croptops,XL,0,0,N,4/13/2025
SKU-TSH-0049,Tshirts,XL,8,120,N,4/13/2025
SKU-SHO-0050,Shorts,L,9,45,N,4/13/2025
SKU-SHI-0051,Shirts,M,0,0,N,4/13/2025
SKU-SHI-0052,Shirts,XL,0,0,N,4/13/2025
SKU-JAC-0053,Jackets,XS,0,0,N,4/13/2025
SKU-SHI-0054,Shirts,XS,0,0,N,4/13/2025
SKU-JAC-0055,Jackets,XS,10,150,N,4/13/2025
SKU-SHI-0001,Shirts,XXL,0,0,N,4/20/2025
SKU-PAN-0002,Pants,XL,0,0,N,4/20/2025
SKU-SHI-0003,Shirts,XS,0,0,N,4/20/2025
SKU-TSH-0004,Tshirts,XXL,0,0,N,4/20/2025
SKU-CRO-0005,Croptops,S,0,0,N,4/20/2025
SKU-SHI-0006,Shirts,XS,0,0,N,4/20/2025
SKU-CRO-0007,Croptops,L,0,0,N,4/20/2025
SKU-PAN-0008,Pants,S,0,0,N,4/20/2025
SKU-PAN-0009,Pants,L,0,0,N,4/20/2025
SKU-TSH-0010,Tshirts,XS,0,0,N,4/20/2025
SKU-SHO-0011,Shorts,S,0,0,N,4/20/2025
SKU-TSH-0012,Tshirts,XS,0,0,N,4/20/2025
SKU-SHI-0013,Shirts,XL,0,0,N,4/20/2025
SKU-CRO-0014,Croptops,M,0,0,N,4/20/2025
SKU-SHI-0015,Shirts,S,0,0,N,4/20/2025
SKU-PAN-0016,Pants,XL,0,0,N,4/20/2025
SKU-SHI-0017,Shirts,XXL,0,0,N,4/20/2025
SKU-PAN-0018,Pants,XXL,0,0,N,4/20/2025
SKU-CRO-0019,Croptops,XXL,0,0,N,4/20/2025
SKU-PAN-0020,Pants,L,0,0,N,4/20/2025
SKU-PAN-0021,Pants,XL,0,0,N,4/20/2025
SKU-PAN-0022,Pants,L,0,0,N,4/20/2025
SKU-SHO-0023,Shorts,M,0,0,N,4/20/2025
SKU-SHI-0024,Shirts,XL,0,0,N,4/20/2025
SKU-JAC-0025,Jackets,L,0,0,N,4/20/2025
SKU-PAN-0026,Pants,L,0,0,N,4/20/2025
SKU-JAC-0027,Jackets,XL,0,0,N,4/20/2025
SKU-PAN-0028,Pants,XS,0,0,N,4/20/2025
SKU-TSH-0029,Tshirts,XS,0,0,N,4/20/2025
SKU-CRO-0030,Croptops,L,0,0,N,4/20/2025
SKU-JAC-0031,Jackets,L,0,0,N,4/20/2025
SKU-TSH-0032,Tshirts,S,0,0,N,4/20/2025
SKU-SHO-0033,Shorts,XS,0,0,N,4/20/2025
SKU-PAN-0034,Pants,XS,0,0,N,4/20/2025
SKU-CRO-0035,Croptops,M,0,0,N,4/20/2025
SKU-SHI-0036,Shirts,M,0,0,N,4/20/2025
SKU-CRO-0037,Croptops,XS,0,0,N,4/20/2025
SKU-CRO-0038,Croptops,S,0,0,N,4/20/2025
SKU-SHO-0039,Shorts,S,0,0,N,4/20/2025
SKU-SHO-0040,Shorts,XS,0,0,N,4/20/2025
SKU-TSH-0041,Tshirts,L,10,150,N,4/20/2025
SKU-CRO-0042,Croptops,XXL,0,0,N,4/20/2025
SKU-CRO-0043,Croptops,L,0,0,N,4/20/2025
SKU-JAC-0044,Jackets,XXL,0,0,N,4/20/2025
SKU-SHI-0045,Shirts,XXL,0,0,N,4/20/2025
SKU-JAC-0046,Jackets,XS,0,0,N,4/20/2025
SKU-PAN-0047,Pants,M,0,0,N,4/20/2025
SKU-CRO-0048,Croptops,S,0,0,N,4/20/2025
SKU-TSH-0049,Tshirts,M,8,120,N,4/20/2025
SKU-SHO-0050,Shorts,XS,9,54,N,4/20/2025
SKU-SHI-0051,Shirts,XS,0,0,N,4/20/2025
SKU-SHI-0052,Shirts,L,0,0,N,4/20/2025
SKU-JAC-0053,Jackets,XS,0,0,N,4/20/2025
SKU-SHI-0054,Shirts,XXL,0,0,N,4/20/2025
SKU-JAC-0055,Jackets,S,9,90,N,4/20/2025
SKU-SHI-0001,Shirts,XXL,0,0,N,4/27/2025
SKU-PAN-0002,Pants,XXL,0,0,N,4/27/2025
SKU-SHI-0003,Shirts,XL,0,0,N,4/27/2025
SKU-TSH-0004,Tshirts,XXL,0,0,N,4/27/2025
SKU-CRO-0005,Croptops,S,0,0,N,4/27/2025
SKU-SHI-0006,Shirts,XS,0,0,N,4/27/2025
SKU-CRO-0007,Croptops,XL,0,0,N,4/27/2025
SKU-PAN-0008,Pants,XXL,0,0,N,4/27/2025
SKU-PAN-0009,Pants,XS,0,0,N,4/27/2025
SKU-TSH-0010,Tshirts,L,0,0,N,4/27/2025
SKU-SHO-0011,Shorts,XXL,0,0,N,4/27/2025
SKU-TSH-0012,Tshirts,L,0,0,N,4/27/2025
SKU-SHI-0013,Shirts,M,0,0,N,4/27/2025
SKU-CRO-0014,Croptops,XL,0,0,N,4/27/2025
SKU-SHI-0015,Shirts,XXL,0,0,N,4/27/2025
SKU-PAN-0016,Pants,XL,0,0,N,4/27/2025
SKU-SHI-0017,Shirts,XS,0,0,N,4/27/2025
SKU-PAN-0018,Pants,S,0,0,N,4/27/2025
SKU-CRO-0019,Croptops,L,0,0,N,4/27/2025
SKU-PAN-0020,Pants,M,0,0,N,4/27/2025
SKU-PAN-0021,Pants,XL,0,0,N,4/27/2025
SKU-PAN-0022,Pants,M,0,0,N,4/27/2025
SKU-SHO-0023,Shorts,XL,0,0,N,4/27/2025
SKU-SHI-0024,Shirts,L,0,0,N,4/27/2025
SKU-JAC-0025,Jackets,XXL,0,0,N,4/27/2025
SKU-PAN-0026,Pants,XL,0,0,N,4/27/2025
SKU-JAC-0027,Jackets,S,0,0,N,4/27/2025
SKU-PAN-0028,Pants,XS,0,0,N,4/27/2025
SKU-TSH-0029,Tshirts,M,0,0,N,4/27/2025
SKU-CRO-0030,Croptops,S,0,0,N,4/27/2025
SKU-JAC-0031,Jackets,L,0,0,N,4/27/2025
SKU-TSH-0032,Tshirts,M,0,0,N,4/27/2025
SKU-SHO-0033,Shorts,S,0,0,N,4/27/2025
SKU-PAN-0034,Pants,XS,0,0,N,4/27/2025
SKU-CRO-0035,Croptops,XL,0,0,N,4/27/2025
SKU-SHI-0036,Shirts,M,0,0,N,4/27/2025
SKU-CRO-0037,Croptops,XXL,0,0,N,4/27/2025
SKU-CRO-0038,Croptops,S,0,0,N,4/27/2025
SKU-SHO-0039,Shorts,S,0,0,N,4/27/2025
SKU-SHO-0040,Shorts,L,0,999,N,4/27/2025
SKU-TSH-0041,Tshirts,M,8,60,N,4/27/2025
SKU-CRO-0042,Croptops,XXL,0,0,N,4/27/2025
SKU-CRO-0043,Croptops,XS,0,0,N,4/27/2025
SKU-JAC-0044,Jackets,XL,0,0,N,4/27/2025
SKU-SHI-0045,Shirts,XS,0,0,N,4/27/2025
SKU-JAC-0046,Jackets,S,0,0,N,4/27/2025
SKU-PAN-0047,Pants,M,0,0,N,4/27/2025
SKU-CRO-0048,Croptops,XXL,0,0,N,4/27/2025
SKU-TSH-0049,Tshirts,M,6,45,N,4/27/2025
SKU-SHO-0050,Shorts,M,7,35,N,4/27/2025
SKU-SHI-0051,Shirts,XS,0,0,N,4/27/2025
SKU-SHI-0052,Shirts,S,0,0,N,4/27/2025
SKU-JAC-0053,Jackets,XL,0,0,N,4/27/2025
SKU-SHI-0054,Shirts,XS,0,0,N,4/27/2025
SKU-JAC-0055,Jackets,L,6,36,N,4/27/2025
SKU-SHI-0001,Shirts,XL,0,0,N,5/4/2025
SKU-PAN-0002,Pants,S,0,0,N,5/4/2025
SKU-SHI-0003,Shirts,L,0,0,N,5/4/2025
SKU-TSH-0004,Tshirts,S,0,0,N,5/4/2025
SKU-CRO-0005,Croptops,M,0,0,N,5/4/2025
SKU-SHI-0006,Shirts,XS,0,0,N,5/4/2025
SKU-CRO-0007,Croptops,XL,0,0,N,5/4/2025
SKU-PAN-0008,Pants,XL,0,0,N,5/4/2025
SKU-PAN-0009,Pants,XL,0,0,N,5/4/2025
SKU-TSH-0010,Tshirts,M,0,0,N,5/4/2025
SKU-SHO-0011,Shorts,XS,0,0,N,5/4/2025
SKU-TSH-0012,Tshirts,L,0,0,N,5/4/2025
SKU-SHI-0013,Shirts,XXL,0,0,N,5/4/2025
SKU-CRO-0014,Croptops,XL,0,0,N,5/4/2025
SKU-SHI-0015,Shirts,XL,0,0,N,5/4/2025
SKU-PAN-0016,Pants,S,0,0,N,5/4/2025
SKU-SHI-0017,Shirts,L,0,0,N,5/4/2025
SKU-PAN-0018,Pants,XXL,0,0,N,5/4/2025
SKU-CRO-0019,Croptops,XS,0,0,N,5/4/2025
SKU-PAN-0020,Pants,XXL,0,0,N,5/4/2025
SKU-PAN-0021,Pants,S,0,0,N,5/4/2025
SKU-PAN-0022,Pants,S,0,0,N,5/4/2025
SKU-SHO-0023,Shorts,XS,0,0,N,5/4/2025
SKU-SHI-0024,Shirts,XL,0,0,N,5/4/2025
SKU-JAC-0025,Jackets,XL,0,0,N,5/4/2025
SKU-PAN-0026,Pants,L,0,0,N,5/4/2025
SKU-JAC-0027,Jackets,XS,0,0,N,5/4/2025
SKU-PAN-0028,Pants,XXL,0,0,N,5/4/2025
SKU-TSH-0029,Tshirts,S,0,0,N,5/4/2025
SKU-CRO-0030,Croptops,XXL,0,0,N,5/4/2025
SKU-JAC-0031,Jackets,XS,0,0,N,5/4/2025
SKU-TSH-0032,Tshirts,M,0,0,N,5/4/2025
SKU-SHO-0033,Shorts,XXL,0,0,N,5/4/2025
SKU-PAN-0034,Pants,XS,0,0,N,5/4/2025
SKU-CRO-0035,Croptops,S,0,0,N,5/4/2025
SKU-SHI-0036,Shirts,L,0,0,N,5/4/2025
SKU-CRO-0037,Croptops,XS,0,0,N,5/4/2025
SKU-CRO-0038,Croptops,XS,0,0,N,5/4/2025
SKU-SHO-0039,Shorts,L,0,0,N,5/4/2025
SKU-SHO-0040,Shorts,XS,0,0,N,5/4/2025
SKU-TSH-0041,Tshirts,M,8,120,N,5/4/2025
SKU-CRO-0042,Croptops,XXL,0,0,N,5/4/2025
SKU-CRO-0043,Croptops,S,0,0,N,5/4/2025
SKU-JAC-0044,Jackets,L,0,0,N,5/4/2025
SKU-SHI-0045,Shirts,L,0,0,N,5/4/2025
SKU-JAC-0046,Jackets,L,0,0,N,5/4/2025
SKU-PAN-0047,Pants,XXL,0,0,N,5/4/2025
SKU-CRO-0048,Croptops,XL,0,0,N,5/4/2025
SKU-TSH-0049,Tshirts,L,6,60,N,5/4/2025
SKU-SHO-0050,Shorts,XS,7,52.5,N,5/4/2025
SKU-SHI-0051,Shirts,L,0,0,N,5/4/2025
SKU-SHI-0052,Shirts,M,0,0,N,5/4/2025
SKU-JAC-0053,Jackets,S,0,0,N,5/4/2025
SKU-SHI-0054,Shirts,M,0,999,N,5/4/2025
SKU-JAC-0055,Jackets,M,4,20,N,5/4/2025
SKU-SHI-0001,Shirts,L,0,0,N,5/11/2025
SKU-PAN-0002,Pants,S,0,0,N,5/11/2025
SKU-SHI-0003,Shirts,XL,0,0,N,5/11/2025
SKU-TSH-0004,Tshirts,XS,0,0,N,5/11/2025
SKU-CRO-0005,Croptops,XXL,0,0,N,5/11/2025
SKU-SHI-0006,Shirts,M,0,0,N,5/11/2025
SKU-CRO-0007,Croptops,XS,0,0,N,5/11/2025
SKU-PAN-0008,Pants,XL,0,0,N,5/11/2025
SKU-PAN-0009,Pants,XXL,0,0,N,5/11/2025
SKU-TSH-0010,Tshirts,S,0,0,N,5/11/2025
SKU-SHO-0011,Shorts,L,0,0,N,5/11/2025
SKU-TSH-0012,Tshirts,M,0,0,N,5/11/2025
SKU-SHI-0013,Shirts,XXL,0,0,N,5/11/2025
SKU-CRO-0014,Croptops,XS,0,0,N,5/11/2025
SKU-SHI-0015,Shirts,M,0,0,N,5/11/2025
SKU-PAN-0016,Pants,S,0,0,N,5/11/2025
SKU-SHI-0017,Shirts,XXL,0,0,N,5/11/2025
SKU-PAN-0018,Pants,S,0,0,N,5/11/2025
SKU-CRO-0019,Croptops,L,0,0,N,5/11/2025
SKU-PAN-0020,Pants,XL,0,0,N,5/11/2025
SKU-PAN-0021,Pants,XS,0,0,N,5/11/2025
SKU-PAN-0022,Pants,XS,0,0,N,5/11/2025
SKU-SHO-0023,Shorts,XL,0,0,N,5/11/2025
SKU-SHI-0024,Shirts,XL,0,0,N,5/11/2025
SKU-JAC-0025,Jackets,L,0,0,N,5/11/2025
SKU-PAN-0026,Pants,S,0,0,N,5/11/2025
SKU-JAC-0027,Jackets,XL,0,0,N,5/11/2025
SKU-PAN-0028,Pants,XL,0,0,N,5/11/2025
SKU-TSH-0029,Tshirts,S,0,0,N,5/11/2025
SKU-CRO-0030,Croptops,XL,0,0,N,5/11/2025
SKU-JAC-0031,Jackets,XL,0,0,N,5/11/2025
SKU-TSH-0032,Tshirts,M,0,0,N,5/11/2025
SKU-SHO-0033,Shorts,XL,0,0,N,5/11/2025
SKU-PAN-0034,Pants,M,0,0,N,5/11/2025
SKU-CRO-0035,Croptops,M,0,0,N,5/11/2025
SKU-SHI-0036,Shirts,M,0,0,N,5/11/2025
SKU-CRO-0037,Croptops,XL,0,0,N,5/11/2025
SKU-CRO-0038,Croptops,XS,0,0,N,5/11/2025
SKU-SHO-0039,Shorts,L,0,0,N,5/11/2025
SKU-SHO-0040,Shorts,L,0,0,N,5/11/2025
SKU-TSH-0041,Tshirts,XS,5,30,N,5/11/2025
SKU-CRO-0042,Croptops,XS,0,0,N,5/11/2025
SKU-CRO-0043,Croptops,XXL,0,0,N,5/11/2025
SKU-JAC-0044,Jackets,M,0,0,N,5/11/2025
SKU-SHI-0045,Shirts,XS,0,0,N,5/11/2025
SKU-JAC-0046,Jackets,XS,0,0,N,5/11/2025
SKU-PAN-0047,Pants,XL,0,0,N,5/11/2025
SKU-CRO-0048,Croptops,XXL,0,0,N,5/11/2025
SKU-TSH-0049,Tshirts,XXL,6,90,N,5/11/2025
SKU-SHO-0050,Shorts,L,7,105,N,5/11/2025
SKU-SHI-0051,Shirts,M,0,0,N,5/11/2025
SKU-SHI-0052,Shirts,XXL,0,0,N,5/11/2025
SKU-JAC-0053,Jackets,XL,0,0,N,5/11/2025
SKU-SHI-0054,Shirts,L,0,999,N,5/11/2025
SKU-JAC-0055,Jackets,L,3,12.9,N,5/11/2025
SKU-SHI-0001,Shirts,S,0,0,N,5/18/2025
SKU-PAN-0002,Pants,S,0,0,N,5/18/2025
SKU-SHI-0003,Shirts,L,0,0,N,5/18/2025
SKU-TSH-0004,Tshirts,S,0,0,N,5/18/2025
SKU-CRO-0005,Croptops,XS,0,0,N,5/18/2025
SKU-SHI-0006,Shirts,XXL,0,0,N,5/18/2025
SKU-CRO-0007,Croptops,XL,0,0,N,5/18/2025
SKU-PAN-0008,Pants,XXL,0,0,N,5/18/2025
SKU-PAN-0009,Pants,L,0,0,N,5/18/2025
SKU-TSH-0010,Tshirts,S,0,0,N,5/18/2025
SKU-SHO-0011,Shorts,XXL,0,0,N,5/18/2025
SKU-TSH-0012,Tshirts,M,0,0,N,5/18/2025
SKU-SHI-0013,Shirts,M,0,0,N,5/18/2025
SKU-CRO-0014,Croptops,XXL,0,0,N,5/18/2025
SKU-SHI-0015,Shirts,XL,0,0,N,5/18/2025
SKU-PAN-0016,Pants,XXL,0,0,N,5/18/2025
SKU-SHI-0017,Shirts,L,0,0,N,5/18/2025
SKU-PAN-0018,Pants,XL,0,0,N,5/18/2025
SKU-CRO-0019,Croptops,S,0,0,N,5/18/2025
SKU-PAN-0020,Pants,M,0,0,N,5/18/2025
SKU-PAN-0021,Pants,L,0,0,N,5/18/2025
SKU-PAN-0022,Pants,XL,0,0,N,5/18/2025
SKU-SHO-0023,Shorts,M,0,0,N,5/18/2025
SKU-SHI-0024,Shirts,XL,0,0,N,5/18/2025
SKU-JAC-0025,Jackets,XXL,0,0,N,5/18/2025
SKU-PAN-0026,Pants,XL,0,0,N,5/18/2025
SKU-JAC-0027,Jackets,XL,0,0,N,5/18/2025
SKU-PAN-0028,Pants,M,0,0,N,5/18/2025
SKU-TSH-0029,Tshirts,XXL,0,0,N,5/18/2025
SKU-CRO-0030,Croptops,L,0,0,N,5/18/2025
SKU-JAC-0031,Jackets,M,0,0,N,5/18/2025
SKU-TSH-0032,Tshirts,S,0,0,N,5/18/2025
SKU-SHO-0033,Shorts,M,0,0,N,5/18/2025
SKU-PAN-0034,Pants,S,0,0,N,5/18/2025
SKU-CRO-0035,Croptops,L,0,0,N,5/18/2025
SKU-SHI-0036,Shirts,XS,0,0,N,5/18/2025
SKU-CRO-0037,Croptops,XL,0,0,N,5/18/2025
SKU-CRO-0038,Croptops,XL,0,0,N,5/18/2025
SKU-SHO-0039,Shorts,M,0,0,N,5/18/2025
SKU-SHO-0040,Shorts,XS,0,0,N,5/18/2025
SKU-TSH-0041,Tshirts,XL,4,20,N,5/18/2025
SKU-CRO-0042,Croptops,XL,0,0,N,5/18/2025
SKU-CRO-0043,Croptops,S,0,0,N,5/18/2025
SKU-JAC-0044,Jackets,L,0,0,N,5/18/2025
SKU-SHI-0045,Shirts,S,0,0,N,5/18/2025
SKU-JAC-0046,Jackets,S,0,0,N,5/18/2025
SKU-PAN-0047,Pants,L,0,0,N,5/18/2025
SKU-CRO-0048,Croptops,XL,0,0,N,5/18/2025
SKU-TSH-0049,Tshirts,S,6,90,N,5/18/2025
SKU-SHO-0050,Shorts,L,5,37.5,N,5/18/2025
SKU-SHI-0051,Shirts,S,0,0,N,5/18/2025
SKU-SHI-0052,Shirts,XXL,0,0,N,5/18/2025
SKU-JAC-0053,Jackets,XS,0,0,N,5/18/2025
SKU-SHI-0054,Shirts,XS,0,999,N,5/18/2025
SKU-JAC-0055,Jackets,L,2,7.5,N,5/18/2025
SKU-SHI-0001,Shirts,S,0,0,N,5/25/2025
SKU-PAN-0002,Pants,XXL,0,0,N,5/25/2025
SKU-SHI-0003,Shirts,S,0,0,N,5/25/2025
SKU-TSH-0004,Tshirts,XXL,0,0,N,5/25/2025
SKU-CRO-0005,Croptops,XS,0,0,N,5/25/2025
SKU-SHI-0006,Shirts,XL,0,0,N,5/25/2025
SKU-CRO-0007,Croptops,XXL,0,0,N,5/25/2025
SKU-PAN-0008,Pants,XS,0,0,N,5/25/2025
SKU-PAN-0009,Pants,XS,0,0,N,5/25/2025
SKU-TSH-0010,Tshirts,XS,0,0,N,5/25/2025
SKU-SHO-0011,Shorts,L,0,0,N,5/25/2025
SKU-TSH-0012,Tshirts,XL,0,0,N,5/25/2025
SKU-SHI-0013,Shirts,XS,0,0,N,5/25/2025
SKU-CRO-0014,Croptops,S,0,0,N,5/25/2025
SKU-SHI-0015,Shirts,XS,0,0,N,5/25/2025
SKU-PAN-0016,Pants,S,0,0,N,5/25/2025
SKU-SHI-0017,Shirts,S,0,0,N,5/25/2025
SKU-PAN-0018,Pants,L,0,0,N,5/25/2025
SKU-CRO-0019,Croptops,L,0,0,N,5/25/2025
SKU-PAN-0020,Pants,XXL,0,0,N,5/25/2025
SKU-PAN-0021,Pants,XL,0,0,N,5/25/2025
SKU-PAN-0022,Pants,S,0,0,N,5/25/2025
SKU-SHO-0023,Shorts,XS,0,0,N,5/25/2025
SKU-SHI-0024,Shirts,XS,0,0,N,5/25/2025
SKU-JAC-0025,Jackets,XXL,0,0,N,5/25/2025
SKU-PAN-0026,Pants,XL,0,0,N,5/25/2025
SKU-JAC-0027,Jackets,XL,0,0,N,5/25/2025
SKU-PAN-0028,Pants,M,0,0,N,5/25/2025
SKU-TSH-0029,Tshirts,S,0,0,N,5/25/2025
SKU-CRO-0030,Croptops,XS,0,0,N,5/25/2025
SKU-JAC-0031,Jackets,XS,0,0,N,5/25/2025
SKU-TSH-0032,Tshirts,S,0,0,N,5/25/2025
SKU-SHO-0033,Shorts,L,0,0,N,5/25/2025
SKU-PAN-0034,Pants,S,0,0,N,5/25/2025
SKU-CRO-0035,Croptops,XS,0,0,N,5/25/2025
SKU-SHI-0036,Shirts,M,0,0,N,5/25/2025
SKU-CRO-0037,Croptops,M,0,0,N,5/25/2025
SKU-CRO-0038,Croptops,M,0,0,N,5/25/2025
SKU-SHO-0039,Shorts,XL,0,0,N,5/25/2025
SKU-SHO-0040,Shorts,S,0,0,N,5/25/2025
SKU-TSH-0041,Tshirts,M,4,30,N,5/25/2025
SKU-CRO-0042,Croptops,XL,0,0,N,5/25/2025
SKU-CRO-0043,Croptops,XL,0,0,N,5/25/2025
SKU-JAC-0044,Jackets,L,0,0,N,5/25/2025
SKU-SHI-0045,Shirts,L,0,0,N,5/25/2025
SKU-JAC-0046,Jackets,XL,0,0,N,5/25/2025
SKU-PAN-0047,Pants,XL,0,0,N,5/25/2025
SKU-CRO-0048,Croptops,S,0,0,N,5/25/2025
SKU-TSH-0049,Tshirts,XXL,4,40,N,5/25/2025
SKU-SHO-0050,Shorts,S,4,40,N,5/25/2025
SKU-SHI-0051,Shirts,XXL,0,0,N,5/25/2025
SKU-SHI-0052,Shirts,XL,0,0,N,5/25/2025
SKU-JAC-0053,Jackets,XS,0,0,N,5/25/2025
SKU-SHI-0054,Shirts,L,0,999,N,5/25/2025
SKU-JAC-0055,Jackets,S,2,12,N,5/25/2025
SKU-SHI-0001,Shirts,S,0,0,N,6/1/2025
SKU-PAN-0002,Pants,L,0,0,N,6/1/2025
SKU-SHI-0003,Shirts,XS,0,0,N,6/1/2025
SKU-TSH-0004,Tshirts,XL,0,0,N,6/1/2025
SKU-CRO-0005,Croptops,XXL,0,0,N,6/1/2025
SKU-SHI-0006,Shirts,S,0,0,N,6/1/2025
SKU-CRO-0007,Croptops,L,0,0,N,6/1/2025
SKU-PAN-0008,Pants,XXL,0,0,N,6/1/2025
SKU-PAN-0009,Pants,L,0,0,N,6/1/2025
SKU-TSH-0010,Tshirts,S,0,0,N,6/1/2025
SKU-SHO-0011,Shorts,L,0,0,N,6/1/2025
SKU-TSH-0012,Tshirts,L,0,0,N,6/1/2025
SKU-SHI-0013,Shirts,XS,0,0,N,6/1/2025
SKU-CRO-0014,Croptops,XS,0,0,N,6/1/2025
SKU-SHI-0015,Shirts,S,0,0,N,6/1/2025
SKU-PAN-0016,Pants,XXL,0,0,N,6/1/2025
SKU-SHI-0017,Shirts,S,0,0,N,6/1/2025
SKU-PAN-0018,Pants,M,0,0,N,6/1/2025
SKU-CRO-0019,Croptops,XXL,0,0,N,6/1/2025
SKU-PAN-0020,Pants,XXL,0,0,N,6/1/2025
SKU-PAN-0021,Pants,XS,0,0,N,6/1/2025
SKU-PAN-0022,Pants,M,0,0,N,6/1/2025
SKU-SHO-0023,Shorts,XXL,0,0,N,6/1/2025
SKU-SHI-0024,Shirts,XXL,0,0,N,6/1/2025
SKU-JAC-0025,Jackets,S,0,0,N,6/1/2025
SKU-PAN-0026,Pants,XXL,0,0,N,6/1/2025
SKU-JAC-0027,Jackets,L,0,0,N,6/1/2025
SKU-PAN-0028,Pants,M,0,0,N,6/1/2025
SKU-TSH-0029,Tshirts,XS,0,0,N,6/1/2025
SKU-CRO-0030,Croptops,L,0,0,N,6/1/2025
SKU-JAC-0031,Jackets,XXL,0,0,N,6/1/2025
SKU-TSH-0032,Tshirts,XXL,0,0,N,6/1/2025
SKU-SHO-0033,Shorts,L,0,0,N,6/1/2025
SKU-PAN-0034,Pants,L,0,0,N,6/1/2025
SKU-CRO-0035,Croptops,XL,0,0,N,6/1/2025
SKU-SHI-0036,Shirts,XS,0,0,N,6/1/2025
SKU-CRO-0037,Croptops,S,0,0,N,6/1/2025
SKU-CRO-0038,Croptops,XL,0,0,N,6/1/2025
SKU-SHO-0039,Shorts,L,0,0,N,6/1/2025
SKU-SHO-0040,Shorts,XXL,0,0,N,6/1/2025
SKU-TSH-0041,Tshirts,M,4,30,N,6/1/2025
SKU-CRO-0042,Croptops,XXL,0,0,N,6/1/2025
SKU-CRO-0043,Croptops,XXL,0,0,N,6/1/2025
SKU-JAC-0044,Jackets,XS,0,0,N,6/1/2025
SKU-SHI-0045,Shirts,S,0,0,N,6/1/2025
SKU-JAC-0046,Jackets,M,0,0,N,6/1/2025
SKU-PAN-0047,Pants,L,0,0,N,6/1/2025
SKU-CRO-0048,Croptops,S,0,0,N,6/1/2025
SKU-TSH-0049,Tshirts,XXL,3,30,N,6/1/2025
SKU-SHO-0050,Shorts,XS,3,22.5,N,6/1/2025
SKU-SHI-0051,Shirts,L,0,0,N,6/1/2025
SKU-SHI-0052,Shirts,XXL,0,0,N,6/1/2025
SKU-JAC-0053,Jackets,S,0,0,N,6/1/2025
SKU-SHI-0054,Shirts,XS,0,999,N,6/1/2025
SKU-JAC-0055,Jackets,XL,2,30,N,6/1/2025
SKU-SHI-0001,Shirts,XS,0,0,N,6/8/2025
SKU-PAN-0002,Pants,S,0,0,N,6/8/2025
SKU-SHI-0003,Shirts,S,0,0,N,6/8/2025
SKU-TSH-0004,Tshirts,L,0,0,N,6/8/2025
SKU-CRO-0005,Croptops,XL,0,0,N,6/8/2025
SKU-SHI-0006,Shirts,XL,0,0,N,6/8/2025
SKU-CRO-0007,Croptops,S,0,0,N,6/8/2025
SKU-PAN-0008,Pants,XXL,0,0,N,6/8/2025
SKU-PAN-0009,Pants,XS,0,0,N,6/8/2025
SKU-TSH-0010,Tshirts,L,0,0,N,6/8/2025
SKU-SHO-0011,Shorts,M,0,0,N,6/8/2025
SKU-TSH-0012,Tshirts,XXL,0,0,N,6/8/2025
SKU-SHI-0013,Shirts,XS,0,0,N,6/8/2025
SKU-CRO-0014,Croptops,L,0,0,N,6/8/2025
SKU-SHI-0015,Shirts,L,0,0,N,6/8/2025
SKU-PAN-0016,Pants,XXL,0,0,N,6/8/2025
SKU-SHI-0017,Shirts,XL,0,0,N,6/8/2025
SKU-PAN-0018,Pants,L,0,0,N,6/8/2025
SKU-CRO-0019,Croptops,S,0,0,N,6/8/2025
SKU-PAN-0020,Pants,M,0,0,N,6/8/2025
SKU-PAN-0021,Pants,XL,0,0,N,6/8/2025
SKU-PAN-0022,Pants,XS,0,0,N,6/8/2025
SKU-SHO-0023,Shorts,XXL,0,0,N,6/8/2025
SKU-SHI-0024,Shirts,L,0,0,N,6/8/2025
SKU-JAC-0025,Jackets,XS,0,0,N,6/8/2025
SKU-PAN-0026,Pants,M,0,0,N,6/8/2025
SKU-JAC-0027,Jackets,XL,0,0,N,6/8/2025
SKU-PAN-0028,Pants,M,0,0,N,6/8/2025
SKU-TSH-0029,Tshirts,XS,0,0,N,6/8/2025
SKU-CRO-0030,Croptops,XL,0,0,N,6/8/2025
SKU-JAC-0031,Jackets,S,0,0,N,6/8/2025
SKU-TSH-0032,Tshirts,XL,0,0,N,6/8/2025
SKU-SHO-0033,Shorts,L,0,0,N,6/8/2025
SKU-PAN-0034,Pants,L,0,0,N,6/8/2025
SKU-CRO-0035,Croptops,XS,0,0,N,6/8/2025
SKU-SHI-0036,Shirts,L,0,0,N,6/8/2025
SKU-CRO-0037,Croptops,XL,0,0,N,6/8/2025
SKU-CRO-0038,Croptops,M,0,0,N,6/8/2025
SKU-SHO-0039,Shorts,L,0,0,N,6/8/2025
SKU-SHO-0040,Shorts,S,0,0,N,6/8/2025
SKU-TSH-0041,Tshirts,XXL,4,120,N,6/8/2025
SKU-CRO-0042,Croptops,XXL,0,0,N,6/8/2025
SKU-CRO-0043,Croptops,L,0,0,N,6/8/2025
SKU-JAC-0044,Jackets,XL,0,0,N,6/8/2025
SKU-SHI-0045,Shirts,L,0,0,N,6/8/2025
SKU-JAC-0046,Jackets,XS,0,0,N,6/8/2025
SKU-PAN-0047,Pants,XL,0,0,N,6/8/2025
SKU-CRO-0048,Croptops,XXL,0,0,N,6/8/2025
SKU-TSH-0049,Tshirts,L,3,30,N,6/8/2025
SKU-SHO-0050,Shorts,XL,2,12,N,6/8/2025
SKU-SHI-0051,Shirts,XXL,0,0,N,6/8/2025
SKU-SHI-0052,Shirts,XXL,0,0,N,6/8/2025
SKU-JAC-0053,Jackets,XXL,0,0,N,6/8/2025
SKU-SHI-0054,Shirts,M,0,0,N,6/8/2025
SKU-JAC-0055,Jackets,XL,2,30,N,6/8/2025
SKU-SHI-0001,Shirts,XXL,0,0,N,6/15/2025
SKU-PAN-0002,Pants,XS,0,0,N,6/15/2025
SKU-SHI-0003,Shirts,XS,0,0,N,6/15/2025
SKU-TSH-0004,Tshirts,S,0,0,N,6/15/2025
SKU-CRO-0005,Croptops,XS,0,0,N,6/15/2025
SKU-SHI-0006,Shirts,S,0,0,N,6/15/2025
SKU-CRO-0007,Croptops,S,0,0,N,6/15/2025
SKU-PAN-0008,Pants,M,0,0,N,6/15/2025
SKU-PAN-0009,Pants,XXL,0,0,N,6/15/2025
SKU-TSH-0010,Tshirts,S,0,0,N,6/15/2025
SKU-SHO-0011,Shorts,L,0,0,N,6/15/2025
SKU-TSH-0012,Tshirts,XXL,0,0,N,6/15/2025
SKU-SHI-0013,Shirts,XXL,0,0,N,6/15/2025
SKU-CRO-0014,Croptops,XL,0,0,N,6/15/2025
SKU-SHI-0015,Shirts,S,0,0,N,6/15/2025
SKU-PAN-0016,Pants,S,0,0,N,6/15/2025
SKU-SHI-0017,Shirts,S,0,0,N,6/15/2025
SKU-PAN-0018,Pants,M,0,0,N,6/15/2025
SKU-CRO-0019,Croptops,M,0,0,N,6/15/2025
SKU-PAN-0020,Pants,S,0,0,N,6/15/2025
SKU-PAN-0021,Pants,XL,0,0,N,6/15/2025
SKU-PAN-0022,Pants,XXL,0,0,N,6/15/2025
SKU-SHO-0023,Shorts,XS,0,0,N,6/15/2025
SKU-SHI-0024,Shirts,L,0,0,N,6/15/2025
SKU-JAC-0025,Jackets,M,0,0,N,6/15/2025
SKU-PAN-0026,Pants,M,0,0,N,6/15/2025
SKU-JAC-0027,Jackets,XL,0,0,N,6/15/2025
SKU-PAN-0028,Pants,S,0,0,N,6/15/2025
SKU-TSH-0029,Tshirts,L,0,0,N,6/15/2025
SKU-CRO-0030,Croptops,XXL,0,0,N,6/15/2025
SKU-JAC-0031,Jackets,S,0,0,N,6/15/2025
SKU-TSH-0032,Tshirts,XXL,0,0,N,6/15/2025
SKU-SHO-0033,Shorts,S,0,0,N,6/15/2025
SKU-PAN-0034,Pants,XS,0,0,N,6/15/2025
SKU-CRO-0035,Croptops,XL,0,0,N,6/15/2025
SKU-SHI-0036,Shirts,XXL,0,0,N,6/15/2025
SKU-CRO-0037,Croptops,XS,0,0,N,6/15/2025
SKU-CRO-0038,Croptops,XL,0,0,N,6/15/2025
SKU-SHO-0039,Shorts,XXL,0,0,N,6/15/2025
SKU-SHO-0040,Shorts,XS,0,0,N,6/15/2025
SKU-TSH-0041,Tshirts,M,4,999,N,6/15/2025
SKU-CRO-0042,Croptops,S,0,0,N,6/15/2025
SKU-CRO-0043,Croptops,S,0,0,N,6/15/2025
SKU-JAC-0044,Jackets,L,0,0,N,6/15/2025
SKU-SHI-0045,Shirts,M,0,0,N,6/15/2025
SKU-JAC-0046,Jackets,L,0,0,N,6/15/2025
SKU-PAN-0047,Pants,L,0,0,N,6/15/2025
SKU-CRO-0048,Croptops,XXL,0,0,N,6/15/2025
SKU-TSH-0049,Tshirts,L,3,30,N,6/15/2025
SKU-SHO-0050,Shorts,M,2,20,N,6/15/2025
SKU-SHI-0051,Shirts,M,0,0,N,6/15/2025
SKU-SHI-0052,Shirts,S,0,0,N,6/15/2025
SKU-JAC-0053,Jackets,M,0,0,N,6/15/2025
SKU-SHI-0054,Shirts,M,0,0,N,6/15/2025
SKU-JAC-0055,Jackets,S,2,999,N,6/15/2025
SKU-SHI-0001,Shirts,XXL,0,0,N,6/22/2025
SKU-PAN-0002,Pants,XXL,0,0,N,6/22/2025
SKU-SHI-0003,Shirts,XS,0,0,N,6/22/2025
SKU-TSH-0004,Tshirts,XXL,0,0,N,6/22/2025
SKU-CRO-0005,Croptops,XXL,0,0,N,6/22/2025
SKU-SHI-0006,Shirts,XS,0,0,N,6/22/2025
SKU-CRO-0007,Croptops,XS,0,0,N,6/22/2025
SKU-PAN-0008,Pants,XS,0,0,N,6/22/2025
SKU-PAN-0009,Pants,L,0,0,N,6/22/2025
SKU-TSH-0010,Tshirts,M,0,0,N,6/22/2025
SKU-SHO-0011,Shorts,L,0,0,N,6/22/2025
SKU-TSH-0012,Tshirts,M,0,0,N,6/22/2025
SKU-SHI-0013,Shirts,M,0,0,N,6/22/2025
SKU-CRO-0014,Croptops,XXL,0,0,N,6/22/2025
SKU-SHI-0015,Shirts,XXL,0,0,N,6/22/2025
SKU-PAN-0016,Pants,L,0,0,N,6/22/2025
SKU-SHI-0017,Shirts,M,0,0,N,6/22/2025
SKU-PAN-0018,Pants,L,0,0,N,6/22/2025
SKU-CRO-0019,Croptops,XL,0,0,N,6/22/2025
SKU-PAN-0020,Pants,XL,0,0,N,6/22/2025
SKU-PAN-0021,Pants,XXL,0,0,N,6/22/2025
SKU-PAN-0022,Pants,XL,0,0,N,6/22/2025
SKU-SHO-0023,Shorts,M,0,0,N,6/22/2025
SKU-SHI-0024,Shirts,XL,0,0,N,6/22/2025
SKU-JAC-0025,Jackets,M,0,0,N,6/22/2025
SKU-PAN-0026,Pants,M,0,0,N,6/22/2025
SKU-JAC-0027,Jackets,XXL,0,0,N,6/22/2025
SKU-PAN-0028,Pants,M,0,0,N,6/22/2025
SKU-TSH-0029,Tshirts,XL,0,0,N,6/22/2025
SKU-CRO-0030,Croptops,M,0,0,N,6/22/2025
SKU-JAC-0031,Jackets,M,0,0,N,6/22/2025
SKU-TSH-0032,Tshirts,S,0,0,N,6/22/2025
SKU-SHO-0033,Shorts,XL,0,0,N,6/22/2025
SKU-PAN-0034,Pants,XS,0,0,N,6/22/2025
SKU-CRO-0035,Croptops,XXL,0,0,N,6/22/2025
SKU-SHI-0036,Shirts,XS,0,0,N,6/22/2025
SKU-CRO-0037,Croptops,XS,0,0,N,6/22/2025
SKU-CRO-0038,Croptops,S,0,0,N,6/22/2025
SKU-SHO-0039,Shorts,XXL,0,0,N,6/22/2025
SKU-SHO-0040,Shorts,S,0,0,N,6/22/2025
SKU-TSH-0041,Tshirts,L,4,999,N,6/22/2025
SKU-CRO-0042,Croptops,L,0,0,N,6/22/2025
SKU-CRO-0043,Croptops,M,0,0,N,6/22/2025
SKU-JAC-0044,Jackets,M,0,0,N,6/22/2025
SKU-SHI-0045,Shirts,XXL,0,0,N,6/22/2025
SKU-JAC-0046,Jackets,XL,0,0,N,6/22/2025
SKU-PAN-0047,Pants,XS,0,0,N,6/22/2025
SKU-CRO-0048,Croptops,XXL,0,0,N,6/22/2025
SKU-TSH-0049,Tshirts,L,2,20,N,6/22/2025
SKU-SHO-0050,Shorts,XXL,2,30,N,6/22/2025
SKU-SHI-0051,Shirts,M,0,0,N,6/22/2025
SKU-SHI-0052,Shirts,XXL,0,0,N,6/22/2025
SKU-JAC-0053,Jackets,XL,0,0,N,6/22/2025
SKU-SHI-0054,Shirts,XXL,0,0,N,6/22/2025
SKU-JAC-0055,Jackets,S,2,999,N,6/22/2025
SKU-SHI-0001,Shirts,L,0,0,N,6/29/2025
SKU-PAN-0002,Pants,S,0,0,N,6/29/2025
SKU-SHI-0003,Shirts,XL,0,0,N,6/29/2025
SKU-TSH-0004,Tshirts,L,0,0,N,6/29/2025
SKU-CRO-0005,Croptops,XS,0,0,N,6/29/2025
SKU-SHI-0006,Shirts,M,0,0,N,6/29/2025
SKU-CRO-0007,Croptops,XS,0,0,N,6/29/2025
SKU-PAN-0008,Pants,XS,0,0,N,6/29/2025
SKU-PAN-0009,Pants,XL,0,0,N,6/29/2025
SKU-TSH-0010,Tshirts,XS,0,0,N,6/29/2025
SKU-SHO-0011,Shorts,S,0,0,N,6/29/2025
SKU-TSH-0012,Tshirts,XS,0,0,N,6/29/2025
SKU-SHI-0013,Shirts,XS,0,0,N,6/29/2025
SKU-CRO-0014,Croptops,XS,0,0,N,6/29/2025
SKU-SHI-0015,Shirts,XL,0,0,N,6/29/2025
SKU-PAN-0016,Pants,S,0,0,N,6/29/2025
SKU-SHI-0017,Shirts,L,0,0,N,6/29/2025
SKU-PAN-0018,Pants,XXL,0,0,N,6/29/2025
SKU-CRO-0019,Croptops,M,0,0,N,6/29/2025
SKU-PAN-0020,Pants,XS,0,0,N,6/29/2025
SKU-PAN-0021,Pants,S,0,0,N,6/29/2025
SKU-PAN-0022,Pants,XS,0,0,N,6/29/2025
SKU-SHO-0023,Shorts,XXL,0,0,N,6/29/2025
SKU-SHI-0024,Shirts,XS,0,0,N,6/29/2025
SKU-JAC-0025,Jackets,S,0,0,N,6/29/2025
SKU-PAN-0026,Pants,XXL,0,0,N,6/29/2025
SKU-JAC-0027,Jackets,L,0,0,N,6/29/2025
SKU-PAN-0028,Pants,S,0,0,N,6/29/2025
SKU-TSH-0029,Tshirts,XL,0,0,N,6/29/2025
SKU-CRO-0030,Croptops,S,0,0,N,6/29/2025
SKU-JAC-0031,Jackets,XL,0,0,N,6/29/2025
SKU-TSH-0032,Tshirts,M,0,0,N,6/29/2025
SKU-SHO-0033,Shorts,XXL,0,0,N,6/29/2025
SKU-PAN-0034,Pants,L,0,0,N,6/29/2025
SKU-CRO-0035,Croptops,XL,0,0,N,6/29/2025
SKU-SHI-0036,Shirts,XS,0,0,N,6/29/2025
SKU-CRO-0037,Croptops,XXL,0,0,N,6/29/2025
SKU-CRO-0038,Croptops,S,0,0,N,6/29/2025
SKU-SHO-0039,Shorts,M,0,0,N,6/29/2025
SKU-SHO-0040,Shorts,L,0,0,N,6/29/2025
SKU-TSH-0041,Tshirts,XXL,4,999,N,6/29/2025
SKU-CRO-0042,Croptops,XL,0,0,N,6/29/2025
SKU-CRO-0043,Croptops,XL,0,0,N,6/29/2025
SKU-JAC-0044,Jackets,XXL,0,0,N,6/29/2025
SKU-SHI-0045,Shirts,XL,0,0,N,6/29/2025
SKU-JAC-0046,Jackets,XXL,0,0,N,6/29/2025
SKU-PAN-0047,Pants,L,0,0,N,6/29/2025
SKU-CRO-0048,Croptops,M,0,0,N,6/29/2025
SKU-TSH-0049,Tshirts,XL,2,60,N,6/29/2025
SKU-SHO-0050,Shorts,S,2,30,N,6/29/2025
SKU-SHI-0051,Shirts,L,0,0,N,6/29/2025
SKU-SHI-0052,Shirts,XS,0,0,N,6/29/2025
SKU-JAC-0053,Jackets,S,0,0,N,6/29/2025
SKU-SHI-0054,Shirts,M,0,0,N,6/29/2025
SKU-JAC-0055,Jackets,S,1,30,N,6/29/2025
SKU-SHI-0001,Shirts,S,0,0,N,7/6/2025
SKU-PAN-0002,Pants,XXL,0,0,N,7/6/2025
SKU-SHI-0003,Shirts,XS,0,0,N,7/6/2025
SKU-TSH-0004,Tshirts,L,0,0,N,7/6/2025
SKU-CRO-0005,Croptops,S,0,0,N,7/6/2025
SKU-SHI-0006,Shirts,XS,0,0,N,7/6/2025
SKU-CRO-0007,Croptops,S,0,0,N,7/6/2025
SKU-PAN-0008,Pants,XXL,0,0,N,7/6/2025
SKU-PAN-0009,Pants,M,0,0,N,7/6/2025
SKU-TSH-0010,Tshirts,XL,0,0,N,7/6/2025
SKU-SHO-0011,Shorts,M,0,0,N,7/6/2025
SKU-TSH-0012,Tshirts,S,0,0,N,7/6/2025
SKU-SHI-0013,Shirts,XXL,0,0,N,7/6/2025
SKU-CRO-0014,Croptops,S,0,0,N,7/6/2025
SKU-SHI-0015,Shirts,L,0,0,N,7/6/2025
SKU-PAN-0016,Pants,XXL,0,0,N,7/6/2025
SKU-SHI-0017,Shirts,XXL,0,0,N,7/6/2025
SKU-PAN-0018,Pants,M,0,0,N,7/6/2025
SKU-CRO-0019,Croptops,XS,0,0,N,7/6/2025
SKU-PAN-0020,Pants,XL,0,0,N,7/6/2025
SKU-PAN-0021,Pants,XS,0,0,N,7/6/2025
SKU-PAN-0022,Pants,XS,0,0,N,7/6/2025
SKU-SHO-0023,Shorts,M,0,0,N,7/6/2025
SKU-SHI-0024,Shirts,L,0,0,N,7/6/2025
SKU-JAC-0025,Jackets,S,0,0,N,7/6/2025
SKU-PAN-0026,Pants,XXL,0,0,N,7/6/2025
SKU-JAC-0027,Jackets,L,0,0,N,7/6/2025
SKU-PAN-0028,Pants,M,0,0,N,7/6/2025
SKU-TSH-0029,Tshirts,XXL,0,0,N,7/6/2025
SKU-CRO-0030,Croptops,XXL,0,0,N,7/6/2025
SKU-JAC-0031,Jackets,L,0,0,N,7/6/2025
SKU-TSH-0032,Tshirts,XS,0,0,N,7/6/2025
SKU-SHO-0033,Shorts,L,0,0,N,7/6/2025
SKU-PAN-0034,Pants,XS,0,0,N,7/6/2025
SKU-CRO-0035,Croptops,XL,0,0,N,7/6/2025
SKU-SHI-0036,Shirts,S,0,0,N,7/6/2025
SKU-CRO-0037,Croptops,XXL,0,0,N,7/6/2025
SKU-CRO-0038,Croptops,L,0,0,N,7/6/2025
SKU-SHO-0039,Shorts,XS,0,0,N,7/6/2025
SKU-SHO-0040,Shorts,XS,0,0,N,7/6/2025
SKU-TSH-0041,Tshirts,XL,4,999,N,7/6/2025
SKU-CRO-0042,Croptops,XXL,0,0,N,7/6/2025
SKU-CRO-0043,Croptops,XL,0,0,N,7/6/2025
SKU-JAC-0044,Jackets,XL,0,0,N,7/6/2025
SKU-SHI-0045,Shirts,XL,0,0,N,7/6/2025
SKU-JAC-0046,Jackets,XS,0,0,N,7/6/2025
SKU-PAN-0047,Pants,XS,0,0,N,7/6/2025
SKU-CRO-0048,Croptops,XS,0,0,N,7/6/2025
SKU-TSH-0049,Tshirts,S,1,15,N,7/6/2025
SKU-SHO-0050,Shorts,XXL,0,0,N,7/6/2025
SKU-SHI-0051,Shirts,XS,0,0,N,7/6/2025
SKU-SHI-0052,Shirts,XL,0,0,N,7/6/2025
SKU-JAC-0053,Jackets,L,0,0,N,7/6/2025
SKU-SHI-0054,Shirts,XXL,0,0,N,7/6/2025
SKU-JAC-0055,Jackets,S,1,30,N,7/6/2025
SKU-SHI-0001,Shirts,L,0,0,N,7/13/2025
SKU-PAN-0002,Pants,S,0,0,N,7/13/2025
SKU-SHI-0003,Shirts,XXL,0,0,N,7/13/2025
SKU-TSH-0004,Tshirts,XXL,0,0,N,7/13/2025
SKU-CRO-0005,Croptops,L,0,0,N,7/13/2025
SKU-SHI-0006,Shirts,XL,0,0,N,7/13/2025
SKU-CRO-0007,Croptops,L,0,0,N,7/13/2025
SKU-PAN-0008,Pants,S,0,0,N,7/13/2025
SKU-PAN-0009,Pants,XXL,0,0,N,7/13/2025
SKU-TSH-0010,Tshirts,XL,0,0,N,7/13/2025
SKU-SHO-0011,Shorts,XS,0,0,N,7/13/2025
SKU-TSH-0012,Tshirts,XS,0,0,N,7/13/2025
SKU-SHI-0013,Shirts,M,0,0,N,7/13/2025
SKU-CRO-0014,Croptops,XXL,0,0,N,7/13/2025
SKU-SHI-0015,Shirts,S,0,0,N,7/13/2025
SKU-PAN-0016,Pants,XS,0,0,N,7/13/2025
SKU-SHI-0017,Shirts,S,0,0,N,7/13/2025
SKU-PAN-0018,Pants,S,0,0,N,7/13/2025
SKU-CRO-0019,Croptops,L,0,0,N,7/13/2025
SKU-PAN-0020,Pants,L,0,0,N,7/13/2025
SKU-PAN-0021,Pants,XS,0,0,N,7/13/2025
SKU-PAN-0022,Pants,XXL,0,0,N,7/13/2025
SKU-SHO-0023,Shorts,L,0,0,N,7/13/2025
SKU-SHI-0024,Shirts,L,0,0,N,7/13/2025
SKU-JAC-0025,Jackets,XS,0,0,N,7/13/2025
SKU-PAN-0026,Pants,XS,0,0,N,7/13/2025
SKU-JAC-0027,Jackets,XL,0,0,N,7/13/2025
SKU-PAN-0028,Pants,XS,0,0,N,7/13/2025
SKU-TSH-0029,Tshirts,XXL,0,0,N,7/13/2025
SKU-CRO-0030,Croptops,L,0,0,N,7/13/2025
SKU-JAC-0031,Jackets,L,0,0,N,7/13/2025
SKU-TSH-0032,Tshirts,M,0,0,N,7/13/2025
SKU-SHO-0033,Shorts,XXL,0,0,N,7/13/2025
SKU-PAN-0034,Pants,S,0,0,N,7/13/2025
SKU-CRO-0035,Croptops,M,0,0,N,7/13/2025
SKU-SHI-0036,Shirts,XL,0,0,N,7/13/2025
SKU-CRO-0037,Croptops,XS,0,0,N,7/13/2025
SKU-CRO-0038,Croptops,XXL,0,0,N,7/13/2025
SKU-SHO-0039,Shorts,XS,0,0,N,7/13/2025
SKU-SHO-0040,Shorts,XS,0,0,N,7/13/2025
SKU-TSH-0041,Tshirts,S,4,999,N,7/13/2025
SKU-CRO-0042,Croptops,M,0,0,N,7/13/2025
SKU-CRO-0043,Croptops,XS,0,999,N,7/13/2025
SKU-JAC-0044,Jackets,M,0,0,N,7/13/2025
SKU-SHI-0045,Shirts,XS,0,0,N,7/13/2025
SKU-JAC-0046,Jackets,XS,0,0,N,7/13/2025
SKU-PAN-0047,Pants,M,0,0,N,7/13/2025
SKU-CRO-0048,Croptops,M,0,0,N,7/13/2025
SKU-TSH-0049,Tshirts,M,1,15,N,7/13/2025
SKU-SHO-0050,Shorts,S,0,0,N,7/13/2025
SKU-SHI-0051,Shirts,S,0,0,N,7/13/2025
SKU-SHI-0052,Shirts,L,0,0,N,7/13/2025
SKU-JAC-0053,Jackets,XS,0,0,N,7/13/2025
SKU-SHI-0054,Shirts,XL,0,0,N,7/13/2025
SKU-JAC-0055,Jackets,S,0,0,N,7/13/2025
SKU-SHI-0001,Shirts,XXL,0,0,N,7/20/2025
SKU-PAN-0002,Pants,XS,0,0,N,7/20/2025
SKU-SHI-0003,Shirts,XL,0,0,N,7/20/2025
SKU-TSH-0004,Tshirts,XL,0,0,N,7/20/2025
SKU-CRO-0005,Croptops,M,0,0,N,7/20/2025
SKU-SHI-0006,Shirts,XS,0,0,N,7/20/2025
SKU-CRO-0007,Croptops,XXL,0,0,N,7/20/2025
SKU-PAN-0008,Pants,XS,0,0,N,7/20/2025
SKU-PAN-0009,Pants,M,0,0,N,7/20/2025
SKU-TSH-0010,Tshirts,S,0,0,N,7/20/2025
SKU-SHO-0011,Shorts,XS,0,0,N,7/20/2025
SKU-TSH-0012,Tshirts,XXL,0,0,N,7/20/2025
SKU-SHI-0013,Shirts,XXL,0,0,N,7/20/2025
SKU-CRO-0014,Croptops,M,0,0,N,7/20/2025
SKU-SHI-0015,Shirts,XXL,0,0,N,7/20/2025
SKU-PAN-0016,Pants,XS,0,0,N,7/20/2025
SKU-SHI-0017,Shirts,M,0,0,N,7/20/2025
SKU-PAN-0018,Pants,XXL,0,0,N,7/20/2025
SKU-CRO-0019,Croptops,XXL,0,0,N,7/20/2025
SKU-PAN-0020,Pants,L,0,0,N,7/20/2025
SKU-PAN-0021,Pants,XXL,0,0,N,7/20/2025
SKU-PAN-0022,Pants,XL,0,0,N,7/20/2025
SKU-SHO-0023,Shorts,M,0,0,N,7/20/2025
SKU-SHI-0024,Shirts,M,0,0,N,7/20/2025
SKU-JAC-0025,Jackets,L,0,0,N,7/20/2025
SKU-PAN-0026,Pants,XL,0,0,N,7/20/2025
SKU-JAC-0027,Jackets,L,0,0,N,7/20/2025
SKU-PAN-0028,Pants,XS,0,0,N,7/20/2025
SKU-TSH-0029,Tshirts,M,0,0,N,7/20/2025
SKU-CRO-0030,Croptops,XL,0,0,N,7/20/2025
SKU-JAC-0031,Jackets,XL,0,0,N,7/20/2025
SKU-TSH-0032,Tshirts,XS,0,0,N,7/20/2025
SKU-SHO-0033,Shorts,XL,0,0,N,7/20/2025
SKU-PAN-0034,Pants,L,0,0,N,7/20/2025
SKU-CRO-0035,Croptops,XXL,0,0,N,7/20/2025
SKU-SHI-0036,Shirts,XXL,0,0,N,7/20/2025
SKU-CRO-0037,Croptops,M,0,0,N,7/20/2025
SKU-CRO-0038,Croptops,L,0,0,N,7/20/2025
SKU-SHO-0039,Shorts,L,0,0,N,7/20/2025
SKU-SHO-0040,Shorts,S,0,0,N,7/20/2025
SKU-TSH-0041,Tshirts,XXL,4,999,N,7/20/2025
SKU-CRO-0042,Croptops,S,0,0,N,7/20/2025
SKU-CRO-0043,Croptops,XL,0,999,N,7/20/2025
SKU-JAC-0044,Jackets,XXL,0,0,N,7/20/2025
SKU-SHI-0045,Shirts,XL,0,0,N,7/20/2025
SKU-JAC-0046,Jackets,L,0,0,N,7/20/2025
SKU-PAN-0047,Pants,XXL,0,0,N,7/20/2025
SKU-CRO-0048,Croptops,XL,0,0,N,7/20/2025
SKU-TSH-0049,Tshirts,S,0,0,N,7/20/2025
SKU-SHO-0050,Shorts,S,0,0,N,7/20/2025
SKU-SHI-0051,Shirts,M,0,0,N,7/20/2025
SKU-SHI-0052,Shirts,XXL,0,0,N,7/20/2025
SKU-JAC-0053,Jackets,S,0,0,N,7/20/2025
SKU-SHI-0054,Shirts,XS,0,0,N,7/20/2025
SKU-JAC-0055,Jackets,M,0,0,N,7/20/2025
SKU-SHI-0001,Shirts,XS,0,0,N,7/27/2025
SKU-PAN-0002,Pants,L,0,0,N,7/27/2025
SKU-SHI-0003,Shirts,XL,0,0,N,7/27/2025
SKU-TSH-0004,Tshirts,S,0,0,N,7/27/2025
SKU-CRO-0005,Croptops,XL,0,0,N,7/27/2025
SKU-SHI-0006,Shirts,M,0,0,N,7/27/2025
SKU-CRO-0007,Croptops,XXL,0,0,N,7/27/2025
SKU-PAN-0008,Pants,XL,0,0,N,7/27/2025
SKU-PAN-0009,Pants,L,0,0,N,7/27/2025
SKU-TSH-0010,Tshirts,M,0,0,N,7/27/2025
SKU-SHO-0011,Shorts,XXL,0,0,N,7/27/2025
SKU-TSH-0012,Tshirts,S,0,0,N,7/27/2025
SKU-SHI-0013,Shirts,XL,0,0,N,7/27/2025
SKU-CRO-0014,Croptops,L,0,0,N,7/27/2025
SKU-SHI-0015,Shirts,M,0,0,N,7/27/2025
SKU-PAN-0016,Pants,XL,0,0,N,7/27/2025
SKU-SHI-0017,Shirts,L,0,0,N,7/27/2025
SKU-PAN-0018,Pants,L,0,0,N,7/27/2025
SKU-CRO-0019,Croptops,XS,0,0,N,7/27/2025
SKU-PAN-0020,Pants,XS,0,0,N,7/27/2025
SKU-PAN-0021,Pants,XS,0,0,N,7/27/2025
SKU-PAN-0022,Pants,L,0,0,N,7/27/2025
SKU-SHO-0023,Shorts,S,0,0,N,7/27/2025
SKU-SHI-0024,Shirts,XS,0,0,N,7/27/2025
SKU-JAC-0025,Jackets,L,0,0,N,7/27/2025
SKU-PAN-0026,Pants,M,0,0,N,7/27/2025
SKU-JAC-0027,Jackets,L,0,0,N,7/27/2025
SKU-PAN-0028,Pants,L,0,0,N,7/27/2025
SKU-TSH-0029,Tshirts,M,0,0,N,7/27/2025
SKU-CRO-0030,Croptops,L,0,0,N,7/27/2025
SKU-JAC-0031,Jackets,S,0,0,N,7/27/2025
SKU-TSH-0032,Tshirts,S,0,0,N,7/27/2025
SKU-SHO-0033,Shorts,S,0,0,N,7/27/2025
SKU-PAN-0034,Pants,XS,0,0,N,7/27/2025
SKU-CRO-0035,Croptops,XS,0,0,N,7/27/2025
SKU-SHI-0036,Shirts,XXL,0,0,N,7/27/2025
SKU-CRO-0037,Croptops,M,0,0,N,7/27/2025
SKU-CRO-0038,Croptops,S,0,0,N,7/27/2025
SKU-SHO-0039,Shorts,M,0,0,N,7/27/2025
SKU-SHO-0040,Shorts,XL,0,0,N,7/27/2025
SKU-TSH-0041,Tshirts,S,4,999,N,7/27/2025
SKU-CRO-0042,Croptops,XS,0,0,N,7/27/2025
SKU-CRO-0043,Croptops,XS,0,0,N,7/27/2025
SKU-JAC-0044,Jackets,XXL,0,0,N,7/27/2025
SKU-SHI-0045,Shirts,M,0,0,N,7/27/2025
SKU-JAC-0046,Jackets,XS,0,0,N,7/27/2025
SKU-PAN-0047,Pants,XL,0,0,N,7/27/2025
SKU-CRO-0048,Croptops,M,0,0,N,7/27/2025
SKU-TSH-0049,Tshirts,M,0,0,N,7/27/2025
SKU-SHO-0050,Shorts,XXL,0,0,N,7/27/2025
SKU-SHI-0051,Shirts,XS,0,0,N,7/27/2025
SKU-SHI-0052,Shirts,L,0,0,N,7/27/2025
SKU-JAC-0053,Jackets,S,0,0,N,7/27/2025
SKU-SHI-0054,Shirts,XXL,0,0,N,7/27/2025
SKU-JAC-0055,Jackets,XS,0,0,N,7/27/2025
SKU-SHI-0001,Shirts,XXL,0,0,N,8/3/2025
SKU-PAN-0002,Pants,S,0,0,N,8/3/2025
SKU-SHI-0003,Shirts,XS,0,0,N,8/3/2025
SKU-TSH-0004,Tshirts,S,0,0,N,8/3/2025
SKU-CRO-0005,Croptops,XXL,0,0,N,8/3/2025
SKU-SHI-0006,Shirts,M,0,0,N,8/3/2025
SKU-CRO-0007,Croptops,L,0,0,N,8/3/2025
SKU-PAN-0008,Pants,S,0,0,N,8/3/2025
SKU-PAN-0009,Pants,M,0,0,N,8/3/2025
SKU-TSH-0010,Tshirts,M,0,0,N,8/3/2025
SKU-SHO-0011,Shorts,XS,0,0,N,8/3/2025
SKU-TSH-0012,Tshirts,XS,0,0,N,8/3/2025
SKU-SHI-0013,Shirts,XS,0,0,N,8/3/2025
SKU-CRO-0014,Croptops,S,0,0,N,8/3/2025
SKU-SHI-0015,Shirts,XS,0,0,N,8/3/2025
SKU-PAN-0016,Pants,S,0,0,N,8/3/2025
SKU-SHI-0017,Shirts,M,0,0,N,8/3/2025
SKU-PAN-0018,Pants,L,0,0,N,8/3/2025
SKU-CRO-0019,Croptops,XL,0,0,N,8/3/2025
SKU-PAN-0020,Pants,XL,0,0,N,8/3/2025
SKU-PAN-0021,Pants,XXL,0,0,N,8/3/2025
SKU-PAN-0022,Pants,XL,0,0,N,8/3/2025
SKU-SHO-0023,Shorts,XL,0,0,N,8/3/2025
SKU-SHI-0024,Shirts,XXL,0,0,N,8/3/2025
SKU-JAC-0025,Jackets,XL,0,999,N,8/3/2025
SKU-PAN-0026,Pants,XS,0,0,N,8/3/2025
SKU-JAC-0027,Jackets,XS,0,0,N,8/3/2025
SKU-PAN-0028,Pants,XS,0,0,N,8/3/2025
SKU-TSH-0029,Tshirts,XXL,0,0,N,8/3/2025
SKU-CRO-0030,Croptops,XL,0,0,N,8/3/2025
SKU-JAC-0031,Jackets,L,0,0,N,8/3/2025
SKU-TSH-0032,Tshirts,XL,0,0,N,8/3/2025
SKU-SHO-0033,Shorts,S,0,0,N,8/3/2025
SKU-PAN-0034,Pants,XS,0,0,N,8/3/2025
SKU-CRO-0035,Croptops,XL,0,0,N,8/3/2025
SKU-SHI-0036,Shirts,XXL,0,0,N,8/3/2025
SKU-CRO-0037,Croptops,M,0,0,N,8/3/2025
SKU-CRO-0038,Croptops,XXL,0,0,N,8/3/2025
SKU-SHO-0039,Shorts,XXL,0,0,N,8/3/2025
SKU-SHO-0040,Shorts,XXL,0,0,N,8/3/2025
SKU-TSH-0041,Tshirts,M,4,999,N,8/3/2025
SKU-CRO-0042,Croptops,XXL,0,0,N,8/3/2025
SKU-CRO-0043,Croptops,XL,0,0,N,8/3/2025
SKU-JAC-0044,Jackets,XS,0,0,N,8/3/2025
SKU-SHI-0045,Shirts,XS,0,0,N,8/3/2025
SKU-JAC-0046,Jackets,XL,0,0,N,8/3/2025
SKU-PAN-0047,Pants,XL,0,0,N,8/3/2025
SKU-CRO-0048,Croptops,XS,0,999,N,8/3/2025
SKU-TSH-0049,Tshirts,XL,0,0,N,8/3/2025
SKU-SHO-0050,Shorts,XXL,0,0,N,8/3/2025
SKU-SHI-0051,Shirts,XS,0,0,N,8/3/2025
SKU-SHI-0052,Shirts,XXL,0,0,N,8/3/2025
SKU-JAC-0053,Jackets,XS,0,0,N,8/3/2025
SKU-SHI-0054,Shirts,XXL,0,0,N,8/3/2025
SKU-JAC-0055,Jackets,XXL,0,0,N,8/3/2025
SKU-SHI-0001,Shirts,S,0,0,N,8/10/2025
SKU-PAN-0002,Pants,L,0,0,N,8/10/2025
SKU-SHI-0003,Shirts,S,0,0,N,8/10/2025
SKU-TSH-0004,Tshirts,XS,0,0,N,8/10/2025
SKU-CRO-0005,Croptops,M,0,0,N,8/10/2025
SKU-SHI-0006,Shirts,L,0,0,N,8/10/2025
SKU-CRO-0007,Croptops,XXL,0,0,N,8/10/2025
SKU-PAN-0008,Pants,XL,0,0,N,8/10/2025
SKU-PAN-0009,Pants,S,0,0,N,8/10/2025
SKU-TSH-0010,Tshirts,M,0,0,N,8/10/2025
SKU-SHO-0011,Shorts,XS,0,0,N,8/10/2025
SKU-TSH-0012,Tshirts,L,0,0,N,8/10/2025
SKU-SHI-0013,Shirts,L,0,0,N,8/10/2025
SKU-CRO-0014,Croptops,XL,0,0,N,8/10/2025
SKU-SHI-0015,Shirts,S,0,0,N,8/10/2025
SKU-PAN-0016,Pants,M,0,0,N,8/10/2025
SKU-SHI-0017,Shirts,XL,0,0,N,8/10/2025
SKU-PAN-0018,Pants,L,0,0,N,8/10/2025
SKU-CRO-0019,Croptops,M,0,0,N,8/10/2025
SKU-PAN-0020,Pants,XL,0,0,N,8/10/2025
SKU-PAN-0021,Pants,XL,0,0,N,8/10/2025
SKU-PAN-0022,Pants,XL,0,0,N,8/10/2025
SKU-SHO-0023,Shorts,XXL,0,0,N,8/10/2025
SKU-SHI-0024,Shirts,M,0,0,N,8/10/2025
SKU-JAC-0025,Jackets,XXL,0,0,N,8/10/2025
SKU-PAN-0026,Pants,M,0,0,N,8/10/2025
SKU-JAC-0027,Jackets,M,0,0,N,8/10/2025
SKU-PAN-0028,Pants,M,0,0,N,8/10/2025
SKU-TSH-0029,Tshirts,XL,0,0,N,8/10/2025
SKU-CRO-0030,Croptops,M,0,0,N,8/10/2025
SKU-JAC-0031,Jackets,M,0,0,N,8/10/2025
SKU-TSH-0032,Tshirts,S,0,0,N,8/10/2025
SKU-SHO-0033,Shorts,S,0,0,N,8/10/2025
SKU-PAN-0034,Pants,XXL,0,0,N,8/10/2025
SKU-CRO-0035,Croptops,XL,0,0,N,8/10/2025
SKU-SHI-0036,Shirts,L,0,0,N,8/10/2025
SKU-CRO-0037,Croptops,XXL,0,0,N,8/10/2025
SKU-CRO-0038,Croptops,M,0,0,N,8/10/2025
SKU-SHO-0039,Shorts,XL,0,0,N,8/10/2025
SKU-SHO-0040,Shorts,XL,0,0,N,8/10/2025
SKU-TSH-0041,Tshirts,XL,3,90,N,8/10/2025
SKU-CRO-0042,Croptops,L,0,0,N,8/10/2025
SKU-CRO-0043,Croptops,XXL,0,0,N,8/10/2025
SKU-JAC-0044,Jackets,XXL,0,0,N,8/10/2025
SKU-SHI-0045,Shirts,XL,0,0,N,8/10/2025
SKU-JAC-0046,Jackets,XXL,0,0,N,8/10/2025
SKU-PAN-0047,Pants,S,0,0,N,8/10/2025
SKU-CRO-0048,Croptops,XS,0,0,N,8/10/2025
SKU-TSH-0049,Tshirts,XL,0,0,N,8/10/2025
SKU-SHO-0050,Shorts,S,0,0,N,8/10/2025
SKU-SHI-0051,Shirts,XS,0,0,N,8/10/2025
SKU-SHI-0052,Shirts,L,0,0,N,8/10/2025
SKU-JAC-0053,Jackets,S,0,0,N,8/10/2025
SKU-SHI-0054,Shirts,XXL,0,0,N,8/10/2025
SKU-JAC-0055,Jackets,L,0,0,N,8/10/2025
SKU-SHI-0001,Shirts,XS,0,0,N,8/17/2025
SKU-PAN-0002,Pants,L,0,0,N,8/17/2025
SKU-SHI-0003,Shirts,XS,0,0,N,8/17/2025
SKU-TSH-0004,Tshirts,XXL,0,0,N,8/17/2025
SKU-CRO-0005,Croptops,XXL,0,0,N,8/17/2025
SKU-SHI-0006,Shirts,XXL,0,0,N,8/17/2025
SKU-CRO-0007,Croptops,XL,0,0,N,8/17/2025
SKU-PAN-0008,Pants,XXL,0,0,N,8/17/2025
SKU-PAN-0009,Pants,L,0,0,N,8/17/2025
SKU-TSH-0010,Tshirts,L,0,0,N,8/17/2025
SKU-SHO-0011,Shorts,L,0,0,N,8/17/2025
SKU-TSH-0012,Tshirts,S,0,0,N,8/17/2025
SKU-SHI-0013,Shirts,XS,0,0,N,8/17/2025
SKU-CRO-0014,Croptops,XL,0,0,N,8/17/2025
SKU-SHI-0015,Shirts,S,0,0,N,8/17/2025
SKU-PAN-0016,Pants,XL,0,0,N,8/17/2025
SKU-SHI-0017,Shirts,L,0,0,N,8/17/2025
SKU-PAN-0018,Pants,S,0,0,N,8/17/2025
SKU-CRO-0019,Croptops,XS,0,0,N,8/17/2025
SKU-PAN-0020,Pants,L,0,0,N,8/17/2025
SKU-PAN-0021,Pants,L,0,0,N,8/17/2025
SKU-PAN-0022,Pants,L,0,0,N,8/17/2025
SKU-SHO-0023,Shorts,L,0,0,N,8/17/2025
SKU-SHI-0024,Shirts,S,0,0,N,8/17/2025
SKU-JAC-0025,Jackets,XS,0,0,N,8/17/2025
SKU-PAN-0026,Pants,XL,0,0,N,8/17/2025
SKU-JAC-0027,Jackets,XS,0,0,N,8/17/2025
SKU-PAN-0028,Pants,L,0,0,N,8/17/2025
SKU-TSH-0029,Tshirts,XL,0,0,N,8/17/2025
SKU-CRO-0030,Croptops,XL,0,0,N,8/17/2025
SKU-JAC-0031,Jackets,XXL,0,0,N,8/17/2025
SKU-TSH-0032,Tshirts,XS,0,0,N,8/17/2025
SKU-SHO-0033,Shorts,M,0,0,N,8/17/2025
SKU-PAN-0034,Pants,S,0,0,N,8/17/2025
SKU-CRO-0035,Croptops,S,0,0,N,8/17/2025
SKU-SHI-0036,Shirts,XXL,0,0,N,8/17/2025
SKU-CRO-0037,Croptops,XXL,0,0,N,8/17/2025
SKU-CRO-0038,Croptops,L,0,0,N,8/17/2025
SKU-SHO-0039,Shorts,XS,0,0,N,8/17/2025
SKU-SHO-0040,Shorts,S,0,0,N,8/17/2025
SKU-TSH-0041,Tshirts,XXL,3,90,N,8/17/2025
SKU-CRO-0042,Croptops,XS,0,0,N,8/17/2025
SKU-CRO-0043,Croptops,XS,0,0,N,8/17/2025
SKU-JAC-0044,Jackets,XL,0,0,N,8/17/2025
SKU-SHI-0045,Shirts,XL,0,0,N,8/17/2025
SKU-JAC-0046,Jackets,M,0,0,N,8/17/2025
SKU-PAN-0047,Pants,M,0,0,N,8/17/2025
SKU-CRO-0048,Croptops,S,0,0,N,8/17/2025
SKU-TSH-0049,Tshirts,L,0,0,N,8/17/2025
SKU-SHO-0050,Shorts,L,0,0,N,8/17/2025
SKU-SHI-0051,Shirts,L,0,0,N,8/17/2025
SKU-SHI-0052,Shirts,S,0,0,N,8/17/2025
SKU-JAC-0053,Jackets,XS,0,0,N,8/17/2025
SKU-SHI-0054,Shirts,XXL,0,0,N,8/17/2025
SKU-JAC-0055,Jackets,XL,0,0,N,8/17/2025
SKU-SHI-0001,Shirts,XS,0,0,N,8/24/2025
SKU-PAN-0002,Pants,XS,0,0,N,8/24/2025
SKU-SHI-0003,Shirts,L,0,0,N,8/24/2025
SKU-TSH-0004,Tshirts,M,0,0,N,8/24/2025
SKU-CRO-0005,Croptops,M,0,0,N,8/24/2025
SKU-SHI-0006,Shirts,XXL,0,0,N,8/24/2025
SKU-CRO-0007,Croptops,XXL,0,0,N,8/24/2025
SKU-PAN-0008,Pants,M,0,0,N,8/24/2025
SKU-PAN-0009,Pants,XL,0,0,N,8/24/2025
SKU-TSH-0010,Tshirts,S,0,0,N,8/24/2025
SKU-SHO-0011,Shorts,XXL,0,0,N,8/24/2025
SKU-TSH-0012,Tshirts,XXL,0,0,N,8/24/2025
SKU-SHI-0013,Shirts,XL,0,0,N,8/24/2025
SKU-CRO-0014,Croptops,L,0,0,N,8/24/2025
SKU-SHI-0015,Shirts,XXL,0,0,N,8/24/2025
SKU-PAN-0016,Pants,S,0,0,N,8/24/2025
SKU-SHI-0017,Shirts,L,0,0,N,8/24/2025
SKU-PAN-0018,Pants,S,0,0,N,8/24/2025
SKU-CRO-0019,Croptops,XXL,0,0,N,8/24/2025
SKU-PAN-0020,Pants,S,0,0,N,8/24/2025
SKU-PAN-0021,Pants,L,0,0,N,8/24/2025
SKU-PAN-0022,Pants,M,0,0,N,8/24/2025
SKU-SHO-0023,Shorts,M,0,0,N,8/24/2025
SKU-SHI-0024,Shirts,XXL,0,0,N,8/24/2025
SKU-JAC-0025,Jackets,M,0,0,N,8/24/2025
SKU-PAN-0026,Pants,M,0,0,N,8/24/2025
SKU-JAC-0027,Jackets,S,0,0,N,8/24/2025
SKU-PAN-0028,Pants,XL,0,0,N,8/24/2025
SKU-TSH-0029,Tshirts,S,0,0,N,8/24/2025
SKU-CRO-0030,Croptops,M,0,0,N,8/24/2025
SKU-JAC-0031,Jackets,XS,0,0,N,8/24/2025
SKU-TSH-0032,Tshirts,S,0,0,N,8/24/2025
SKU-SHO-0033,Shorts,XXL,0,0,N,8/24/2025
SKU-PAN-0034,Pants,XS,0,0,N,8/24/2025
SKU-CRO-0035,Croptops,XL,0,0,N,8/24/2025
SKU-SHI-0036,Shirts,XS,0,0,N,8/24/2025
SKU-CRO-0037,Croptops,M,0,0,N,8/24/2025
SKU-CRO-0038,Croptops,S,0,0,N,8/24/2025
SKU-SHO-0039,Shorts,XS,0,0,N,8/24/2025
SKU-SHO-0040,Shorts,XS,0,0,N,8/24/2025
SKU-TSH-0041,Tshirts,XS,1,10,N,8/24/2025
SKU-CRO-0042,Croptops,S,0,0,N,8/24/2025
SKU-CRO-0043,Croptops,S,0,0,N,8/24/2025
SKU-JAC-0044,Jackets,XS,0,0,N,8/24/2025
SKU-SHI-0045,Shirts,L,0,0,N,8/24/2025
SKU-JAC-0046,Jackets,XL,0,0,N,8/24/2025
SKU-PAN-0047,Pants,XXL,0,0,N,8/24/2025
SKU-CRO-0048,Croptops,XXL,0,0,N,8/24/2025
SKU-TSH-0049,Tshirts,M,0,0,N,8/24/2025
SKU-SHO-0050,Shorts,L,0,0,N,8/24/2025
SKU-SHI-0051,Shirts,XL,0,0,N,8/24/2025
SKU-SHI-0052,Shirts,XS,0,0,N,8/24/2025
SKU-JAC-0053,Jackets,S,0,0,N,8/24/2025
SKU-SHI-0054,Shirts,XS,0,0,N,8/24/2025
SKU-JAC-0055,Jackets,XL,0,999,N,8/24/2025
SKU-SHI-0001,Shirts,L,0,0,N,8/31/2025
SKU-PAN-0002,Pants,S,0,0,N,8/31/2025
SKU-SHI-0003,Shirts,XS,0,0,N,8/31/2025
SKU-TSH-0004,Tshirts,XS,0,0,N,8/31/2025
SKU-CRO-0005,Croptops,XL,0,0,N,8/31/2025
SKU-SHI-0006,Shirts,L,0,0,N,8/31/2025
SKU-CRO-0007,Croptops,L,0,0,N,8/31/2025
SKU-PAN-0008,Pants,L,0,0,N,8/31/2025
SKU-PAN-0009,Pants,L,0,0,N,8/31/2025
SKU-TSH-0010,Tshirts,XL,0,0,N,8/31/2025
SKU-SHO-0011,Shorts,S,0,0,N,8/31/2025
SKU-TSH-0012,Tshirts,XXL,0,0,N,8/31/2025
SKU-SHI-0013,Shirts,XS,0,0,N,8/31/2025
SKU-CRO-0014,Croptops,M,0,0,N,8/31/2025
SKU-SHI-0015,Shirts,XS,0,0,N,8/31/2025
SKU-PAN-0016,Pants,XL,0,0,N,8/31/2025
SKU-SHI-0017,Shirts,M,0,0,N,8/31/2025
SKU-PAN-0018,Pants,L,0,0,N,8/31/2025
SKU-CRO-0019,Croptops,M,0,0,N,8/31/2025
SKU-PAN-0020,Pants,XL,0,0,N,8/31/2025
SKU-PAN-0021,Pants,XS,0,0,N,8/31/2025
SKU-PAN-0022,Pants,XXL,0,0,N,8/31/2025
SKU-SHO-0023,Shorts,XXL,0,0,N,8/31/2025
SKU-SHI-0024,Shirts,M,0,0,N,8/31/2025
SKU-JAC-0025,Jackets,L,0,0,N,8/31/2025
SKU-PAN-0026,Pants,M,0,0,N,8/31/2025
SKU-JAC-0027,Jackets,XL,0,0,N,8/31/2025
SKU-PAN-0028,Pants,L,0,0,N,8/31/2025
SKU-TSH-0029,Tshirts,M,0,0,N,8/31/2025
SKU-CRO-0030,Croptops,S,0,0,N,8/31/2025
SKU-JAC-0031,Jackets,XL,0,0,N,8/31/2025
SKU-TSH-0032,Tshirts,L,0,0,N,8/31/2025
SKU-SHO-0033,Shorts,XL,0,0,N,8/31/2025
SKU-PAN-0034,Pants,M,0,0,N,8/31/2025
SKU-CRO-0035,Croptops,XL,0,0,N,8/31/2025
SKU-SHI-0036,Shirts,XXL,0,0,N,8/31/2025
SKU-CRO-0037,Croptops,M,0,0,N,8/31/2025
SKU-CRO-0038,Croptops,XL,0,0,N,8/31/2025
SKU-SHO-0039,Shorts,XXL,0,0,N,8/31/2025
SKU-SHO-0040,Shorts,M,0,0,N,8/31/2025
SKU-TSH-0041,Tshirts,XL,1,10,N,8/31/2025
SKU-CRO-0042,Croptops,XS,0,0,N,8/31/2025
SKU-CRO-0043,Croptops,M,0,0,N,8/31/2025
SKU-JAC-0044,Jackets,M,0,0,N,8/31/2025
SKU-SHI-0045,Shirts,XXL,0,0,N,8/31/2025
SKU-JAC-0046,Jackets,XS,0,0,N,8/31/2025
SKU-PAN-0047,Pants,XS,0,0,N,8/31/2025
SKU-CRO-0048,Croptops,M,0,0,N,8/31/2025
SKU-TSH-0049,Tshirts,XS,0,0,N,8/31/2025
SKU-SHO-0050,Shorts,S,0,0,N,8/31/2025
SKU-SHI-0051,Shirts,XS,0,0,N,8/31/2025
SKU-SHI-0052,Shirts,M,0,0,N,8/31/2025
SKU-JAC-0053,Jackets,XS,0,0,N,8/31/2025
SKU-SHI-0054,Shirts,XXL,0,0,N,8/31/2025
SKU-JAC-0055,Jackets,L,0,999,N,8/31/2025
SKU-SHI-0001,Shirts,L,0,0,N,9/7/2025
SKU-PAN-0002,Pants,L,0,0,N,9/7/2025
SKU-SHI-0003,Shirts,M,0,0,N,9/7/2025
SKU-TSH-0004,Tshirts,XS,0,0,N,9/7/2025
SKU-CRO-0005,Croptops,L,0,0,N,9/7/2025
SKU-SHI-0006,Shirts,XXL,0,0,N,9/7/2025
SKU-CRO-0007,Croptops,L,0,0,N,9/7/2025
SKU-PAN-0008,Pants,XL,0,0,N,9/7/2025
SKU-PAN-0009,Pants,S,0,0,N,9/7/2025
SKU-TSH-0010,Tshirts,XL,0,0,N,9/7/2025
SKU-SHO-0011,Shorts,M,0,0,N,9/7/2025
SKU-TSH-0012,Tshirts,XS,0,0,N,9/7/2025
SKU-SHI-0013,Shirts,XL,0,0,N,9/7/2025
SKU-CRO-0014,Croptops,L,0,0,N,9/7/2025
SKU-SHI-0015,Shirts,XS,0,0,N,9/7/2025
SKU-PAN-0016,Pants,M,0,0,N,9/7/2025
SKU-SHI-0017,Shirts,S,0,0,N,9/7/2025
SKU-PAN-0018,Pants,XL,0,0,N,9/7/2025
SKU-CRO-0019,Croptops,XS,0,0,N,9/7/2025
SKU-PAN-0020,Pants,M,0,0,N,9/7/2025
SKU-PAN-0021,Pants,XXL,0,0,N,9/7/2025
SKU-PAN-0022,Pants,L,0,0,N,9/7/2025
SKU-SHO-0023,Shorts,XXL,0,0,N,9/7/2025
SKU-SHI-0024,Shirts,XXL,0,0,N,9/7/2025
SKU-JAC-0025,Jackets,XL,0,0,N,9/7/2025
SKU-PAN-0026,Pants,XL,0,0,N,9/7/2025
SKU-JAC-0027,Jackets,XS,0,0,N,9/7/2025
SKU-PAN-0028,Pants,M,0,0,N,9/7/2025
SKU-TSH-0029,Tshirts,M,0,0,N,9/7/2025
SKU-CRO-0030,Croptops,M,0,0,N,9/7/2025
SKU-JAC-0031,Jackets,S,0,0,N,9/7/2025
SKU-TSH-0032,Tshirts,XXL,0,0,N,9/7/2025
SKU-SHO-0033,Shorts,XS,0,0,N,9/7/2025
SKU-PAN-0034,Pants,L,0,0,N,9/7/2025
SKU-CRO-0035,Croptops,M,0,0,N,9/7/2025
SKU-SHI-0036,Shirts,S,0,0,N,9/7/2025
SKU-CRO-0037,Croptops,S,0,0,N,9/7/2025
SKU-CRO-0038,Croptops,XXL,0,0,N,9/7/2025
SKU-SHO-0039,Shorts,XXL,0,0,N,9/7/2025
SKU-SHO-0040,Shorts,XXL,0,0,N,9/7/2025
SKU-TSH-0041,Tshirts,XS,1,10,N,9/7/2025
SKU-CRO-0042,Croptops,XS,0,0,N,9/7/2025
SKU-CRO-0043,Croptops,XXL,0,0,N,9/7/2025
SKU-JAC-0044,Jackets,S,0,0,N,9/7/2025
SKU-SHI-0045,Shirts,L,0,0,N,9/7/2025
SKU-JAC-0046,Jackets,L,0,0,N,9/7/2025
SKU-PAN-0047,Pants,XS,0,0,N,9/7/2025
SKU-CRO-0048,Croptops,XL,0,0,N,9/7/2025
SKU-TSH-0049,Tshirts,S,0,0,N,9/7/2025
SKU-SHO-0050,Shorts,XS,0,0,N,9/7/2025
SKU-SHI-0051,Shirts,S,0,0,N,9/7/2025
SKU-SHI-0052,Shirts,XL,0,0,N,9/7/2025
SKU-JAC-0053,Jackets,S,0,0,N,9/7/2025
SKU-SHI-0054,Shirts,S,0,0,N,9/7/2025
SKU-JAC-0055,Jackets,XXL,0,0,N,9/7/2025
SKU-SHI-0001,Shirts,XXL,0,0,N,9/14/2025
SKU-PAN-0002,Pants,S,0,0,N,9/14/2025
SKU-SHI-0003,Shirts,XL,0,0,N,9/14/2025
SKU-TSH-0004,Tshirts,XS,0,0,N,9/14/2025
SKU-CRO-0005,Croptops,XXL,0,0,N,9/14/2025
SKU-SHI-0006,Shirts,M,0,0,N,9/14/2025
SKU-CRO-0007,Croptops,M,0,0,N,9/14/2025
SKU-PAN-0008,Pants,XXL,0,0,N,9/14/2025
SKU-PAN-0009,Pants,XS,0,0,N,9/14/2025
SKU-TSH-0010,Tshirts,M,0,0,N,9/14/2025
SKU-SHO-0011,Shorts,XL,0,0,N,9/14/2025
SKU-TSH-0012,Tshirts,M,0,0,N,9/14/2025
SKU-SHI-0013,Shirts,S,0,0,N,9/14/2025
SKU-CRO-0014,Croptops,XL,0,0,N,9/14/2025
SKU-SHI-0015,Shirts,L,0,0,N,9/14/2025
SKU-PAN-0016,Pants,XL,0,0,N,9/14/2025
SKU-SHI-0017,Shirts,XXL,0,0,N,9/14/2025
SKU-PAN-0018,Pants,XS,0,0,N,9/14/2025
SKU-CRO-0019,Croptops,XS,0,0,N,9/14/2025
SKU-PAN-0020,Pants,M,0,0,N,9/14/2025
SKU-PAN-0021,Pants,M,0,0,N,9/14/2025
SKU-PAN-0022,Pants,M,0,0,N,9/14/2025
SKU-SHO-0023,Shorts,XXL,0,0,N,9/14/2025
SKU-SHI-0024,Shirts,XXL,0,0,N,9/14/2025
SKU-JAC-0025,Jackets,XS,0,0,N,9/14/2025
SKU-PAN-0026,Pants,L,0,0,N,9/14/2025
SKU-JAC-0027,Jackets,XS,0,0,N,9/14/2025
SKU-PAN-0028,Pants,XL,0,0,N,9/14/2025
SKU-TSH-0029,Tshirts,XS,0,0,N,9/14/2025
SKU-CRO-0030,Croptops,XXL,0,0,N,9/14/2025
SKU-JAC-0031,Jackets,XXL,0,0,N,9/14/2025
SKU-TSH-0032,Tshirts,M,0,0,N,9/14/2025
SKU-SHO-0033,Shorts,XL,0,0,N,9/14/2025
SKU-PAN-0034,Pants,M,0,0,N,9/14/2025
SKU-CRO-0035,Croptops,XXL,0,0,N,9/14/2025
SKU-SHI-0036,Shirts,L,0,0,N,9/14/2025
SKU-CRO-0037,Croptops,XS,0,0,N,9/14/2025
SKU-CRO-0038,Croptops,L,0,0,N,9/14/2025
SKU-SHO-0039,Shorts,XXL,0,0,N,9/14/2025
SKU-SHO-0040,Shorts,M,0,0,N,9/14/2025
SKU-TSH-0041,Tshirts,XXL,1,15,N,9/14/2025
SKU-CRO-0042,Croptops,M,0,0,N,9/14/2025
SKU-CRO-0043,Croptops,L,0,999,N,9/14/2025
SKU-JAC-0044,Jackets,S,0,0,N,9/14/2025
SKU-SHI-0045,Shirts,M,0,0,N,9/14/2025
SKU-JAC-0046,Jackets,S,0,0,N,9/14/2025
SKU-PAN-0047,Pants,XL,0,0,N,9/14/2025
SKU-CRO-0048,Croptops,XXL,0,0,N,9/14/2025
SKU-TSH-0049,Tshirts,L,0,0,N,9/14/2025
SKU-SHO-0050,Shorts,XXL,0,0,N,9/14/2025
SKU-SHI-0051,Shirts,S,0,0,N,9/14/2025
SKU-SHI-0052,Shirts,XXL,0,0,N,9/14/2025
SKU-JAC-0053,Jackets,L,0,0,N,9/14/2025
SKU-SHI-0054,Shirts,M,0,0,N,9/14/2025
SKU-JAC-0055,Jackets,XXL,0,0,N,9/14/2025
SKU-SHI-0001,Shirts,S,0,0,N,9/21/2025
SKU-PAN-0002,Pants,M,0,0,N,9/21/2025
SKU-SHI-0003,Shirts,XS,0,0,N,9/21/2025
SKU-TSH-0004,Tshirts,L,0,0,N,9/21/2025
SKU-CRO-0005,Croptops,XXL,0,0,N,9/21/2025
SKU-SHI-0006,Shirts,M,0,0,N,9/21/2025
SKU-CRO-0007,Croptops,M,0,0,N,9/21/2025
SKU-PAN-0008,Pants,L,0,0,N,9/21/2025
SKU-PAN-0009,Pants,XS,0,0,N,9/21/2025
SKU-TSH-0010,Tshirts,M,0,0,N,9/21/2025
SKU-SHO-0011,Shorts,XL,0,0,N,9/21/2025
SKU-TSH-0012,Tshirts,L,0,0,N,9/21/2025
SKU-SHI-0013,Shirts,XL,0,0,N,9/21/2025
SKU-CRO-0014,Croptops,XXL,0,0,N,9/21/2025
SKU-SHI-0015,Shirts,XS,0,0,N,9/21/2025
SKU-PAN-0016,Pants,XXL,0,0,N,9/21/2025
SKU-SHI-0017,Shirts,S,0,0,N,9/21/2025
SKU-PAN-0018,Pants,XXL,0,0,N,9/21/2025
SKU-CRO-0019,Croptops,M,0,0,N,9/21/2025
SKU-PAN-0020,Pants,M,0,0,N,9/21/2025
SKU-PAN-0021,Pants,S,0,0,N,9/21/2025
SKU-PAN-0022,Pants,L,0,0,N,9/21/2025
SKU-SHO-0023,Shorts,XS,0,0,N,9/21/2025
SKU-SHI-0024,Shirts,S,0,0,N,9/21/2025
SKU-JAC-0025,Jackets,L,0,0,N,9/21/2025
SKU-PAN-0026,Pants,XS,0,0,N,9/21/2025
SKU-JAC-0027,Jackets,L,0,0,N,9/21/2025
SKU-PAN-0028,Pants,XXL,0,0,N,9/21/2025
SKU-TSH-0029,Tshirts,M,0,0,N,9/21/2025
SKU-CRO-0030,Croptops,M,0,0,N,9/21/2025
SKU-JAC-0031,Jackets,L,0,0,N,9/21/2025
SKU-TSH-0032,Tshirts,L,0,0,N,9/21/2025
SKU-SHO-0033,Shorts,XL,0,0,N,9/21/2025
SKU-PAN-0034,Pants,XS,0,0,N,9/21/2025
SKU-CRO-0035,Croptops,M,0,0,N,9/21/2025
SKU-SHI-0036,Shirts,XL,0,0,N,9/21/2025
SKU-CRO-0037,Croptops,L,0,0,N,9/21/2025
SKU-CRO-0038,Croptops,L,0,0,N,9/21/2025
SKU-SHO-0039,Shorts,M,0,0,N,9/21/2025
SKU-SHO-0040,Shorts,S,0,0,N,9/21/2025
SKU-TSH-0041,Tshirts,S,0,0,N,9/21/2025
SKU-CRO-0042,Croptops,S,0,0,N,9/21/2025
SKU-CRO-0043,Croptops,M,0,0,N,9/21/2025
SKU-JAC-0044,Jackets,L,0,0,N,9/21/2025
SKU-SHI-0045,Shirts,M,0,0,N,9/21/2025
SKU-JAC-0046,Jackets,XL,0,0,N,9/21/2025
SKU-PAN-0047,Pants,M,0,0,N,9/21/2025
SKU-CRO-0048,Croptops,M,0,0,N,9/21/2025
SKU-TSH-0049,Tshirts,L,0,0,N,9/21/2025
SKU-SHO-0050,Shorts,S,0,0,N,9/21/2025
SKU-SHI-0051,Shirts,M,0,0,N,9/21/2025
SKU-SHI-0052,Shirts,XL,0,0,N,9/21/2025
SKU-JAC-0053,Jackets,XXL,0,0,N,9/21/2025
SKU-SHI-0054,Shirts,M,0,0,N,9/21/2025
SKU-JAC-0055,Jackets,XXL,0,0,N,9/21/2025
SKU-SHI-0001,Shirts,XL,0,0,N,9/28/2025
SKU-PAN-0002,Pants,L,0,0,N,9/28/2025
SKU-SHI-0003,Shirts,S,0,0,N,9/28/2025
SKU-TSH-0004,Tshirts,M,0,0,N,9/28/2025
SKU-CRO-0005,Croptops,XXL,0,0,N,9/28/2025
SKU-SHI-0006,Shirts,L,0,0,N,9/28/2025
SKU-CRO-0007,Croptops,L,0,0,N,9/28/2025
SKU-PAN-0008,Pants,M,0,0,N,9/28/2025
SKU-PAN-0009,Pants,XL,0,0,N,9/28/2025
SKU-TSH-0010,Tshirts,XL,0,0,N,9/28/2025
SKU-SHO-0011,Shorts,XS,0,0,N,9/28/2025
SKU-TSH-0012,Tshirts,M,0,0,N,9/28/2025
SKU-SHI-0013,Shirts,XL,0,0,N,9/28/2025
SKU-CRO-0014,Croptops,XL,0,0,N,9/28/2025
SKU-SHI-0015,Shirts,XXL,0,0,N,9/28/2025
SKU-PAN-0016,Pants,S,0,0,N,9/28/2025
SKU-SHI-0017,Shirts,S,0,0,N,9/28/2025
SKU-PAN-0018,Pants,M,0,0,N,9/28/2025
SKU-CRO-0019,Croptops,L,0,0,N,9/28/2025
SKU-PAN-0020,Pants,L,0,0,N,9/28/2025
SKU-PAN-0021,Pants,M,0,0,N,9/28/2025
SKU-PAN-0022,Pants,S,0,0,N,9/28/2025
SKU-SHO-0023,Shorts,XXL,0,0,N,9/28/2025
SKU-SHI-0024,Shirts,S,0,0,N,9/28/2025
SKU-JAC-0025,Jackets,XL,0,0,N,9/28/2025
SKU-PAN-0026,Pants,S,0,0,N,9/28/2025
SKU-JAC-0027,Jackets,XS,0,0,N,9/28/2025
SKU-PAN-0028,Pants,L,0,0,N,9/28/2025
SKU-TSH-0029,Tshirts,S,0,0,N,9/28/2025
SKU-CRO-0030,Croptops,M,0,0,N,9/28/2025
SKU-JAC-0031,Jackets,M,0,0,N,9/28/2025
SKU-TSH-0032,Tshirts,M,0,0,N,9/28/2025
SKU-SHO-0033,Shorts,M,0,0,N,9/28/2025
SKU-PAN-0034,Pants,L,0,0,N,9/28/2025
SKU-CRO-0035,Croptops,XXL,0,0,N,9/28/2025
SKU-SHI-0036,Shirts,M,0,0,N,9/28/2025
SKU-CRO-0037,Croptops,S,0,0,N,9/28/2025
SKU-CRO-0038,Croptops,XXL,0,0,N,9/28/2025
SKU-SHO-0039,Shorts,XS,0,0,N,9/28/2025
SKU-SHO-0040,Shorts,L,0,0,N,9/28/2025
SKU-TSH-0041,Tshirts,XL,0,0,N,9/28/2025
SKU-CRO-0042,Croptops,S,0,0,N,9/28/2025
SKU-CRO-0043,Croptops,XL,0,0,N,9/28/2025
SKU-JAC-0044,Jackets,XXL,0,0,N,9/28/2025
SKU-SHI-0045,Shirts,M,0,0,N,9/28/2025
SKU-JAC-0046,Jackets,M,0,0,N,9/28/2025
SKU-PAN-0047,Pants,L,0,0,N,9/28/2025
SKU-CRO-0048,Croptops,L,0,0,N,9/28/2025
SKU-TSH-0049,Tshirts,XL,0,0,N,9/28/2025
SKU-SHO-0050,Shorts,S,0,0,N,9/28/2025
SKU-SHI-0051,Shirts,XL,0,0,N,9/28/2025
SKU-SHI-0052,Shirts,XS,0,0,N,9/28/2025
SKU-JAC-0053,Jackets,XL,0,0,N,9/28/2025
SKU-SHI-0054,Shirts,S,0,0,N,9/28/2025
SKU-JAC-0055,Jackets,S,0,0,N,9/28/2025
SKU-SHI-0001,Shirts,S,0,0,N,10/5/2025
SKU-PAN-0002,Pants,M,0,0,N,10/5/2025
SKU-SHI-0003,Shirts,XL,0,0,N,10/5/2025
SKU-TSH-0004,Tshirts,XL,0,0,N,10/5/2025
SKU-CRO-0005,Croptops,M,0,0,N,10/5/2025
SKU-SHI-0006,Shirts,S,0,0,N,10/5/2025
SKU-CRO-0007,Croptops,M,0,0,N,10/5/2025
SKU-PAN-0008,Pants,XXL,0,0,N,10/5/2025
SKU-PAN-0009,Pants,M,0,0,N,10/5/2025
SKU-TSH-0010,Tshirts,XXL,0,0,N,10/5/2025
SKU-SHO-0011,Shorts,L,0,0,N,10/5/2025
SKU-TSH-0012,Tshirts,M,0,0,N,10/5/2025
SKU-SHI-0013,Shirts,M,0,0,N,10/5/2025
SKU-CRO-0014,Croptops,XL,0,0,N,10/5/2025
SKU-SHI-0015,Shirts,XXL,0,0,N,10/5/2025
SKU-PAN-0016,Pants,XXL,0,0,N,10/5/2025
SKU-SHI-0017,Shirts,M,0,0,N,10/5/2025
SKU-PAN-0018,Pants,M,0,0,N,10/5/2025
SKU-CRO-0019,Croptops,S,0,0,N,10/5/2025
SKU-PAN-0020,Pants,XL,0,0,N,10/5/2025
SKU-PAN-0021,Pants,S,0,0,N,10/5/2025
SKU-PAN-0022,Pants,XL,0,0,N,10/5/2025
SKU-SHO-0023,Shorts,XL,0,0,N,10/5/2025
SKU-SHI-0024,Shirts,M,0,0,N,10/5/2025
SKU-JAC-0025,Jackets,M,0,0,N,10/5/2025
SKU-PAN-0026,Pants,M,0,0,N,10/5/2025
SKU-JAC-0027,Jackets,L,0,0,N,10/5/2025
SKU-PAN-0028,Pants,XXL,0,0,N,10/5/2025
SKU-TSH-0029,Tshirts,L,0,0,N,10/5/2025
SKU-CRO-0030,Croptops,XS,0,0,N,10/5/2025
SKU-JAC-0031,Jackets,S,0,0,N,10/5/2025
SKU-TSH-0032,Tshirts,L,0,0,N,10/5/2025
SKU-SHO-0033,Shorts,L,0,0,N,10/5/2025
SKU-PAN-0034,Pants,XL,0,0,N,10/5/2025
SKU-CRO-0035,Croptops,S,0,0,N,10/5/2025
SKU-SHI-0036,Shirts,XS,0,0,N,10/5/2025
SKU-CRO-0037,Croptops,S,0,0,N,10/5/2025
SKU-CRO-0038,Croptops,XS,0,0,N,10/5/2025
SKU-SHO-0039,Shorts,XL,0,0,N,10/5/2025
SKU-SHO-0040,Shorts,XXL,0,0,N,10/5/2025
SKU-TSH-0041,Tshirts,M,0,0,N,10/5/2025
SKU-CRO-0042,Croptops,XXL,0,0,N,10/5/2025
SKU-CRO-0043,Croptops,XXL,0,0,N,10/5/2025
SKU-JAC-0044,Jackets,XL,0,0,N,10/5/2025
SKU-SHI-0045,Shirts,M,0,0,N,10/5/2025
SKU-JAC-0046,Jackets,XXL,0,0,N,10/5/2025
SKU-PAN-0047,Pants,XS,0,0,N,10/5/2025
SKU-CRO-0048,Croptops,S,0,0,N,10/5/2025
SKU-TSH-0049,Tshirts,XL,0,0,N,10/5/2025
SKU-SHO-0050,Shorts,XXL,0,0,N,10/5/2025
SKU-SHI-0051,Shirts,M,0,0,N,10/5/2025
SKU-SHI-0052,Shirts,XXL,0,0,N,10/5/2025
SKU-JAC-0053,Jackets,S,0,0,N,10/5/2025
SKU-SHI-0054,Shirts,XXL,0,0,N,10/5/2025
SKU-JAC-0055,Jackets,L,0,0,N,10/5/2025
SKU-SHI-0001,Shirts,S,0,0,N,10/12/2025
SKU-PAN-0002,Pants,S,0,0,N,10/12/2025
SKU-SHI-0003,Shirts,L,0,0,N,10/12/2025
SKU-TSH-0004,Tshirts,XXL,0,0,N,10/12/2025
SKU-CRO-0005,Croptops,XS,0,0,N,10/12/2025
SKU-SHI-0006,Shirts,S,0,0,N,10/12/2025
SKU-CRO-0007,Croptops,S,0,0,N,10/12/2025
SKU-PAN-0008,Pants,M,0,0,N,10/12/2025
SKU-PAN-0009,Pants,M,0,0,N,10/12/2025
SKU-TSH-0010,Tshirts,XL,0,0,N,10/12/2025
SKU-SHO-0011,Shorts,M,0,0,N,10/12/2025
SKU-TSH-0012,Tshirts,S,0,0,N,10/12/2025
SKU-SHI-0013,Shirts,L,0,0,N,10/12/2025
SKU-CRO-0014,Croptops,M,0,0,N,10/12/2025
SKU-SHI-0015,Shirts,XL,0,0,N,10/12/2025
SKU-PAN-0016,Pants,S,0,0,N,10/12/2025
SKU-SHI-0017,Shirts,M,0,0,N,10/12/2025
SKU-PAN-0018,Pants,XS,0,0,N,10/12/2025
SKU-CRO-0019,Croptops,M,0,0,N,10/12/2025
SKU-PAN-0020,Pants,S,0,0,N,10/12/2025
SKU-PAN-0021,Pants,L,0,0,N,10/12/2025
SKU-PAN-0022,Pants,XXL,0,0,N,10/12/2025
SKU-SHO-0023,Shorts,S,0,0,N,10/12/2025
SKU-SHI-0024,Shirts,S,0,0,N,10/12/2025
SKU-JAC-0025,Jackets,L,0,0,N,10/12/2025
SKU-PAN-0026,Pants,M,0,0,N,10/12/2025
SKU-JAC-0027,Jackets,XS,0,0,N,10/12/2025
SKU-PAN-0028,Pants,XL,0,0,N,10/12/2025
SKU-TSH-0029,Tshirts,S,0,0,N,10/12/2025
SKU-CRO-0030,Croptops,S,0,0,N,10/12/2025
SKU-JAC-0031,Jackets,M,0,0,N,10/12/2025
SKU-TSH-0032,Tshirts,L,0,0,N,10/12/2025
SKU-SHO-0033,Shorts,S,0,0,N,10/12/2025
SKU-PAN-0034,Pants,XL,0,0,N,10/12/2025
SKU-CRO-0035,Croptops,XXL,0,0,N,10/12/2025
SKU-SHI-0036,Shirts,XS,0,0,N,10/12/2025
SKU-CRO-0037,Croptops,M,0,0,N,10/12/2025
SKU-CRO-0038,Croptops,S,0,0,N,10/12/2025
SKU-SHO-0039,Shorts,XL,0,0,N,10/12/2025
SKU-SHO-0040,Shorts,XL,0,0,N,10/12/2025
SKU-TSH-0041,Tshirts,XL,0,0,N,10/12/2025
SKU-CRO-0042,Croptops,M,0,0,N,10/12/2025
SKU-CRO-0043,Croptops,XS,0,0,N,10/12/2025
SKU-JAC-0044,Jackets,S,0,0,N,10/12/2025
SKU-SHI-0045,Shirts,XL,0,0,N,10/12/2025
SKU-JAC-0046,Jackets,S,0,0,N,10/12/2025
SKU-PAN-0047,Pants,L,0,0,N,10/12/2025
SKU-CRO-0048,Croptops,XXL,0,0,N,10/12/2025
SKU-TSH-0049,Tshirts,S,0,0,N,10/12/2025
SKU-SHO-0050,Shorts,L,0,0,N,10/12/2025
SKU-SHI-0051,Shirts,XL,0,0,N,10/12/2025
SKU-SHI-0052,Shirts,M,0,0,N,10/12/2025
SKU-JAC-0053,Jackets,XXL,0,0,N,10/12/2025
SKU-SHI-0054,Shirts,XS,0,0,N,10/12/2025
SKU-JAC-0055,Jackets,XXL,0,0,N,10/12/2025
SKU-SHI-0001,Shirts,XS,0,0,N,10/19/2025
SKU-PAN-0002,Pants,L,0,0,N,10/19/2025
SKU-SHI-0003,Shirts,L,0,0,N,10/19/2025
SKU-TSH-0004,Tshirts,XS,0,0,N,10/19/2025
SKU-CRO-0005,Croptops,M,0,0,N,10/19/2025
SKU-SHI-0006,Shirts,XXL,0,0,N,10/19/2025
SKU-CRO-0007,Croptops,L,0,0,N,10/19/2025
SKU-PAN-0008,Pants,XL,0,0,N,10/19/2025
SKU-PAN-0009,Pants,XS,0,0,N,10/19/2025
SKU-TSH-0010,Tshirts,S,0,0,N,10/19/2025
SKU-SHO-0011,Shorts,S,0,0,N,10/19/2025
SKU-TSH-0012,Tshirts,XXL,0,0,N,10/19/2025
SKU-SHI-0013,Shirts,XXL,0,0,N,10/19/2025
SKU-CRO-0014,Croptops,M,0,0,N,10/19/2025
SKU-SHI-0015,Shirts,L,0,0,N,10/19/2025
SKU-PAN-0016,Pants,S,0,0,N,10/19/2025
SKU-SHI-0017,Shirts,XL,0,0,N,10/19/2025
SKU-PAN-0018,Pants,M,0,0,N,10/19/2025
SKU-CRO-0019,Croptops,L,0,0,N,10/19/2025
SKU-PAN-0020,Pants,M,0,0,N,10/19/2025
SKU-PAN-0021,Pants,M,0,0,N,10/19/2025
SKU-PAN-0022,Pants,XL,0,0,N,10/19/2025
SKU-SHO-0023,Shorts,XXL,0,0,N,10/19/2025
SKU-SHI-0024,Shirts,L,0,0,N,10/19/2025
SKU-JAC-0025,Jackets,XS,0,0,N,10/19/2025
SKU-PAN-0026,Pants,L,0,0,N,10/19/2025
SKU-JAC-0027,Jackets,M,0,0,N,10/19/2025
SKU-PAN-0028,Pants,M,0,0,N,10/19/2025
SKU-TSH-0029,Tshirts,M,0,0,N,10/19/2025
SKU-CRO-0030,Croptops,L,0,0,N,10/19/2025
SKU-JAC-0031,Jackets,XXL,0,0,N,10/19/2025
SKU-TSH-0032,Tshirts,S,0,0,N,10/19/2025
SKU-SHO-0033,Shorts,M,0,0,N,10/19/2025
SKU-PAN-0034,Pants,XL,0,0,N,10/19/2025
SKU-CRO-0035,Croptops,XL,0,0,N,10/19/2025
SKU-SHI-0036,Shirts,S,0,0,N,10/19/2025
SKU-CRO-0037,Croptops,M,0,0,N,10/19/2025
SKU-CRO-0038,Croptops,L,0,0,N,10/19/2025
SKU-SHO-0039,Shorts,XL,0,0,N,10/19/2025
SKU-SHO-0040,Shorts,L,0,0,N,10/19/2025
SKU-TSH-0041,Tshirts,M,0,0,N,10/19/2025
SKU-CRO-0042,Croptops,L,0,0,N,10/19/2025
SKU-CRO-0043,Croptops,M,0,0,N,10/19/2025
SKU-JAC-0044,Jackets,L,0,0,N,10/19/2025
SKU-SHI-0045,Shirts,XS,0,0,N,10/19/2025
SKU-JAC-0046,Jackets,XL,0,0,N,10/19/2025
SKU-PAN-0047,Pants,XL,0,0,N,10/19/2025
SKU-CRO-0048,Croptops,XL,0,0,N,10/19/2025
SKU-TSH-0049,Tshirts,S,0,0,N,10/19/2025
SKU-SHO-0050,Shorts,M,0,0,N,10/19/2025
SKU-SHI-0051,Shirts,XL,0,0,N,10/19/2025
SKU-SHI-0052,Shirts,XXL,0,0,N,10/19/2025
SKU-JAC-0053,Jackets,XXL,0,0,N,10/19/2025
SKU-SHI-0054,Shirts,L,0,0,N,10/19/2025
SKU-JAC-0055,Jackets,XXL,0,0,N,10/19/2025
SKU-SHI-0001,Shirts,L,0,0,N,10/26/2025
SKU-PAN-0002,Pants,L,0,0,N,10/26/2025
SKU-SHI-0003,Shirts,XXL,0,0,N,10/26/2025
SKU-TSH-0004,Tshirts,M,0,0,N,10/26/2025
SKU-CRO-0005,Croptops,XXL,0,0,N,10/26/2025
SKU-SHI-0006,Shirts,XXL,0,0,N,10/26/2025
SKU-CRO-0007,Croptops,S,0,0,N,10/26/2025
SKU-PAN-0008,Pants,M,0,0,N,10/26/2025
SKU-PAN-0009,Pants,M,0,0,N,10/26/2025
SKU-TSH-0010,Tshirts,XL,0,0,N,10/26/2025
SKU-SHO-0011,Shorts,XXL,0,0,N,10/26/2025
SKU-TSH-0012,Tshirts,XL,0,0,N,10/26/2025
SKU-SHI-0013,Shirts,S,0,0,N,10/26/2025
SKU-CRO-0014,Croptops,S,0,0,N,10/26/2025
SKU-SHI-0015,Shirts,XL,0,0,N,10/26/2025
SKU-PAN-0016,Pants,XL,0,0,N,10/26/2025
SKU-SHI-0017,Shirts,M,0,0,N,10/26/2025
SKU-PAN-0018,Pants,L,0,0,N,10/26/2025
SKU-CRO-0019,Croptops,S,0,0,N,10/26/2025
SKU-PAN-0020,Pants,XXL,0,0,N,10/26/2025
SKU-PAN-0021,Pants,XL,0,0,N,10/26/2025
SKU-PAN-0022,Pants,S,0,0,N,10/26/2025
SKU-SHO-0023,Shorts,XS,0,0,N,10/26/2025
SKU-SHI-0024,Shirts,XS,0,0,N,10/26/2025
SKU-JAC-0025,Jackets,M,0,0,N,10/26/2025
SKU-PAN-0026,Pants,XXL,0,0,N,10/26/2025
SKU-JAC-0027,Jackets,XXL,0,0,N,10/26/2025
SKU-PAN-0028,Pants,L,0,0,N,10/26/2025
SKU-TSH-0029,Tshirts,XL,0,0,N,10/26/2025
SKU-CRO-0030,Croptops,M,0,0,N,10/26/2025
SKU-JAC-0031,Jackets,XS,0,0,N,10/26/2025
SKU-TSH-0032,Tshirts,XXL,0,0,N,10/26/2025
SKU-SHO-0033,Shorts,XXL,0,0,N,10/26/2025
SKU-PAN-0034,Pants,M,0,0,N,10/26/2025
SKU-CRO-0035,Croptops,XS,0,0,N,10/26/2025
SKU-SHI-0036,Shirts,XL,0,0,N,10/26/2025
SKU-CRO-0037,Croptops,XS,0,0,N,10/26/2025
SKU-CRO-0038,Croptops,XL,0,0,N,10/26/2025
SKU-SHO-0039,Shorts,M,0,0,N,10/26/2025
SKU-SHO-0040,Shorts,L,0,0,N,10/26/2025
SKU-TSH-0041,Tshirts,S,0,0,N,10/26/2025
SKU-CRO-0042,Croptops,XS,0,0,N,10/26/2025
SKU-CRO-0043,Croptops,M,0,0,N,10/26/2025
SKU-JAC-0044,Jackets,XS,0,0,N,10/26/2025
SKU-SHI-0045,Shirts,XL,0,0,N,10/26/2025
SKU-JAC-0046,Jackets,XL,0,0,N,10/26/2025
SKU-PAN-0047,Pants,L,0,0,N,10/26/2025
SKU-CRO-0048,Croptops,L,0,0,N,10/26/2025
SKU-TSH-0049,Tshirts,XL,0,0,N,10/26/2025
SKU-SHO-0050,Shorts,XS,0,0,N,10/26/2025
SKU-SHI-0051,Shirts,S,0,0,N,10/26/2025
SKU-SHI-0052,Shirts,XXL,0,0,N,10/26/2025
SKU-JAC-0053,Jackets,XXL,0,0,N,10/26/2025
SKU-SHI-0054,Shirts,XXL,0,0,N,10/26/2025
SKU-JAC-0055,Jackets,XL,0,0,N,10/26/2025
SKU-SHI-0001,Shirts,L,0,0,N,11/2/2025
SKU-PAN-0002,Pants,L,0,0,N,11/2/2025
SKU-SHI-0003,Shirts,XS,0,0,N,11/2/2025
SKU-TSH-0004,Tshirts,S,0,0,N,11/2/2025
SKU-CRO-0005,Croptops,XXL,0,0,N,11/2/2025
SKU-SHI-0006,Shirts,L,0,0,N,11/2/2025
SKU-CRO-0007,Croptops,M,0,0,N,11/2/2025
SKU-PAN-0008,Pants,L,0,0,N,11/2/2025
SKU-PAN-0009,Pants,S,0,0,N,11/2/2025
SKU-TSH-0010,Tshirts,M,0,0,N,11/2/2025
SKU-SHO-0011,Shorts,XS,0,0,N,11/2/2025
SKU-TSH-0012,Tshirts,L,0,0,N,11/2/2025
SKU-SHI-0013,Shirts,XS,0,0,N,11/2/2025
SKU-CRO-0014,Croptops,XS,0,0,N,11/2/2025
SKU-SHI-0015,Shirts,XS,0,0,N,11/2/2025
SKU-PAN-0016,Pants,M,0,0,N,11/2/2025
SKU-SHI-0017,Shirts,S,0,0,N,11/2/2025
SKU-PAN-0018,Pants,S,0,0,N,11/2/2025
SKU-CRO-0019,Croptops,XL,0,0,N,11/2/2025
SKU-PAN-0020,Pants,S,0,0,N,11/2/2025
SKU-PAN-0021,Pants,XXL,0,0,N,11/2/2025
SKU-PAN-0022,Pants,XXL,0,0,N,11/2/2025
SKU-SHO-0023,Shorts,XXL,0,0,N,11/2/2025
SKU-SHI-0024,Shirts,M,0,0,N,11/2/2025
SKU-JAC-0025,Jackets,L,0,0,N,11/2/2025
SKU-PAN-0026,Pants,XXL,0,0,N,11/2/2025
SKU-JAC-0027,Jackets,L,0,0,N,11/2/2025
SKU-PAN-0028,Pants,XXL,0,0,N,11/2/2025
SKU-TSH-0029,Tshirts,XS,0,0,N,11/2/2025
SKU-CRO-0030,Croptops,L,0,0,N,11/2/2025
SKU-JAC-0031,Jackets,XXL,0,0,N,11/2/2025
SKU-TSH-0032,Tshirts,XL,0,0,N,11/2/2025
SKU-SHO-0033,Shorts,XXL,0,0,N,11/2/2025
SKU-PAN-0034,Pants,XL,0,0,N,11/2/2025
SKU-CRO-0035,Croptops,XS,0,0,N,11/2/2025
SKU-SHI-0036,Shirts,S,0,0,N,11/2/2025
SKU-CRO-0037,Croptops,M,0,0,N,11/2/2025
SKU-CRO-0038,Croptops,XS,0,0,N,11/2/2025
SKU-SHO-0039,Shorts,M,0,0,N,11/2/2025
SKU-SHO-0040,Shorts,XS,0,0,N,11/2/2025
SKU-TSH-0041,Tshirts,XS,0,0,N,11/2/2025
SKU-CRO-0042,Croptops,S,0,0,N,11/2/2025
SKU-CRO-0043,Croptops,XS,0,0,N,11/2/2025
SKU-JAC-0044,Jackets,XL,0,0,N,11/2/2025
SKU-SHI-0045,Shirts,L,0,0,N,11/2/2025
SKU-JAC-0046,Jackets,L,0,0,N,11/2/2025
SKU-PAN-0047,Pants,L,0,0,N,11/2/2025
SKU-CRO-0048,Croptops,L,0,0,N,11/2/2025
SKU-TSH-0049,Tshirts,S,0,0,N,11/2/2025
SKU-SHO-0050,Shorts,L,0,0,N,11/2/2025
SKU-SHI-0051,Shirts,L,0,0,N,11/2/2025
SKU-SHI-0052,Shirts,XXL,0,0,N,11/2/2025
SKU-JAC-0053,Jackets,XL,0,0,N,11/2/2025
SKU-SHI-0054,Shirts,L,0,0,N,11/2/2025
SKU-JAC-0055,Jackets,M,0,0,N,11/2/2025
SKU-SHI-0001,Shirts,XS,0,0,N,11/9/2025
SKU-PAN-0002,Pants,XL,0,0,N,11/9/2025
SKU-SHI-0003,Shirts,M,0,0,N,11/9/2025
SKU-TSH-0004,Tshirts,XS,0,0,N,11/9/2025
SKU-CRO-0005,Croptops,XXL,0,0,N,11/9/2025
SKU-SHI-0006,Shirts,XL,0,0,N,11/9/2025
SKU-CRO-0007,Croptops,XL,0,0,N,11/9/2025
SKU-PAN-0008,Pants,M,0,0,N,11/9/2025
SKU-PAN-0009,Pants,S,0,0,N,11/9/2025
SKU-TSH-0010,Tshirts,S,0,0,N,11/9/2025
SKU-SHO-0011,Shorts,M,0,0,N,11/9/2025
SKU-TSH-0012,Tshirts,XL,0,0,N,11/9/2025
SKU-SHI-0013,Shirts,L,0,0,N,11/9/2025
SKU-CRO-0014,Croptops,XXL,0,0,N,11/9/2025
SKU-SHI-0015,Shirts,XS,0,0,N,11/9/2025
SKU-PAN-0016,Pants,XS,0,0,N,11/9/2025
SKU-SHI-0017,Shirts,XXL,0,0,N,11/9/2025
SKU-PAN-0018,Pants,XS,0,0,N,11/9/2025
SKU-CRO-0019,Croptops,XL,0,0,N,11/9/2025
SKU-PAN-0020,Pants,XS,0,0,N,11/9/2025
SKU-PAN-0021,Pants,XL,0,0,N,11/9/2025
SKU-PAN-0022,Pants,XL,0,0,N,11/9/2025
SKU-SHO-0023,Shorts,XXL,0,0,N,11/9/2025
SKU-SHI-0024,Shirts,L,0,0,N,11/9/2025
SKU-JAC-0025,Jackets,M,0,0,N,11/9/2025
SKU-PAN-0026,Pants,XS,0,0,N,11/9/2025
SKU-JAC-0027,Jackets,XXL,0,0,N,11/9/2025
SKU-PAN-0028,Pants,S,0,0,N,11/9/2025
SKU-TSH-0029,Tshirts,L,0,0,N,11/9/2025
SKU-CRO-0030,Croptops,XXL,0,0,N,11/9/2025
SKU-JAC-0031,Jackets,S,0,0,N,11/9/2025
SKU-TSH-0032,Tshirts,XL,0,0,N,11/9/2025
SKU-SHO-0033,Shorts,XL,0,0,N,11/9/2025
SKU-PAN-0034,Pants,XL,0,0,N,11/9/2025
SKU-CRO-0035,Croptops,XL,0,0,N,11/9/2025
SKU-SHI-0036,Shirts,L,0,0,N,11/9/2025
SKU-CRO-0037,Croptops,L,0,0,N,11/9/2025
SKU-CRO-0038,Croptops,XL,0,0,N,11/9/2025
SKU-SHO-0039,Shorts,M,0,0,N,11/9/2025
SKU-SHO-0040,Shorts,S,0,0,N,11/9/2025
SKU-TSH-0041,Tshirts,XL,0,0,N,11/9/2025
SKU-CRO-0042,Croptops,XXL,0,0,N,11/9/2025
SKU-CRO-0043,Croptops,XXL,0,0,N,11/9/2025
SKU-JAC-0044,Jackets,XS,0,0,N,11/9/2025
SKU-SHI-0045,Shirts,L,0,0,N,11/9/2025
SKU-JAC-0046,Jackets,M,0,0,N,11/9/2025
SKU-PAN-0047,Pants,XS,0,0,N,11/9/2025
SKU-CRO-0048,Croptops,XS,0,0,N,11/9/2025
SKU-TSH-0049,Tshirts,L,0,0,N,11/9/2025
SKU-SHO-0050,Shorts,XS,0,0,N,11/9/2025
SKU-SHI-0051,Shirts,L,0,0,N,11/9/2025
SKU-SHI-0052,Shirts,L,0,0,N,11/9/2025
SKU-JAC-0053,Jackets,XL,0,0,N,11/9/2025
SKU-SHI-0054,Shirts,L,0,0,N,11/9/2025
SKU-JAC-0055,Jackets,S,0,0,N,11/9/2025
SKU-SHI-0001,Shirts,XL,0,0,N,11/16/2025
SKU-PAN-0002,Pants,XS,0,0,N,11/16/2025
SKU-SHI-0003,Shirts,S,0,0,N,11/16/2025
SKU-TSH-0004,Tshirts,S,0,0,N,11/16/2025
SKU-CRO-0005,Croptops,M,0,0,N,11/16/2025
SKU-SHI-0006,Shirts,M,0,0,N,11/16/2025
SKU-CRO-0007,Croptops,XS,0,0,N,11/16/2025
SKU-PAN-0008,Pants,L,0,0,N,11/16/2025
SKU-PAN-0009,Pants,XL,0,0,N,11/16/2025
SKU-TSH-0010,Tshirts,L,0,0,N,11/16/2025
SKU-SHO-0011,Shorts,XL,0,0,N,11/16/2025
SKU-TSH-0012,Tshirts,M,0,0,N,11/16/2025
SKU-SHI-0013,Shirts,XS,0,0,N,11/16/2025
SKU-CRO-0014,Croptops,S,0,0,N,11/16/2025
SKU-SHI-0015,Shirts,S,0,0,N,11/16/2025
SKU-PAN-0016,Pants,XL,0,0,N,11/16/2025
SKU-SHI-0017,Shirts,L,0,0,N,11/16/2025
SKU-PAN-0018,Pants,XL,0,0,N,11/16/2025
SKU-CRO-0019,Croptops,L,0,0,N,11/16/2025
SKU-PAN-0020,Pants,XXL,0,0,N,11/16/2025
SKU-PAN-0021,Pants,L,0,0,N,11/16/2025
SKU-PAN-0022,Pants,L,0,0,N,11/16/2025
SKU-SHO-0023,Shorts,XL,0,0,N,11/16/2025
SKU-SHI-0024,Shirts,M,0,0,N,11/16/2025
SKU-JAC-0025,Jackets,XL,0,0,N,11/16/2025
SKU-PAN-0026,Pants,XXL,0,0,N,11/16/2025
SKU-JAC-0027,Jackets,M,0,0,N,11/16/2025
SKU-PAN-0028,Pants,S,0,0,N,11/16/2025
SKU-TSH-0029,Tshirts,XS,0,0,N,11/16/2025
SKU-CRO-0030,Croptops,L,0,0,N,11/16/2025
SKU-JAC-0031,Jackets,L,0,0,N,11/16/2025
SKU-TSH-0032,Tshirts,XXL,0,0,N,11/16/2025
SKU-SHO-0033,Shorts,M,0,0,N,11/16/2025
SKU-PAN-0034,Pants,S,0,0,N,11/16/2025
SKU-CRO-0035,Croptops,XL,0,0,N,11/16/2025
SKU-SHI-0036,Shirts,XXL,0,0,N,11/16/2025
SKU-CRO-0037,Croptops,M,0,0,N,11/16/2025
SKU-CRO-0038,Croptops,XL,0,0,N,11/16/2025
SKU-SHO-0039,Shorts,XS,0,0,N,11/16/2025
SKU-SHO-0040,Shorts,L,0,0,N,11/16/2025
SKU-TSH-0041,Tshirts,L,0,0,N,11/16/2025
SKU-CRO-0042,Croptops,M,0,0,N,11/16/2025
SKU-CRO-0043,Croptops,XS,0,0,N,11/16/2025
SKU-JAC-0044,Jackets,L,0,0,N,11/16/2025
SKU-SHI-0045,Shirts,M,0,0,N,11/16/2025
SKU-JAC-0046,Jackets,XXL,0,0,N,11/16/2025
SKU-PAN-0047,Pants,XXL,0,0,N,11/16/2025
SKU-CRO-0048,Croptops,S,0,0,N,11/16/2025
SKU-TSH-0049,Tshirts,XXL,0,0,N,11/16/2025
SKU-SHO-0050,Shorts,XL,0,0,N,11/16/2025
SKU-SHI-0051,Shirts,L,0,0,N,11/16/2025
SKU-SHI-0052,Shirts,XS,0,0,N,11/16/2025
SKU-JAC-0053,Jackets,XS,0,0,N,11/16/2025
SKU-SHI-0054,Shirts,M,0,0,N,11/16/2025
SKU-JAC-0055,Jackets,L,0,0,N,11/16/2025
SKU-SHI-0001,Shirts,S,0,0,N,11/23/2025
SKU-PAN-0002,Pants,XXL,0,0,N,11/23/2025
SKU-SHI-0003,Shirts,M,0,0,N,11/23/2025
SKU-TSH-0004,Tshirts,S,0,0,N,11/23/2025
SKU-CRO-0005,Croptops,XS,0,0,N,11/23/2025
SKU-SHI-0006,Shirts,XXL,0,0,N,11/23/2025
SKU-CRO-0007,Croptops,XXL,0,0,N,11/23/2025
SKU-PAN-0008,Pants,L,0,0,N,11/23/2025
SKU-PAN-0009,Pants,XL,0,0,N,11/23/2025
SKU-TSH-0010,Tshirts,XS,0,0,N,11/23/2025
SKU-SHO-0011,Shorts,M,0,0,N,11/23/2025
SKU-TSH-0012,Tshirts,XL,0,0,N,11/23/2025
SKU-SHI-0013,Shirts,XS,0,0,N,11/23/2025
SKU-CRO-0014,Croptops,XL,0,0,N,11/23/2025
SKU-SHI-0015,Shirts,XS,0,0,N,11/23/2025
SKU-PAN-0016,Pants,M,0,0,N,11/23/2025
SKU-SHI-0017,Shirts,XL,0,0,N,11/23/2025
SKU-PAN-0018,Pants,L,0,0,N,11/23/2025
SKU-CRO-0019,Croptops,M,0,0,N,11/23/2025
SKU-PAN-0020,Pants,XL,0,0,N,11/23/2025
SKU-PAN-0021,Pants,XXL,0,0,N,11/23/2025
SKU-PAN-0022,Pants,L,0,0,N,11/23/2025
SKU-SHO-0023,Shorts,XS,0,0,N,11/23/2025
SKU-SHI-0024,Shirts,L,0,0,N,11/23/2025
SKU-JAC-0025,Jackets,XL,0,0,N,11/23/2025
SKU-PAN-0026,Pants,XL,0,0,N,11/23/2025
SKU-JAC-0027,Jackets,L,0,0,N,11/23/2025
SKU-PAN-0028,Pants,XL,0,0,N,11/23/2025
SKU-TSH-0029,Tshirts,XL,0,0,N,11/23/2025
SKU-CRO-0030,Croptops,L,0,0,N,11/23/2025
SKU-JAC-0031,Jackets,M,0,0,N,11/23/2025
SKU-TSH-0032,Tshirts,XL,0,0,N,11/23/2025
SKU-SHO-0033,Shorts,M,0,0,N,11/23/2025
SKU-PAN-0034,Pants,XL,0,0,N,11/23/2025
SKU-CRO-0035,Croptops,M,0,0,N,11/23/2025
SKU-SHI-0036,Shirts,XL,0,0,N,11/23/2025
SKU-CRO-0037,Croptops,M,0,0,N,11/23/2025
SKU-CRO-0038,Croptops,S,0,0,N,11/23/2025
SKU-SHO-0039,Shorts,L,0,0,N,11/23/2025
SKU-SHO-0040,Shorts,XL,0,0,N,11/23/2025
SKU-TSH-0041,Tshirts,S,0,0,N,11/23/2025
SKU-CRO-0042,Croptops,XS,0,0,N,11/23/2025
SKU-CRO-0043,Croptops,XS,0,0,N,11/23/2025
SKU-JAC-0044,Jackets,XS,0,0,N,11/23/2025
SKU-SHI-0045,Shirts,XXL,0,0,N,11/23/2025
SKU-JAC-0046,Jackets,S,0,0,N,11/23/2025
SKU-PAN-0047,Pants,XS,0,0,N,11/23/2025
SKU-CRO-0048,Croptops,XS,0,0,N,11/23/2025
SKU-TSH-0049,Tshirts,M,0,0,N,11/23/2025
SKU-SHO-0050,Shorts,S,0,0,N,11/23/2025
SKU-SHI-0051,Shirts,XXL,0,0,N,11/23/2025
SKU-SHI-0052,Shirts,XXL,0,0,N,11/23/2025
SKU-JAC-0053,Jackets,S,0,0,N,11/23/2025
SKU-SHI-0054,Shirts,M,0,0,N,11/23/2025
SKU-JAC-0055,Jackets,XL,0,0,N,11/23/2025
SKU-SHI-0001,Shirts,M,0,0,N,11/30/2025
SKU-PAN-0002,Pants,XXL,0,0,N,11/30/2025
SKU-SHI-0003,Shirts,XS,0,0,N,11/30/2025
SKU-TSH-0004,Tshirts,XL,0,0,N,11/30/2025
SKU-CRO-0005,Croptops,L,0,0,N,11/30/2025
SKU-SHI-0006,Shirts,XL,0,0,N,11/30/2025
SKU-CRO-0007,Croptops,XL,0,0,N,11/30/2025
SKU-PAN-0008,Pants,XXL,0,0,N,11/30/2025
SKU-PAN-0009,Pants,XXL,0,0,N,11/30/2025
SKU-TSH-0010,Tshirts,S,0,0,N,11/30/2025
SKU-SHO-0011,Shorts,XXL,0,0,N,11/30/2025
SKU-TSH-0012,Tshirts,M,0,0,N,11/30/2025
SKU-SHI-0013,Shirts,XXL,0,0,N,11/30/2025
SKU-CRO-0014,Croptops,S,0,0,N,11/30/2025
SKU-SHI-0015,Shirts,M,0,0,N,11/30/2025
SKU-PAN-0016,Pants,L,0,0,N,11/30/2025
SKU-SHI-0017,Shirts,XS,0,0,N,11/30/2025
SKU-PAN-0018,Pants,XXL,0,0,N,11/30/2025
SKU-CRO-0019,Croptops,S,0,0,N,11/30/2025
SKU-PAN-0020,Pants,M,0,0,N,11/30/2025
SKU-PAN-0021,Pants,XL,0,0,N,11/30/2025
SKU-PAN-0022,Pants,XXL,0,0,N,11/30/2025
SKU-SHO-0023,Shorts,XL,0,0,N,11/30/2025
SKU-SHI-0024,Shirts,L,0,0,N,11/30/2025
SKU-JAC-0025,Jackets,XXL,0,0,N,11/30/2025
SKU-PAN-0026,Pants,XS,0,0,N,11/30/2025
SKU-JAC-0027,Jackets,XL,0,0,N,11/30/2025
SKU-PAN-0028,Pants,M,0,0,N,11/30/2025
SKU-TSH-0029,Tshirts,L,0,0,N,11/30/2025
SKU-CRO-0030,Croptops,XS,0,0,N,11/30/2025
SKU-JAC-0031,Jackets,L,0,0,N,11/30/2025
SKU-TSH-0032,Tshirts,S,0,0,N,11/30/2025
SKU-SHO-0033,Shorts,M,0,0,N,11/30/2025
SKU-PAN-0034,Pants,S,0,0,N,11/30/2025
SKU-CRO-0035,Croptops,XL,0,0,N,11/30/2025
SKU-SHI-0036,Shirts,XS,0,0,N,11/30/2025
SKU-CRO-0037,Croptops,S,0,0,N,11/30/2025
SKU-CRO-0038,Croptops,XL,0,0,N,11/30/2025
SKU-SHO-0039,Shorts,XXL,0,0,N,11/30/2025
SKU-SHO-0040,Shorts,L,0,0,N,11/30/2025
SKU-TSH-0041,Tshirts,XS,0,0,N,11/30/2025
SKU-CRO-0042,Croptops,XL,0,0,N,11/30/2025
SKU-CRO-0043,Croptops,XL,0,0,N,11/30/2025
SKU-JAC-0044,Jackets,XS,0,0,N,11/30/2025
SKU-SHI-0045,Shirts,XXL,0,0,N,11/30/2025
SKU-JAC-0046,Jackets,S,0,0,N,11/30/2025
SKU-PAN-0047,Pants,L,0,0,N,11/30/2025
SKU-CRO-0048,Croptops,XS,0,0,N,11/30/2025
SKU-TSH-0049,Tshirts,L,0,0,N,11/30/2025
SKU-SHO-0050,Shorts,L,0,0,N,11/30/2025
SKU-SHI-0051,Shirts,L,0,0,N,11/30/2025
SKU-SHI-0052,Shirts,L,0,0,N,11/30/2025
SKU-JAC-0053,Jackets,XXL,0,0,N,11/30/2025
SKU-SHI-0054,Shirts,XS,0,0,N,11/30/2025
SKU-JAC-0055,Jackets,L,0,0,N,11/30/2025
SKU-SHI-0001,Shirts,XS,0,0,N,12/7/2025
SKU-PAN-0002,Pants,M,0,0,N,12/7/2025
SKU-SHI-0003,Shirts,XS,0,0,N,12/7/2025
SKU-TSH-0004,Tshirts,S,0,0,N,12/7/2025
SKU-CRO-0005,Croptops,L,0,0,N,12/7/2025
SKU-SHI-0006,Shirts,S,0,0,N,12/7/2025
SKU-CRO-0007,Croptops,XS,0,0,N,12/7/2025
SKU-PAN-0008,Pants,M,0,0,N,12/7/2025
SKU-PAN-0009,Pants,XL,0,0,N,12/7/2025
SKU-TSH-0010,Tshirts,S,0,0,N,12/7/2025
SKU-SHO-0011,Shorts,M,0,0,N,12/7/2025
SKU-TSH-0012,Tshirts,M,0,0,N,12/7/2025
SKU-SHI-0013,Shirts,L,0,0,N,12/7/2025
SKU-CRO-0014,Croptops,M,0,0,N,12/7/2025
SKU-SHI-0015,Shirts,M,0,0,N,12/7/2025
SKU-PAN-0016,Pants,XL,0,0,N,12/7/2025
SKU-SHI-0017,Shirts,XL,0,0,N,12/7/2025
SKU-PAN-0018,Pants,XS,0,0,N,12/7/2025
SKU-CRO-0019,Croptops,XXL,0,0,N,12/7/2025
SKU-PAN-0020,Pants,S,0,0,N,12/7/2025
SKU-PAN-0021,Pants,S,0,0,N,12/7/2025
SKU-PAN-0022,Pants,S,0,0,N,12/7/2025
SKU-SHO-0023,Shorts,M,0,0,N,12/7/2025
SKU-SHI-0024,Shirts,L,0,0,N,12/7/2025
SKU-JAC-0025,Jackets,XXL,0,0,N,12/7/2025
SKU-PAN-0026,Pants,XL,0,0,N,12/7/2025
SKU-JAC-0027,Jackets,XS,0,0,N,12/7/2025
SKU-PAN-0028,Pants,S,0,0,N,12/7/2025
SKU-TSH-0029,Tshirts,XS,0,0,N,12/7/2025
SKU-CRO-0030,Croptops,L,0,0,N,12/7/2025
SKU-JAC-0031,Jackets,XS,0,0,N,12/7/2025
SKU-TSH-0032,Tshirts,XS,0,0,N,12/7/2025
SKU-SHO-0033,Shorts,S,0,0,N,12/7/2025
SKU-PAN-0034,Pants,XXL,0,0,N,12/7/2025
SKU-CRO-0035,Croptops,M,0,0,N,12/7/2025
SKU-SHI-0036,Shirts,XS,0,0,N,12/7/2025
SKU-CRO-0037,Croptops,L,0,0,N,12/7/2025
SKU-CRO-0038,Croptops,S,0,0,N,12/7/2025
SKU-SHO-0039,Shorts,XS,0,0,N,12/7/2025
SKU-SHO-0040,Shorts,XS,0,0,N,12/7/2025
SKU-TSH-0041,Tshirts,L,0,0,N,12/7/2025
SKU-CRO-0042,Croptops,XXL,0,0,N,12/7/2025
SKU-CRO-0043,Croptops,S,0,0,N,12/7/2025
SKU-JAC-0044,Jackets,S,0,0,N,12/7/2025
SKU-SHI-0045,Shirts,XXL,0,0,N,12/7/2025
SKU-JAC-0046,Jackets,XXL,0,0,N,12/7/2025
SKU-PAN-0047,Pants,XS,0,0,N,12/7/2025
SKU-CRO-0048,Croptops,M,0,0,N,12/7/2025
SKU-TSH-0049,Tshirts,M,0,0,N,12/7/2025
SKU-SHO-0050,Shorts,XS,0,0,N,12/7/2025
SKU-SHI-0051,Shirts,M,0,0,N,12/7/2025
SKU-SHI-0052,Shirts,M,0,0,N,12/7/2025
SKU-JAC-0053,Jackets,M,0,0,N,12/7/2025
SKU-SHI-0054,Shirts,M,0,0,N,12/7/2025
SKU-JAC-0055,Jackets,XXL,0,0,N,12/7/2025
SKU-SHI-0001,Shirts,XXL,0,0,N,12/14/2025
SKU-PAN-0002,Pants,M,0,0,N,12/14/2025
SKU-SHI-0003,Shirts,XS,0,0,N,12/14/2025
SKU-TSH-0004,Tshirts,XXL,0,0,N,12/14/2025
SKU-CRO-0005,Croptops,XXL,0,0,N,12/14/2025
SKU-SHI-0006,Shirts,XS,0,0,N,12/14/2025
SKU-CRO-0007,Croptops,L,0,0,N,12/14/2025
SKU-PAN-0008,Pants,XS,0,0,N,12/14/2025
SKU-PAN-0009,Pants,S,0,0,N,12/14/2025
SKU-TSH-0010,Tshirts,S,0,0,N,12/14/2025
SKU-SHO-0011,Shorts,S,0,0,N,12/14/2025
SKU-TSH-0012,Tshirts,L,0,0,N,12/14/2025
SKU-SHI-0013,Shirts,M,0,0,N,12/14/2025
SKU-CRO-0014,Croptops,M,0,0,N,12/14/2025
SKU-SHI-0015,Shirts,XS,0,0,N,12/14/2025
SKU-PAN-0016,Pants,L,0,0,N,12/14/2025
SKU-SHI-0017,Shirts,XS,0,0,N,12/14/2025
SKU-PAN-0018,Pants,M,0,0,N,12/14/2025
SKU-CRO-0019,Croptops,M,0,0,N,12/14/2025
SKU-PAN-0020,Pants,S,0,0,N,12/14/2025
SKU-PAN-0021,Pants,XL,0,0,N,12/14/2025
SKU-PAN-0022,Pants,M,0,0,N,12/14/2025
SKU-SHO-0023,Shorts,XXL,0,0,N,12/14/2025
SKU-SHI-0024,Shirts,XXL,0,0,N,12/14/2025
SKU-JAC-0025,Jackets,XS,0,0,N,12/14/2025
SKU-PAN-0026,Pants,XL,0,0,N,12/14/2025
SKU-JAC-0027,Jackets,XL,0,0,N,12/14/2025
SKU-PAN-0028,Pants,L,0,0,N,12/14/2025
SKU-TSH-0029,Tshirts,XL,0,0,N,12/14/2025
SKU-CRO-0030,Croptops,S,0,0,N,12/14/2025
SKU-JAC-0031,Jackets,S,0,0,N,12/14/2025
SKU-TSH-0032,Tshirts,XXL,0,0,N,12/14/2025
SKU-SHO-0033,Shorts,XL,0,0,N,12/14/2025
SKU-PAN-0034,Pants,XL,0,0,N,12/14/2025
SKU-CRO-0035,Croptops,XS,0,0,N,12/14/2025
SKU-SHI-0036,Shirts,XL,0,0,N,12/14/2025
SKU-CRO-0037,Croptops,L,0,0,N,12/14/2025
SKU-CRO-0038,Croptops,L,0,0,N,12/14/2025
SKU-SHO-0039,Shorts,L,0,0,N,12/14/2025
SKU-SHO-0040,Shorts,L,0,0,N,12/14/2025
SKU-TSH-0041,Tshirts,XXL,0,0,N,12/14/2025
SKU-CRO-0042,Croptops,M,0,0,N,12/14/2025
SKU-CRO-0043,Croptops,XXL,0,0,N,12/14/2025
SKU-JAC-0044,Jackets,XL,0,0,N,12/14/2025
SKU-SHI-0045,Shirts,XL,0,0,N,12/14/2025
SKU-JAC-0046,Jackets,XS,0,0,N,12/14/2025
SKU-PAN-0047,Pants,L,0,0,N,12/14/2025
SKU-CRO-0048,Croptops,XL,0,0,N,12/14/2025
SKU-TSH-0049,Tshirts,L,0,0,N,12/14/2025
SKU-SHO-0050,Shorts,L,0,0,N,12/14/2025
SKU-SHI-0051,Shirts,XXL,0,0,N,12/14/2025
SKU-SHI-0052,Shirts,M,0,0,N,12/14/2025
SKU-JAC-0053,Jackets,L,0,0,N,12/14/2025
SKU-SHI-0054,Shirts,L,0,0,N,12/14/2025
SKU-JAC-0055,Jackets,M,0,0,N,12/14/2025
SKU-SHI-0001,Shirts,XS,0,0,N,12/21/2025
SKU-PAN-0002,Pants,M,0,0,N,12/21/2025
SKU-SHI-0003,Shirts,M,0,0,N,12/21/2025
SKU-TSH-0004,Tshirts,L,0,0,N,12/21/2025
SKU-CRO-0005,Croptops,XS,0,0,N,12/21/2025
SKU-SHI-0006,Shirts,XXL,0,0,N,12/21/2025
SKU-CRO-0007,Croptops,M,0,0,N,12/21/2025
SKU-PAN-0008,Pants,XS,0,0,N,12/21/2025
SKU-PAN-0009,Pants,L,0,0,N,12/21/2025
SKU-TSH-0010,Tshirts,M,0,0,N,12/21/2025
SKU-SHO-0011,Shorts,XL,0,0,N,12/21/2025
SKU-TSH-0012,Tshirts,L,0,0,N,12/21/2025
SKU-SHI-0013,Shirts,L,0,0,N,12/21/2025
SKU-CRO-0014,Croptops,M,0,0,N,12/21/2025
SKU-SHI-0015,Shirts,M,0,0,N,12/21/2025
SKU-PAN-0016,Pants,L,0,0,N,12/21/2025
SKU-SHI-0017,Shirts,XS,0,0,N,12/21/2025
SKU-PAN-0018,Pants,M,0,0,N,12/21/2025
SKU-CRO-0019,Croptops,XL,0,0,N,12/21/2025
SKU-PAN-0020,Pants,XL,0,0,N,12/21/2025
SKU-PAN-0021,Pants,XXL,0,0,N,12/21/2025
SKU-PAN-0022,Pants,XL,0,0,N,12/21/2025
SKU-SHO-0023,Shorts,XXL,0,0,N,12/21/2025
SKU-SHI-0024,Shirts,XL,0,0,N,12/21/2025
SKU-JAC-0025,Jackets,S,0,0,N,12/21/2025
SKU-PAN-0026,Pants,S,0,0,N,12/21/2025
SKU-JAC-0027,Jackets,XS,0,0,N,12/21/2025
SKU-PAN-0028,Pants,XS,0,0,N,12/21/2025
SKU-TSH-0029,Tshirts,M,0,0,N,12/21/2025
SKU-CRO-0030,Croptops,L,0,0,N,12/21/2025
SKU-JAC-0031,Jackets,XS,0,0,N,12/21/2025
SKU-TSH-0032,Tshirts,XS,0,0,N,12/21/2025
SKU-SHO-0033,Shorts,XXL,0,0,N,12/21/2025
SKU-PAN-0034,Pants,XS,0,0,N,12/21/2025
SKU-CRO-0035,Croptops,XS,0,0,N,12/21/2025
SKU-SHI-0036,Shirts,L,0,0,N,12/21/2025
SKU-CRO-0037,Croptops,L,0,0,N,12/21/2025
SKU-CRO-0038,Croptops,XS,0,0,N,12/21/2025
SKU-SHO-0039,Shorts,XS,0,0,N,12/21/2025
SKU-SHO-0040,Shorts,XS,0,0,N,12/21/2025
SKU-TSH-0041,Tshirts,XXL,0,0,N,12/21/2025
SKU-CRO-0042,Croptops,XL,0,0,N,12/21/2025
SKU-CRO-0043,Croptops,M,0,0,N,12/21/2025
SKU-JAC-0044,Jackets,XL,0,0,N,12/21/2025
SKU-SHI-0045,Shirts,S,0,0,N,12/21/2025
SKU-JAC-0046,Jackets,XXL,0,0,N,12/21/2025
SKU-PAN-0047,Pants,S,0,0,N,12/21/2025
SKU-CRO-0048,Croptops,S,0,0,N,12/21/2025
SKU-TSH-0049,Tshirts,XL,0,0,N,12/21/2025
SKU-SHO-0050,Shorts,S,0,0,N,12/21/2025
SKU-SHI-0051,Shirts,L,0,0,N,12/21/2025
SKU-SHI-0052,Shirts,S,0,0,N,12/21/2025
SKU-JAC-0053,Jackets,S,0,0,N,12/21/2025
SKU-SHI-0054,Shirts,S,0,0,N,12/21/2025
SKU-JAC-0055,Jackets,S,0,0,N,12/21/2025
SKU-SHI-0001,Shirts,S,0,0,N,12/28/2025
SKU-PAN-0002,Pants,XXL,0,0,N,12/28/2025
SKU-SHI-0003,Shirts,L,0,0,N,12/28/2025
SKU-TSH-0004,Tshirts,S,0,0,N,12/28/2025
SKU-CRO-0005,Croptops,XL,0,0,N,12/28/2025
SKU-SHI-0006,Shirts,S,0,0,N,12/28/2025
SKU-CRO-0007,Croptops,XXL,0,0,N,12/28/2025
SKU-PAN-0008,Pants,M,0,0,N,12/28/2025
SKU-PAN-0009,Pants,M,0,0,N,12/28/2025
SKU-TSH-0010,Tshirts,XS,0,0,N,12/28/2025
SKU-SHO-0011,Shorts,S,0,0,N,12/28/2025
SKU-TSH-0012,Tshirts,S,0,0,N,12/28/2025
SKU-SHI-0013,Shirts,S,0,0,N,12/28/2025
SKU-CRO-0014,Croptops,XL,0,0,N,12/28/2025
SKU-SHI-0015,Shirts,S,0,0,N,12/28/2025
SKU-PAN-0016,Pants,L,0,0,N,12/28/2025
SKU-SHI-0017,Shirts,XXL,0,0,N,12/28/2025
SKU-PAN-0018,Pants,S,0,0,N,12/28/2025
SKU-CRO-0019,Croptops,XL,0,0,N,12/28/2025
SKU-PAN-0020,Pants,XS,0,0,N,12/28/2025
SKU-PAN-0021,Pants,S,0,0,N,12/28/2025
SKU-PAN-0022,Pants,XXL,0,0,N,12/28/2025
SKU-SHO-0023,Shorts,M,0,0,N,12/28/2025
SKU-SHI-0024,Shirts,S,0,0,N,12/28/2025
SKU-JAC-0025,Jackets,L,0,0,N,12/28/2025
SKU-PAN-0026,Pants,L,0,0,N,12/28/2025
SKU-JAC-0027,Jackets,M,0,0,N,12/28/2025
SKU-PAN-0028,Pants,S,0,0,N,12/28/2025
SKU-TSH-0029,Tshirts,XS,0,0,N,12/28/2025
SKU-CRO-0030,Croptops,S,0,0,N,12/28/2025
SKU-JAC-0031,Jackets,M,0,0,N,12/28/2025
SKU-TSH-0032,Tshirts,XXL,0,0,N,12/28/2025
SKU-SHO-0033,Shorts,M,0,0,N,12/28/2025
SKU-PAN-0034,Pants,XS,0,0,N,12/28/2025
SKU-CRO-0035,Croptops,M,0,0,N,12/28/2025
SKU-SHI-0036,Shirts,XL,0,0,N,12/28/2025
SKU-CRO-0037,Croptops,XL,0,0,N,12/28/2025
SKU-CRO-0038,Croptops,XL,0,0,N,12/28/2025
SKU-SHO-0039,Shorts,XXL,0,0,N,12/28/2025
SKU-SHO-0040,Shorts,XXL,0,0,N,12/28/2025
SKU-TSH-0041,Tshirts,L,0,0,N,12/28/2025
SKU-CRO-0042,Croptops,XS,0,0,N,12/28/2025
SKU-CRO-0043,Croptops,M,0,0,N,12/28/2025
SKU-JAC-0044,Jackets,XXL,0,0,N,12/28/2025
SKU-SHI-0045,Shirts,L,0,0,N,12/28/2025
SKU-JAC-0046,Jackets,L,0,0,N,12/28/2025
SKU-PAN-0047,Pants,XXL,0,0,N,12/28/2025
SKU-CRO-0048,Croptops,S,0,0,N,12/28/2025
SKU-TSH-0049,Tshirts,XL,0,0,N,12/28/2025
SKU-SHO-0050,Shorts,L,0,0,N,12/28/2025
SKU-SHI-0051,Shirts,S,0,0,N,12/28/2025
SKU-SHI-0052,Shirts,XL,0,0,N,12/28/2025
SKU-JAC-0053,Jackets,XXL,0,0,N,12/28/2025
SKU-SHI-0054,Shirts,XL,0,0,N,12/28/2025
SKU-JAC-0055,Jackets,M,0,0,N,12/28/2025
