SKU,Vendor,Order_quantity,Cost_per_unit,Order_date,Expected_delivery,Actual_delivery,Lead_time
SKU-SHI-0001,UrbanWeave Co.,93,705,1/9/2022,3/2/2022,3/7/2022,57
SKU-PAN-0002,Apex Fashions,87,982,1/16/2022,3/10/2022,3/10/2022,53
SKU-SHI-0003,KnitCraft Studio,93,1004,1/23/2022,3/1/2022,3/3/2022,39
SKU-SHI-0001,UrbanWeave Co.,351,705,2/6/2022,4/1/2022,4/6/2022,59
SKU-PAN-0002,Apex Fashions,136,982,2/13/2022,3/19/2022,3/22/2022,37
SKU-SHI-0003,KnitCraft Studio,109,1004,2/20/2022,4/13/2022,4/15/2022,54
SKU-SHI-0001,UrbanWeave Co.,262,705,3/6/2022,4/18/2022,4/21/2022,46
SKU-CRO-0005,StitchWorks India,48,846,3/6/2022,4/11/2022,4/14/2022,39
SKU-PAN-0002,Apex Fashions,98,982,3/13/2022,4/30/2022,5/3/2022,51
SKU-SHI-0003,KnitCraft Studio,106,1004,3/20/2022,5/7/2022,5/10/2022,51
SKU-TSH-0004,StitchWorks India,100,539,3/27/2022,5/10/2022,5/11/2022,45
SKU-SHI-0001,UrbanWeave Co.,314,705,4/3/2022,5/8/2022,5/13/2022,40
SKU-CRO-0005,StitchWorks India,50,846,4/3/2022,5/27/2022,5/30/2022,57
SKU-PAN-0002,Apex Fashions,167,982,4/10/2022,5/29/2022,5/29/2022,49
SKU-SHI-0003,KnitCraft Studio,144,1004,4/17/2022,6/8/2022,6/8/2022,52
SKU-TSH-0004,StitchWorks India,116,539,4/24/2022,6/11/2022,6/12/2022,49
SKU-SHI-0006,KnitCraft Studio,82,1097,4/24/2022,6/14/2022,6/16/2022,53
SKU-SHI-0001,UrbanWeave Co.,360,705,5/1/2022,6/19/2022,6/21/2022,51
SKU-CRO-0005,StitchWorks India,92,846,5/1/2022,6/15/2022,6/15/2022,45
SKU-PAN-0002,Apex Fashions,166,982,5/8/2022,6/20/2022,6/23/2022,46
SKU-TSH-0012,UrbanWeave Co.,68,715,5/8/2022,6/24/2022,6/26/2022,49
SKU-SHI-0003,KnitCraft Studio,81,1004,5/15/2022,6/12/2022,6/12/2022,28
SKU-TSH-0004,StitchWorks India,72,539,5/22/2022,7/10/2022,7/10/2022,49
SKU-SHI-0006,KnitCraft Studio,75,1097,5/22/2022,7/6/2022,7/11/2022,50
SKU-TSH-0010,WestCo Garments,80,782,5/22/2022,7/1/2022,7/4/2022,43
SKU-SHI-0001,UrbanWeave Co.,280,705,5/29/2022,7/11/2022,7/11/2022,43
SKU-CRO-0005,StitchWorks India,45,846,5/29/2022,7/12/2022,7/14/2022,46
SKU-CRO-0014,Apex Fashions,58,756,5/29/2022,7/20/2022,7/25/2022,57
SKU-PAN-0002,Apex Fashions,140,982,6/5/2022,7/14/2022,7/16/2022,41
SKU-CRO-0007,Apex Fashions,59,818,6/5/2022,7/16/2022,7/17/2022,42
SKU-TSH-0012,UrbanWeave Co.,40,715,6/5/2022,7/18/2022,7/19/2022,44
SKU-SHI-0003,KnitCraft Studio,141,1004,6/12/2022,7/30/2022,8/4/2022,53
SKU-TSH-0004,StitchWorks India,40,539,6/19/2022,7/28/2022,7/28/2022,39
SKU-SHI-0006,KnitCraft Studio,54,1097,6/19/2022,8/2/2022,8/5/2022,47
SKU-TSH-0010,WestCo Garments,54,782,6/19/2022,7/26/2022,7/28/2022,39
SKU-SHI-0001,UrbanWeave Co.,223,705,6/26/2022,7/27/2022,7/29/2022,33
SKU-CRO-0005,StitchWorks India,59,846,6/26/2022,8/20/2022,8/20/2022,55
SKU-CRO-0014,Apex Fashions,46,756,6/26/2022,7/24/2022,7/29/2022,33
SKU-PAN-0002,Apex Fashions,120,982,7/3/2022,8/5/2022,8/10/2022,38
SKU-CRO-0007,Apex Fashions,74,818,7/3/2022,8/28/2022,8/29/2022,57
SKU-TSH-0012,UrbanWeave Co.,40,715,7/3/2022,8/15/2022,8/17/2022,45
SKU-SHI-0003,KnitCraft Studio,76,1004,7/10/2022,8/13/2022,8/15/2022,36
SKU-TSH-0004,StitchWorks India,52,539,7/17/2022,8/22/2022,8/27/2022,41
SKU-SHI-0006,KnitCraft Studio,44,1097,7/17/2022,8/18/2022,8/19/2022,33
SKU-PAN-0009,KnitCraft Studio,40,1008,7/17/2022,9/9/2022,9/9/2022,54
SKU-TSH-0010,WestCo Garments,64,782,7/17/2022,8/14/2022,8/19/2022,33
SKU-SHI-0001,UrbanWeave Co.,256,705,7/24/2022,8/30/2022,9/4/2022,42
SKU-CRO-0005,StitchWorks India,75,846,7/24/2022,9/3/2022,9/8/2022,46
SKU-CRO-0014,Apex Fashions,78,756,7/24/2022,8/28/2022,8/30/2022,37
SKU-PAN-0002,Apex Fashions,125,982,7/31/2022,9/24/2022,9/26/2022,57
SKU-CRO-0007,Apex Fashions,80,818,7/31/2022,9/19/2022,9/19/2022,50
SKU-TSH-0012,UrbanWeave Co.,70,715,7/31/2022,9/24/2022,9/27/2022,58
SKU-SHI-0003,KnitCraft Studio,112,1004,8/7/2022,9/13/2022,9/18/2022,42
SKU-TSH-0004,StitchWorks India,112,539,8/14/2022,10/3/2022,10/8/2022,55
SKU-SHI-0006,KnitCraft Studio,77,1097,8/14/2022,9/19/2022,9/21/2022,38
SKU-PAN-0008,StitchWorks India,67,1152,8/14/2022,9/17/2022,9/20/2022,37
SKU-PAN-0009,KnitCraft Studio,40,1008,8/14/2022,9/12/2022,9/12/2022,29
SKU-TSH-0010,WestCo Garments,40,782,8/14/2022,10/2/2022,10/4/2022,51
SKU-SHI-0001,UrbanWeave Co.,267,705,8/21/2022,9/21/2022,9/22/2022,32
SKU-CRO-0005,StitchWorks India,72,846,8/21/2022,10/1/2022,10/1/2022,41
SKU-CRO-0014,Apex Fashions,40,756,8/21/2022,10/2/2022,10/2/2022,42
SKU-PAN-0002,Apex Fashions,144,982,8/28/2022,9/28/2022,10/1/2022,34
SKU-CRO-0007,Apex Fashions,49,818,8/28/2022,9/29/2022,10/1/2022,34
SKU-TSH-0012,UrbanWeave Co.,40,715,8/28/2022,10/23/2022,10/23/2022,56
SKU-SHI-0003,KnitCraft Studio,98,1004,9/4/2022,10/11/2022,10/12/2022,38
SKU-TSH-0004,StitchWorks India,102,539,9/11/2022,10/20/2022,10/25/2022,44
SKU-SHI-0006,KnitCraft Studio,72,1097,9/11/2022,10/23/2022,10/24/2022,43
SKU-PAN-0008,StitchWorks India,52,1152,9/11/2022,10/17/2022,10/18/2022,37
SKU-PAN-0009,KnitCraft Studio,83,1008,9/11/2022,10/14/2022,10/14/2022,33
SKU-TSH-0010,WestCo Garments,74,782,9/11/2022,10/11/2022,10/11/2022,30
SKU-SHI-0001,UrbanWeave Co.,226,705,9/18/2022,11/9/2022,11/9/2022,52
SKU-CRO-0005,StitchWorks India,80,846,9/18/2022,11/12/2022,11/12/2022,55
SKU-SHI-0013,UrbanWeave Co.,40,1227,9/18/2022,11/6/2022,11/8/2022,51
SKU-CRO-0014,Apex Fashions,66,756,9/18/2022,10/31/2022,11/1/2022,44
SKU-CRO-0019,StitchWorks India,40,726,9/18/2022,10/30/2022,11/2/2022,45
SKU-PAN-0002,Apex Fashions,127,982,9/25/2022,10/27/2022,10/28/2022,33
SKU-CRO-0007,Apex Fashions,44,818,9/25/2022,11/13/2022,11/16/2022,52
SKU-TSH-0012,UrbanWeave Co.,51,715,9/25/2022,10/26/2022,10/29/2022,34
SKU-SHI-0003,KnitCraft Studio,92,1004,10/2/2022,11/7/2022,11/7/2022,36
SKU-TSH-0004,StitchWorks India,80,539,10/9/2022,11/19/2022,11/20/2022,42
SKU-SHI-0006,KnitCraft Studio,54,1097,10/9/2022,11/8/2022,11/8/2022,30
SKU-PAN-0008,StitchWorks India,40,1152,10/9/2022,11/27/2022,11/28/2022,50
SKU-PAN-0009,KnitCraft Studio,79,1008,10/9/2022,12/4/2022,12/5/2022,57
SKU-TSH-0010,WestCo Garments,40,782,10/9/2022,12/2/2022,12/2/2022,54
SKU-SHO-0011,WestCo Garments,71,761,10/9/2022,11/18/2022,11/21/2022,43
SKU-SHI-0001,UrbanWeave Co.,342,705,10/16/2022,11/20/2022,11/22/2022,37
SKU-CRO-0005,StitchWorks India,88,846,10/16/2022,12/6/2022,12/6/2022,51
SKU-SHI-0013,UrbanWeave Co.,67,1227,10/16/2022,12/6/2022,12/7/2022,52
SKU-CRO-0014,Apex Fashions,47,756,10/16/2022,11/24/2022,11/24/2022,39
SKU-CRO-0019,StitchWorks India,40,726,10/16/2022,11/17/2022,11/17/2022,32
SKU-PAN-0002,Apex Fashions,202,982,10/23/2022,12/4/2022,12/5/2022,43
SKU-CRO-0007,Apex Fashions,69,818,10/23/2022,12/8/2022,12/13/2022,51
SKU-TSH-0012,UrbanWeave Co.,64,715,10/23/2022,12/6/2022,12/6/2022,44
SKU-SHI-0003,KnitCraft Studio,100,1004,10/30/2022,12/19/2022,12/21/2022,52
SKU-TSH-0004,StitchWorks India,86,539,11/6/2022,12/13/2022,12/16/2022,40
SKU-SHI-0006,KnitCraft Studio,105,1097,11/6/2022,12/27/2022,12/30/2022,54
SKU-PAN-0008,StitchWorks India,82,1152,11/6/2022,12/31/2022,1/5/2023,60
SKU-PAN-0009,KnitCraft Studio,68,1008,11/6/2022,12/21/2022,12/26/2022,50
SKU-TSH-0010,WestCo Garments,82,782,11/6/2022,12/11/2022,12/11/2022,35
SKU-SHO-0011,WestCo Garments,40,761,11/6/2022,12/4/2022,12/4/2022,28
SKU-SHI-0001,UrbanWeave Co.,340,705,11/13/2022,12/19/2022,12/24/2022,41
SKU-CRO-0005,StitchWorks India,93,846,11/13/2022,12/19/2022,12/24/2022,41
SKU-SHI-0013,UrbanWeave Co.,44,1227,11/13/2022,1/4/2023,1/4/2023,52
SKU-CRO-0014,Apex Fashions,40,756,11/13/2022,12/15/2022,12/15/2022,32
SKU-CRO-0019,StitchWorks India,40,726,11/13/2022,12/29/2022,12/29/2022,46
SKU-JAC-0031,WestCo Garments,40,1800,11/13/2022,1/8/2023,1/10/2023,58
SKU-PAN-0002,Apex Fashions,170,982,11/20/2022,12/28/2022,1/2/2023,43
SKU-CRO-0007,Apex Fashions,69,818,11/20/2022,1/4/2023,1/5/2023,46
SKU-TSH-0012,UrbanWeave Co.,50,715,11/20/2022,12/21/2022,12/24/2022,34
SKU-SHI-0017,UrbanWeave Co.,40,842,11/20/2022,1/14/2023,1/15/2023,56
SKU-SHI-0024,KnitCraft Studio,62,854,11/20/2022,1/13/2023,1/16/2023,57
SKU-SHI-0003,KnitCraft Studio,122,1004,11/27/2022,12/25/2022,12/30/2022,33
SKU-TSH-0004,StitchWorks India,102,539,12/4/2022,1/4/2023,1/6/2023,33
SKU-SHI-0006,KnitCraft Studio,72,1097,12/4/2022,1/15/2023,1/17/2023,44
SKU-PAN-0008,StitchWorks India,74,1152,12/4/2022,1/10/2023,1/15/2023,42
SKU-PAN-0009,KnitCraft Studio,56,1008,12/4/2022,1/16/2023,1/18/2023,45
SKU-TSH-0010,WestCo Garments,72,782,12/4/2022,1/1/2023,1/1/2023,28
SKU-SHO-0011,WestCo Garments,41,761,12/4/2022,1/26/2023,1/26/2023,53
SKU-SHI-0001,UrbanWeave Co.,214,705,12/11/2022,1/27/2023,2/1/2023,52
SKU-CRO-0005,StitchWorks India,55,846,12/11/2022,1/14/2023,1/16/2023,36
SKU-SHI-0013,UrbanWeave Co.,40,1227,12/11/2022,1/22/2023,1/23/2023,43
SKU-CRO-0014,Apex Fashions,62,756,12/11/2022,1/21/2023,1/21/2023,41
SKU-CRO-0019,StitchWorks India,49,726,12/11/2022,1/11/2023,1/12/2023,32
SKU-JAC-0027,StitchWorks India,40,1871,12/11/2022,1/19/2023,1/22/2023,42
SKU-JAC-0031,WestCo Garments,40,1800,12/11/2022,1/18/2023,1/18/2023,38
SKU-PAN-0002,Apex Fashions,178,982,12/18/2022,2/6/2023,2/9/2023,53
SKU-CRO-0007,Apex Fashions,54,818,12/18/2022,2/1/2023,2/6/2023,50
SKU-TSH-0012,UrbanWeave Co.,72,715,12/18/2022,2/4/2023,2/6/2023,50
SKU-SHI-0017,UrbanWeave Co.,45,842,12/18/2022,2/12/2023,2/15/2023,59
SKU-SHI-0024,KnitCraft Studio,40,854,12/18/2022,2/11/2023,2/11/2023,55
SKU-SHI-0003,KnitCraft Studio,122,1004,12/25/2022,2/17/2023,2/20/2023,57
SKU-TSH-0004,StitchWorks India,100,539,1/1/2023,2/3/2023,2/6/2023,36
SKU-SHI-0006,KnitCraft Studio,75,1097,1/1/2023,1/31/2023,2/3/2023,33
SKU-PAN-0008,StitchWorks India,82,1152,1/1/2023,2/19/2023,2/22/2023,52
SKU-PAN-0009,KnitCraft Studio,78,1008,1/1/2023,2/19/2023,2/19/2023,49
SKU-TSH-0010,WestCo Garments,48,782,1/1/2023,2/13/2023,2/14/2023,44
SKU-SHO-0011,WestCo Garments,72,761,1/1/2023,2/18/2023,2/19/2023,49
SKU-SHI-0001,UrbanWeave Co.,358,705,1/8/2023,3/1/2023,3/4/2023,55
SKU-CRO-0005,StitchWorks India,110,846,1/8/2023,2/21/2023,2/21/2023,44
SKU-SHI-0013,UrbanWeave Co.,61,1227,1/8/2023,2/15/2023,2/16/2023,39
SKU-CRO-0014,Apex Fashions,62,756,1/8/2023,2/20/2023,2/20/2023,43
SKU-CRO-0019,StitchWorks India,40,726,1/8/2023,2/5/2023,2/10/2023,33
SKU-JAC-0027,StitchWorks India,40,1871,1/8/2023,2/8/2023,2/10/2023,33
SKU-JAC-0031,WestCo Garments,42,1800,1/8/2023,2/26/2023,3/3/2023,54
SKU-PAN-0002,Apex Fashions,164,982,1/15/2023,3/4/2023,3/4/2023,48
SKU-CRO-0007,Apex Fashions,63,818,1/15/2023,2/15/2023,2/15/2023,31
SKU-TSH-0012,UrbanWeave Co.,40,715,1/15/2023,2/22/2023,2/25/2023,41
SKU-SHI-0017,UrbanWeave Co.,63,842,1/15/2023,3/3/2023,3/3/2023,47
SKU-SHI-0024,KnitCraft Studio,52,854,1/15/2023,2/25/2023,2/26/2023,42
SKU-SHI-0003,KnitCraft Studio,118,1004,1/22/2023,2/26/2023,3/1/2023,38
SKU-TSH-0004,StitchWorks India,144,539,1/29/2023,3/9/2023,3/9/2023,39
SKU-SHI-0006,KnitCraft Studio,74,1097,1/29/2023,3/7/2023,3/8/2023,38
SKU-PAN-0008,StitchWorks India,66,1152,1/29/2023,3/11/2023,3/11/2023,41
SKU-PAN-0009,KnitCraft Studio,74,1008,1/29/2023,3/21/2023,3/21/2023,51
SKU-TSH-0010,WestCo Garments,56,782,1/29/2023,3/21/2023,3/26/2023,56
SKU-SHO-0011,WestCo Garments,40,761,1/29/2023,3/13/2023,3/13/2023,43
SKU-CRO-0038,WestCo Garments,40,1060,1/29/2023,3/25/2023,3/30/2023,60
SKU-SHI-0001,UrbanWeave Co.,433,705,2/5/2023,3/29/2023,4/3/2023,57
SKU-CRO-0005,StitchWorks India,126,846,2/5/2023,3/18/2023,3/23/2023,46
SKU-SHI-0013,UrbanWeave Co.,42,1227,2/5/2023,3/18/2023,3/20/2023,43
SKU-CRO-0014,Apex Fashions,84,756,2/5/2023,3/12/2023,3/17/2023,40
SKU-CRO-0019,StitchWorks India,40,726,2/5/2023,3/14/2023,3/17/2023,40
SKU-PAN-0020,WestCo Garments,40,1163,2/5/2023,3/26/2023,3/29/2023,52
SKU-PAN-0021,Apex Fashions,78,1216,2/5/2023,3/23/2023,3/26/2023,49
SKU-JAC-0027,StitchWorks India,71,1871,2/5/2023,3/9/2023,3/10/2023,33
SKU-JAC-0031,WestCo Garments,50,1800,2/5/2023,3/16/2023,3/19/2023,42
SKU-CRO-0035,Apex Fashions,40,721,2/5/2023,3/28/2023,3/30/2023,53
SKU-PAN-0002,Apex Fashions,236,982,2/12/2023,3/26/2023,3/26/2023,42
SKU-CRO-0007,Apex Fashions,102,818,2/12/2023,4/8/2023,4/8/2023,55
SKU-TSH-0012,UrbanWeave Co.,77,715,2/12/2023,3/21/2023,3/26/2023,42
SKU-SHI-0017,UrbanWeave Co.,58,842,2/12/2023,3/29/2023,4/3/2023,50
SKU-SHI-0024,KnitCraft Studio,42,854,2/12/2023,3/21/2023,3/21/2023,37
SKU-SHI-0003,KnitCraft Studio,132,1004,2/19/2023,3/27/2023,3/27/2023,36
SKU-TSH-0004,StitchWorks India,98,539,2/26/2023,4/22/2023,4/22/2023,55
SKU-SHI-0006,KnitCraft Studio,88,1097,2/26/2023,4/7/2023,4/9/2023,42
SKU-PAN-0008,StitchWorks India,63,1152,2/26/2023,4/11/2023,4/12/2023,45
SKU-PAN-0009,KnitCraft Studio,40,1008,2/26/2023,3/31/2023,4/5/2023,38
SKU-TSH-0010,WestCo Garments,50,782,2/26/2023,4/10/2023,4/11/2023,44
SKU-SHO-0011,WestCo Garments,77,761,2/26/2023,4/15/2023,4/15/2023,48
SKU-PAN-0016,KnitCraft Studio,58,970,2/26/2023,3/29/2023,3/30/2023,32
SKU-CRO-0030,WestCo Garments,40,621,2/26/2023,4/1/2023,4/3/2023,36
SKU-CRO-0038,WestCo Garments,40,1060,2/26/2023,4/6/2023,4/9/2023,42
SKU-SHI-0001,UrbanWeave Co.,336,705,3/5/2023,4/2/2023,4/7/2023,33
SKU-CRO-0005,StitchWorks India,67,846,3/5/2023,4/18/2023,4/19/2023,45
SKU-SHI-0013,UrbanWeave Co.,48,1227,3/5/2023,4/9/2023,4/11/2023,37
SKU-CRO-0014,Apex Fashions,40,756,3/5/2023,4/10/2023,4/12/2023,38
SKU-SHI-0015,Apex Fashions,49,940,3/5/2023,4/2/2023,4/4/2023,30
SKU-CRO-0019,StitchWorks India,51,726,3/5/2023,4/19/2023,4/19/2023,45
SKU-PAN-0020,WestCo Garments,40,1163,3/5/2023,4/16/2023,4/18/2023,44
SKU-JAC-0027,StitchWorks India,66,1871,3/5/2023,4/15/2023,4/15/2023,41
SKU-JAC-0031,WestCo Garments,60,1800,3/5/2023,4/24/2023,4/24/2023,50
SKU-CRO-0035,Apex Fashions,40,721,3/5/2023,4/19/2023,4/21/2023,47
SKU-PAN-0002,Apex Fashions,190,982,3/12/2023,4/12/2023,4/12/2023,31
SKU-CRO-0007,Apex Fashions,74,818,3/12/2023,4/26/2023,5/1/2023,50
SKU-TSH-0012,UrbanWeave Co.,58,715,3/12/2023,4/14/2023,4/16/2023,35
SKU-SHI-0017,UrbanWeave Co.,72,842,3/12/2023,5/6/2023,5/6/2023,55
SKU-PAN-0021,Apex Fashions,40,1216,3/12/2023,4/29/2023,5/4/2023,53
SKU-SHI-0024,KnitCraft Studio,40,854,3/12/2023,4/29/2023,4/29/2023,48
SKU-SHI-0003,KnitCraft Studio,134,1004,3/19/2023,4/16/2023,4/16/2023,28
SKU-TSH-0004,StitchWorks India,82,539,3/26/2023,5/6/2023,5/9/2023,44
SKU-SHI-0006,KnitCraft Studio,104,1097,3/26/2023,5/18/2023,5/20/2023,55
SKU-PAN-0008,StitchWorks India,79,1152,3/26/2023,5/10/2023,5/15/2023,50
SKU-PAN-0009,KnitCraft Studio,40,1008,3/26/2023,5/17/2023,5/17/2023,52
SKU-TSH-0010,WestCo Garments,70,782,3/26/2023,5/5/2023,5/7/2023,42
SKU-SHO-0011,WestCo Garments,49,761,3/26/2023,5/11/2023,5/16/2023,51
SKU-PAN-0016,KnitCraft Studio,42,970,3/26/2023,4/26/2023,4/26/2023,31
SKU-CRO-0030,WestCo Garments,41,621,3/26/2023,5/12/2023,5/12/2023,47
SKU-CRO-0038,WestCo Garments,40,1060,3/26/2023,5/12/2023,5/12/2023,47
SKU-SHI-0001,UrbanWeave Co.,362,705,4/2/2023,4/30/2023,4/30/2023,28
SKU-CRO-0005,StitchWorks India,108,846,4/2/2023,5/26/2023,5/28/2023,56
SKU-SHI-0013,UrbanWeave Co.,60,1227,4/2/2023,5/18/2023,5/18/2023,46
SKU-CRO-0014,Apex Fashions,52,756,4/2/2023,5/5/2023,5/6/2023,34
SKU-SHI-0015,Apex Fashions,49,940,4/2/2023,5/4/2023,5/4/2023,32
SKU-CRO-0019,StitchWorks India,40,726,4/2/2023,5/11/2023,5/13/2023,41
SKU-PAN-0020,WestCo Garments,40,1163,4/2/2023,5/13/2023,5/16/2023,44
SKU-JAC-0027,StitchWorks India,47,1871,4/2/2023,5/3/2023,5/4/2023,32
SKU-JAC-0031,WestCo Garments,40,1800,4/2/2023,5/8/2023,5/10/2023,38
SKU-CRO-0035,Apex Fashions,68,721,4/2/2023,5/2/2023,5/2/2023,30
SKU-PAN-0002,Apex Fashions,184,982,4/9/2023,5/11/2023,5/12/2023,33
SKU-CRO-0007,Apex Fashions,100,818,4/9/2023,5/30/2023,5/30/2023,51
SKU-TSH-0012,UrbanWeave Co.,67,715,4/9/2023,5/29/2023,5/30/2023,51
SKU-SHI-0017,UrbanWeave Co.,67,842,4/9/2023,5/10/2023,5/13/2023,34
SKU-PAN-0021,Apex Fashions,50,1216,4/9/2023,5/14/2023,5/19/2023,40
SKU-SHI-0024,KnitCraft Studio,44,854,4/9/2023,5/28/2023,5/29/2023,50
SKU-JAC-0025,StitchWorks India,54,1639,4/9/2023,5/15/2023,5/18/2023,39
SKU-SHI-0003,KnitCraft Studio,139,1004,4/16/2023,5/25/2023,5/27/2023,41
SKU-PAN-0022,KnitCraft Studio,56,1076,4/16/2023,6/10/2023,6/10/2023,55
SKU-TSH-0004,StitchWorks India,133,539,4/23/2023,6/7/2023,6/8/2023,46
SKU-SHI-0006,KnitCraft Studio,112,1097,4/23/2023,5/23/2023,5/26/2023,33
SKU-PAN-0008,StitchWorks India,54,1152,4/23/2023,6/9/2023,6/12/2023,50
SKU-PAN-0009,KnitCraft Studio,54,1008,4/23/2023,6/7/2023,6/7/2023,45
SKU-TSH-0010,WestCo Garments,53,782,4/23/2023,5/23/2023,5/26/2023,33
SKU-SHO-0011,WestCo Garments,78,761,4/23/2023,6/12/2023,6/17/2023,55
SKU-PAN-0016,KnitCraft Studio,62,970,4/23/2023,6/6/2023,6/7/2023,45
SKU-CRO-0030,WestCo Garments,52,621,4/23/2023,6/16/2023,6/21/2023,59
SKU-CRO-0038,WestCo Garments,40,1060,4/23/2023,5/21/2023,5/21/2023,28
SKU-SHI-0001,UrbanWeave Co.,418,705,4/30/2023,6/15/2023,6/15/2023,46
SKU-CRO-0005,StitchWorks India,133,846,4/30/2023,6/14/2023,6/17/2023,48
SKU-SHI-0013,UrbanWeave Co.,53,1227,4/30/2023,6/3/2023,6/3/2023,34
SKU-CRO-0014,Apex Fashions,70,756,4/30/2023,6/15/2023,6/17/2023,48
SKU-SHI-0015,Apex Fashions,71,940,4/30/2023,5/31/2023,6/5/2023,36
SKU-CRO-0019,StitchWorks India,64,726,4/30/2023,6/3/2023,6/4/2023,35
SKU-PAN-0020,WestCo Garments,62,1163,4/30/2023,6/25/2023,6/25/2023,56
SKU-JAC-0027,StitchWorks India,40,1871,4/30/2023,5/29/2023,5/31/2023,31
SKU-JAC-0031,WestCo Garments,40,1800,4/30/2023,5/28/2023,5/29/2023,29
SKU-CRO-0035,Apex Fashions,72,721,4/30/2023,6/8/2023,6/8/2023,39
SKU-PAN-0002,Apex Fashions,206,982,5/7/2023,6/22/2023,6/22/2023,46
SKU-CRO-0007,Apex Fashions,105,818,5/7/2023,6/11/2023,6/12/2023,36
SKU-TSH-0012,UrbanWeave Co.,42,715,5/7/2023,6/26/2023,6/26/2023,50
SKU-SHI-0017,UrbanWeave Co.,44,842,5/7/2023,6/12/2023,6/13/2023,37
SKU-PAN-0021,Apex Fashions,68,1216,5/7/2023,6/22/2023,6/24/2023,48
SKU-SHI-0024,KnitCraft Studio,40,854,5/7/2023,6/13/2023,6/13/2023,37
SKU-JAC-0025,StitchWorks India,64,1639,5/7/2023,6/6/2023,6/6/2023,30
SKU-SHI-0003,KnitCraft Studio,178,1004,5/14/2023,6/29/2023,6/29/2023,46
SKU-PAN-0022,KnitCraft Studio,66,1076,5/14/2023,7/6/2023,7/11/2023,58
SKU-TSH-0004,StitchWorks India,114,539,5/21/2023,6/23/2023,6/25/2023,35
SKU-SHI-0006,KnitCraft Studio,96,1097,5/21/2023,7/7/2023,7/7/2023,47
SKU-PAN-0008,StitchWorks India,43,1152,5/21/2023,7/5/2023,7/8/2023,48
SKU-PAN-0009,KnitCraft Studio,92,1008,5/21/2023,6/24/2023,6/26/2023,36
SKU-TSH-0010,WestCo Garments,44,782,5/21/2023,6/27/2023,6/27/2023,37
SKU-SHO-0011,WestCo Garments,57,761,5/21/2023,7/2/2023,7/5/2023,45
SKU-PAN-0016,KnitCraft Studio,54,970,5/21/2023,7/7/2023,7/8/2023,48
SKU-PAN-0018,Apex Fashions,41,1176,5/21/2023,6/30/2023,7/3/2023,43
SKU-CRO-0030,WestCo Garments,40,621,5/21/2023,6/30/2023,7/3/2023,43
SKU-CRO-0038,WestCo Garments,40,1060,5/21/2023,7/12/2023,7/12/2023,52
SKU-SHI-0001,UrbanWeave Co.,343,705,5/28/2023,7/23/2023,7/25/2023,58
SKU-CRO-0005,StitchWorks India,62,846,5/28/2023,7/8/2023,7/9/2023,42
SKU-SHI-0013,UrbanWeave Co.,66,1227,5/28/2023,7/20/2023,7/22/2023,55
SKU-CRO-0014,Apex Fashions,58,756,5/28/2023,7/14/2023,7/14/2023,47
SKU-SHI-0015,Apex Fashions,48,940,5/28/2023,7/17/2023,7/22/2023,55
SKU-CRO-0019,StitchWorks India,40,726,5/28/2023,7/21/2023,7/22/2023,55
SKU-PAN-0020,WestCo Garments,40,1163,5/28/2023,7/8/2023,7/10/2023,43
SKU-JAC-0027,StitchWorks India,40,1871,5/28/2023,7/15/2023,7/15/2023,48
SKU-JAC-0031,WestCo Garments,40,1800,5/28/2023,7/17/2023,7/22/2023,55
SKU-CRO-0035,Apex Fashions,40,721,5/28/2023,6/27/2023,7/2/2023,35
SKU-PAN-0002,Apex Fashions,133,982,6/4/2023,7/15/2023,7/20/2023,46
SKU-CRO-0007,Apex Fashions,68,818,6/4/2023,7/12/2023,7/14/2023,40
SKU-TSH-0012,UrbanWeave Co.,58,715,6/4/2023,7/8/2023,7/13/2023,39
SKU-SHI-0017,UrbanWeave Co.,40,842,6/4/2023,7/2/2023,7/4/2023,30
SKU-PAN-0021,Apex Fashions,72,1216,6/4/2023,7/17/2023,7/18/2023,44
SKU-SHI-0024,KnitCraft Studio,40,854,6/4/2023,7/18/2023,7/21/2023,47
SKU-JAC-0025,StitchWorks India,40,1639,6/4/2023,7/20/2023,7/20/2023,46
SKU-SHI-0003,KnitCraft Studio,122,1004,6/11/2023,7/20/2023,7/20/2023,39
SKU-PAN-0022,KnitCraft Studio,40,1076,6/11/2023,8/2/2023,8/3/2023,53
SKU-TSH-0004,StitchWorks India,68,539,6/18/2023,7/24/2023,7/25/2023,37
SKU-SHI-0006,KnitCraft Studio,72,1097,6/18/2023,8/2/2023,8/2/2023,45
SKU-PAN-0008,StitchWorks India,88,1152,6/18/2023,8/6/2023,8/11/2023,54
SKU-PAN-0009,KnitCraft Studio,70,1008,6/18/2023,8/11/2023,8/12/2023,55
SKU-TSH-0010,WestCo Garments,70,782,6/18/2023,8/2/2023,8/5/2023,48
SKU-SHO-0011,WestCo Garments,76,761,6/18/2023,7/19/2023,7/19/2023,31
SKU-PAN-0016,KnitCraft Studio,40,970,6/18/2023,8/2/2023,8/2/2023,45
SKU-PAN-0018,Apex Fashions,44,1176,6/18/2023,7/30/2023,8/4/2023,47
SKU-PAN-0026,WestCo Garments,40,1332,6/18/2023,8/5/2023,8/6/2023,49
SKU-CRO-0030,WestCo Garments,46,621,6/18/2023,7/27/2023,7/28/2023,40
SKU-CRO-0038,WestCo Garments,49,1060,6/18/2023,8/3/2023,8/5/2023,48
SKU-SHI-0001,UrbanWeave Co.,308,705,6/25/2023,8/8/2023,8/13/2023,49
SKU-CRO-0005,StitchWorks India,74,846,6/25/2023,8/5/2023,8/7/2023,43
SKU-SHI-0013,UrbanWeave Co.,53,1227,6/25/2023,8/1/2023,8/6/2023,42
SKU-CRO-0014,Apex Fashions,68,756,6/25/2023,8/3/2023,8/3/2023,39
SKU-SHI-0015,Apex Fashions,45,940,6/25/2023,8/18/2023,8/20/2023,56
SKU-CRO-0019,StitchWorks India,64,726,6/25/2023,8/3/2023,8/6/2023,42
SKU-PAN-0020,WestCo Garments,62,1163,6/25/2023,8/2/2023,8/2/2023,38
SKU-JAC-0027,StitchWorks India,42,1871,6/25/2023,8/4/2023,8/6/2023,42
SKU-JAC-0031,WestCo Garments,40,1800,6/25/2023,8/8/2023,8/13/2023,49
SKU-CRO-0035,Apex Fashions,49,721,6/25/2023,8/15/2023,8/15/2023,51
SKU-PAN-0002,Apex Fashions,174,982,7/2/2023,8/7/2023,8/8/2023,37
SKU-CRO-0007,Apex Fashions,73,818,7/2/2023,8/5/2023,8/10/2023,39
SKU-TSH-0012,UrbanWeave Co.,40,715,7/2/2023,8/14/2023,8/14/2023,43
SKU-SHI-0017,UrbanWeave Co.,54,842,7/2/2023,8/19/2023,8/21/2023,50
SKU-PAN-0021,Apex Fashions,66,1216,7/2/2023,8/10/2023,8/10/2023,39
SKU-SHO-0023,WestCo Garments,40,668,7/2/2023,8/14/2023,8/16/2023,45
SKU-SHI-0024,KnitCraft Studio,40,854,7/2/2023,8/21/2023,8/21/2023,50
SKU-JAC-0025,StitchWorks India,40,1639,7/2/2023,8/17/2023,8/19/2023,48
SKU-SHI-0003,KnitCraft Studio,151,1004,7/9/2023,8/15/2023,8/20/2023,42
SKU-PAN-0022,KnitCraft Studio,40,1076,7/9/2023,8/24/2023,8/24/2023,46
SKU-TSH-0004,StitchWorks India,94,539,7/16/2023,9/8/2023,9/13/2023,59
SKU-SHI-0006,KnitCraft Studio,104,1097,7/16/2023,8/13/2023,8/18/2023,33
SKU-PAN-0008,StitchWorks India,40,1152,7/16/2023,8/26/2023,8/26/2023,41
SKU-PAN-0009,KnitCraft Studio,40,1008,7/16/2023,9/3/2023,9/8/2023,54
SKU-TSH-0010,WestCo Garments,76,782,7/16/2023,8/17/2023,8/20/2023,35
SKU-SHO-0011,WestCo Garments,85,761,7/16/2023,8/18/2023,8/21/2023,36
SKU-PAN-0016,KnitCraft Studio,65,970,7/16/2023,8/13/2023,8/13/2023,28
SKU-PAN-0018,Apex Fashions,40,1176,7/16/2023,8/28/2023,8/29/2023,44
SKU-PAN-0026,WestCo Garments,40,1332,7/16/2023,9/9/2023,9/11/2023,57
SKU-CRO-0030,WestCo Garments,66,621,7/16/2023,9/6/2023,9/6/2023,52
SKU-CRO-0038,WestCo Garments,43,1060,7/16/2023,8/30/2023,9/1/2023,47
SKU-SHI-0001,UrbanWeave Co.,320,705,7/23/2023,9/3/2023,9/3/2023,42
SKU-CRO-0005,StitchWorks India,90,846,7/23/2023,9/16/2023,9/18/2023,57
SKU-SHI-0013,UrbanWeave Co.,44,1227,7/23/2023,9/11/2023,9/16/2023,55
SKU-CRO-0014,Apex Fashions,40,756,7/23/2023,9/15/2023,9/18/2023,57
SKU-SHI-0015,Apex Fashions,40,940,7/23/2023,9/16/2023,9/18/2023,57
SKU-CRO-0019,StitchWorks India,40,726,7/23/2023,9/7/2023,9/8/2023,47
SKU-PAN-0020,WestCo Garments,40,1163,7/23/2023,9/4/2023,9/9/2023,48
SKU-JAC-0027,StitchWorks India,52,1871,7/23/2023,8/21/2023,8/26/2023,34
SKU-PAN-0028,Apex Fashions,40,1317,7/23/2023,8/24/2023,8/26/2023,34
SKU-JAC-0031,WestCo Garments,40,1800,7/23/2023,9/5/2023,9/8/2023,47
SKU-CRO-0035,Apex Fashions,40,721,7/23/2023,9/2/2023,9/4/2023,43
SKU-PAN-0002,Apex Fashions,156,982,7/30/2023,9/8/2023,9/10/2023,42
SKU-CRO-0007,Apex Fashions,64,818,7/30/2023,8/29/2023,9/1/2023,33
SKU-TSH-0012,UrbanWeave Co.,40,715,7/30/2023,9/11/2023,9/12/2023,44
SKU-SHI-0017,UrbanWeave Co.,40,842,7/30/2023,9/22/2023,9/27/2023,59
SKU-PAN-0021,Apex Fashions,47,1216,7/30/2023,9/19/2023,9/22/2023,54
SKU-SHO-0023,WestCo Garments,47,668,7/30/2023,9/7/2023,9/12/2023,44
SKU-SHI-0024,KnitCraft Studio,40,854,7/30/2023,9/21/2023,9/24/2023,56
SKU-JAC-0025,StitchWorks India,40,1639,7/30/2023,8/30/2023,9/1/2023,33
SKU-CRO-0048,Apex Fashions,46,736,7/30/2023,9/2/2023,9/5/2023,37
SKU-SHI-0003,KnitCraft Studio,98,1004,8/6/2023,9/14/2023,9/19/2023,44
SKU-PAN-0022,KnitCraft Studio,64,1076,8/6/2023,9/5/2023,9/5/2023,30
SKU-TSH-0004,StitchWorks India,117,539,8/13/2023,9/26/2023,9/26/2023,44
SKU-SHI-0006,KnitCraft Studio,99,1097,8/13/2023,10/4/2023,10/7/2023,55
SKU-PAN-0008,StitchWorks India,77,1152,8/13/2023,9/23/2023,9/23/2023,41
SKU-PAN-0009,KnitCraft Studio,105,1008,8/13/2023,10/1/2023,10/3/2023,51
SKU-TSH-0010,WestCo Garments,66,782,8/13/2023,9/14/2023,9/16/2023,34
SKU-SHO-0011,WestCo Garments,42,761,8/13/2023,10/2/2023,10/2/2023,50
SKU-PAN-0016,KnitCraft Studio,69,970,8/13/2023,9/25/2023,9/28/2023,46
SKU-PAN-0018,Apex Fashions,40,1176,8/13/2023,9/26/2023,9/27/2023,45
SKU-PAN-0026,WestCo Garments,68,1332,8/13/2023,9/27/2023,10/2/2023,50
SKU-CRO-0030,WestCo Garments,54,621,8/13/2023,9/13/2023,9/16/2023,34
SKU-CRO-0038,WestCo Garments,42,1060,8/13/2023,9/28/2023,9/28/2023,46
SKU-SHI-0001,UrbanWeave Co.,434,705,8/20/2023,9/19/2023,9/19/2023,30
SKU-CRO-0005,StitchWorks India,106,846,8/20/2023,10/6/2023,10/8/2023,49
SKU-SHI-0013,UrbanWeave Co.,48,1227,8/20/2023,10/3/2023,10/5/2023,46
SKU-CRO-0014,Apex Fashions,40,756,8/20/2023,10/3/2023,10/5/2023,46
SKU-SHI-0015,Apex Fashions,64,940,8/20/2023,9/29/2023,10/4/2023,45
SKU-CRO-0019,StitchWorks India,40,726,8/20/2023,9/25/2023,9/28/2023,39
SKU-PAN-0020,WestCo Garments,42,1163,8/20/2023,10/11/2023,10/12/2023,53
SKU-JAC-0027,StitchWorks India,40,1871,8/20/2023,9/28/2023,9/28/2023,39
SKU-PAN-0028,Apex Fashions,40,1317,8/20/2023,10/8/2023,10/10/2023,51
SKU-TSH-0029,KnitCraft Studio,66,701,8/20/2023,9/19/2023,9/21/2023,32
SKU-JAC-0031,WestCo Garments,40,1800,8/20/2023,9/21/2023,9/23/2023,34
SKU-CRO-0035,Apex Fashions,63,721,8/20/2023,9/27/2023,9/29/2023,40
SKU-PAN-0002,Apex Fashions,196,982,8/27/2023,10/17/2023,10/20/2023,54
SKU-CRO-0007,Apex Fashions,94,818,8/27/2023,10/20/2023,10/25/2023,59
SKU-TSH-0012,UrbanWeave Co.,42,715,8/27/2023,9/25/2023,9/30/2023,34
SKU-SHI-0017,UrbanWeave Co.,40,842,8/27/2023,9/30/2023,9/30/2023,34
SKU-PAN-0021,Apex Fashions,66,1216,8/27/2023,9/26/2023,9/28/2023,32
SKU-SHO-0023,WestCo Garments,81,668,8/27/2023,10/10/2023,10/11/2023,45
SKU-SHI-0024,KnitCraft Studio,63,854,8/27/2023,9/25/2023,9/30/2023,34
SKU-JAC-0025,StitchWorks India,76,1639,8/27/2023,10/18/2023,10/18/2023,52
SKU-CRO-0048,Apex Fashions,57,736,8/27/2023,10/14/2023,10/15/2023,49
SKU-SHI-0003,KnitCraft Studio,162,1004,9/3/2023,10/5/2023,10/5/2023,32
SKU-PAN-0022,KnitCraft Studio,70,1076,9/3/2023,10/16/2023,10/21/2023,48
SKU-CRO-0043,WestCo Garments,60,677,9/3/2023,10/29/2023,10/29/2023,56
SKU-TSH-0004,StitchWorks India,136,539,9/10/2023,10/28/2023,10/29/2023,49
SKU-SHI-0006,KnitCraft Studio,136,1097,9/10/2023,11/3/2023,11/3/2023,54
SKU-PAN-0008,StitchWorks India,90,1152,9/10/2023,11/5/2023,11/10/2023,61
SKU-PAN-0009,KnitCraft Studio,46,1008,9/10/2023,10/9/2023,10/10/2023,30
SKU-TSH-0010,WestCo Garments,40,782,9/10/2023,10/26/2023,10/27/2023,47
SKU-SHO-0011,WestCo Garments,66,761,9/10/2023,11/2/2023,11/5/2023,56
SKU-PAN-0016,KnitCraft Studio,65,970,9/10/2023,10/18/2023,10/18/2023,38
SKU-PAN-0018,Apex Fashions,53,1176,9/10/2023,11/3/2023,11/6/2023,57
SKU-PAN-0026,WestCo Garments,69,1332,9/10/2023,10/20/2023,10/20/2023,40
SKU-CRO-0030,WestCo Garments,40,621,9/10/2023,10/19/2023,10/22/2023,42
SKU-CRO-0038,WestCo Garments,56,1060,9/10/2023,11/3/2023,11/3/2023,54
SKU-SHI-0001,UrbanWeave Co.,409,705,9/17/2023,11/4/2023,11/5/2023,49
SKU-CRO-0005,StitchWorks India,106,846,9/17/2023,11/2/2023,11/7/2023,51
SKU-SHI-0013,UrbanWeave Co.,40,1227,9/17/2023,11/12/2023,11/12/2023,56
SKU-CRO-0014,Apex Fashions,76,756,9/17/2023,10/29/2023,11/3/2023,47
SKU-SHI-0015,Apex Fashions,40,940,9/17/2023,10/22/2023,10/27/2023,40
SKU-CRO-0019,StitchWorks India,40,726,9/17/2023,11/3/2023,11/5/2023,49
SKU-PAN-0020,WestCo Garments,50,1163,9/17/2023,11/9/2023,11/10/2023,54
SKU-JAC-0027,StitchWorks India,40,1871,9/17/2023,10/15/2023,10/16/2023,29
SKU-PAN-0028,Apex Fashions,40,1317,9/17/2023,10/15/2023,10/20/2023,33
SKU-TSH-0029,KnitCraft Studio,40,701,9/17/2023,10/20/2023,10/22/2023,35
SKU-JAC-0031,WestCo Garments,54,1800,9/17/2023,11/6/2023,11/11/2023,55
SKU-PAN-0034,UrbanWeave Co.,40,1051,9/17/2023,10/21/2023,10/24/2023,37
SKU-CRO-0035,Apex Fashions,47,721,9/17/2023,10/31/2023,10/31/2023,44
SKU-PAN-0002,Apex Fashions,210,982,9/24/2023,10/22/2023,10/22/2023,28
SKU-CRO-0007,Apex Fashions,67,818,9/24/2023,10/30/2023,10/31/2023,37
SKU-TSH-0012,UrbanWeave Co.,64,715,9/24/2023,11/4/2023,11/6/2023,43
SKU-SHI-0017,UrbanWeave Co.,48,842,9/24/2023,11/15/2023,11/18/2023,55
SKU-PAN-0021,Apex Fashions,62,1216,9/24/2023,11/17/2023,11/17/2023,54
SKU-SHO-0023,WestCo Garments,50,668,9/24/2023,10/25/2023,10/30/2023,36
SKU-SHI-0024,KnitCraft Studio,40,854,9/24/2023,11/12/2023,11/12/2023,49
SKU-JAC-0025,StitchWorks India,64,1639,9/24/2023,11/13/2023,11/13/2023,50
SKU-CRO-0048,Apex Fashions,54,736,9/24/2023,11/12/2023,11/12/2023,49
SKU-SHI-0003,KnitCraft Studio,130,1004,10/1/2023,11/9/2023,11/11/2023,41
SKU-PAN-0022,KnitCraft Studio,62,1076,10/1/2023,10/30/2023,11/1/2023,31
SKU-CRO-0043,WestCo Garments,40,677,10/1/2023,11/26/2023,11/28/2023,58
SKU-TSH-0004,StitchWorks India,116,539,10/8/2023,11/14/2023,11/14/2023,37
SKU-SHI-0006,KnitCraft Studio,63,1097,10/8/2023,11/10/2023,11/10/2023,33
SKU-PAN-0008,StitchWorks India,57,1152,10/8/2023,11/6/2023,11/8/2023,31
SKU-PAN-0009,KnitCraft Studio,84,1008,10/8/2023,11/18/2023,11/18/2023,41
SKU-TSH-0010,WestCo Garments,55,782,10/8/2023,11/16/2023,11/18/2023,41
SKU-SHO-0011,WestCo Garments,56,761,10/8/2023,11/20/2023,11/20/2023,43
SKU-PAN-0016,KnitCraft Studio,52,970,10/8/2023,11/7/2023,11/9/2023,32
SKU-PAN-0018,Apex Fashions,40,1176,10/8/2023,11/17/2023,11/22/2023,45
SKU-PAN-0026,WestCo Garments,56,1332,10/8/2023,11/29/2023,11/29/2023,52
SKU-CRO-0030,WestCo Garments,40,621,10/8/2023,11/22/2023,11/22/2023,45
SKU-CRO-0038,WestCo Garments,62,1060,10/8/2023,11/16/2023,11/16/2023,39
SKU-SHI-0001,UrbanWeave Co.,451,705,10/15/2023,11/14/2023,11/19/2023,35
SKU-CRO-0005,StitchWorks India,116,846,10/15/2023,11/25/2023,11/26/2023,42
SKU-SHI-0013,UrbanWeave Co.,48,1227,10/15/2023,11/14/2023,11/15/2023,31
SKU-CRO-0014,Apex Fashions,62,756,10/15/2023,11/13/2023,11/14/2023,30
SKU-SHI-0015,Apex Fashions,56,940,10/15/2023,11/15/2023,11/16/2023,32
SKU-CRO-0019,StitchWorks India,58,726,10/15/2023,11/30/2023,12/2/2023,48
SKU-PAN-0020,WestCo Garments,68,1163,10/15/2023,11/19/2023,11/19/2023,35
SKU-JAC-0027,StitchWorks India,40,1871,10/15/2023,11/19/2023,11/19/2023,35
SKU-PAN-0028,Apex Fashions,40,1317,10/15/2023,12/7/2023,12/9/2023,55
SKU-TSH-0029,KnitCraft Studio,40,701,10/15/2023,11/14/2023,11/15/2023,31
SKU-JAC-0031,WestCo Garments,58,1800,10/15/2023,11/18/2023,11/18/2023,34
SKU-PAN-0034,UrbanWeave Co.,64,1051,10/15/2023,11/28/2023,11/29/2023,45
SKU-CRO-0035,Apex Fashions,46,721,10/15/2023,11/28/2023,11/30/2023,46
SKU-PAN-0002,Apex Fashions,234,982,10/22/2023,12/1/2023,12/1/2023,40
SKU-CRO-0007,Apex Fashions,102,818,10/22/2023,11/19/2023,11/24/2023,33
SKU-TSH-0012,UrbanWeave Co.,88,715,10/22/2023,12/9/2023,12/10/2023,49
SKU-SHI-0017,UrbanWeave Co.,40,842,10/22/2023,12/17/2023,12/17/2023,56
SKU-PAN-0021,Apex Fashions,56,1216,10/22/2023,12/11/2023,12/16/2023,55
SKU-SHO-0023,WestCo Garments,60,668,10/22/2023,12/5/2023,12/5/2023,44
SKU-SHI-0024,KnitCraft Studio,40,854,10/22/2023,12/16/2023,12/21/2023,60
SKU-JAC-0025,StitchWorks India,74,1639,10/22/2023,12/5/2023,12/5/2023,44
SKU-CRO-0048,Apex Fashions,40,736,10/22/2023,12/1/2023,12/6/2023,45
SKU-SHI-0003,KnitCraft Studio,226,1004,10/29/2023,11/29/2023,11/30/2023,32
SKU-PAN-0022,KnitCraft Studio,64,1076,10/29/2023,12/18/2023,12/20/2023,52
SKU-CRO-0043,WestCo Garments,52,677,10/29/2023,12/16/2023,12/19/2023,51
SKU-TSH-0004,StitchWorks India,172,539,11/5/2023,12/25/2023,12/25/2023,50
SKU-SHI-0006,KnitCraft Studio,82,1097,11/5/2023,12/4/2023,12/5/2023,30
SKU-PAN-0008,StitchWorks India,79,1152,11/5/2023,12/16/2023,12/19/2023,44
SKU-PAN-0009,KnitCraft Studio,70,1008,11/5/2023,12/13/2023,12/13/2023,38
SKU-TSH-0010,WestCo Garments,74,782,11/5/2023,12/31/2023,1/1/2024,57
SKU-SHO-0011,WestCo Garments,68,761,11/5/2023,12/8/2023,12/13/2023,38
SKU-PAN-0016,KnitCraft Studio,64,970,11/5/2023,12/8/2023,12/13/2023,38
SKU-PAN-0018,Apex Fashions,75,1176,11/5/2023,12/9/2023,12/10/2023,35
SKU-PAN-0026,WestCo Garments,66,1332,11/5/2023,12/21/2023,12/23/2023,48
SKU-CRO-0030,WestCo Garments,72,621,11/5/2023,12/18/2023,12/18/2023,43
SKU-CRO-0038,WestCo Garments,50,1060,11/5/2023,12/18/2023,12/23/2023,48
SKU-SHI-0051,StitchWorks India,40,928,11/5/2023,12/9/2023,12/14/2023,39
SKU-SHI-0001,UrbanWeave Co.,576,705,11/12/2023,12/28/2023,12/31/2023,49
SKU-CRO-0005,StitchWorks India,144,846,11/12/2023,12/13/2023,12/16/2023,34
SKU-SHI-0013,UrbanWeave Co.,46,1227,11/12/2023,1/2/2024,1/4/2024,53
SKU-CRO-0014,Apex Fashions,66,756,11/12/2023,12/30/2023,12/30/2023,48
SKU-SHI-0015,Apex Fashions,62,940,11/12/2023,12/22/2023,12/25/2023,43
SKU-CRO-0019,StitchWorks India,52,726,11/12/2023,12/11/2023,12/14/2023,32
SKU-PAN-0020,WestCo Garments,44,1163,11/12/2023,12/13/2023,12/13/2023,31
SKU-JAC-0027,StitchWorks India,53,1871,11/12/2023,1/2/2024,1/7/2024,56
SKU-PAN-0028,Apex Fashions,62,1317,11/12/2023,12/16/2023,12/16/2023,34
SKU-TSH-0029,KnitCraft Studio,40,701,11/12/2023,12/19/2023,12/19/2023,37
SKU-JAC-0031,WestCo Garments,52,1800,11/12/2023,12/29/2023,12/29/2023,47
SKU-TSH-0032,WestCo Garments,40,627,11/12/2023,1/2/2024,1/7/2024,56
SKU-PAN-0034,UrbanWeave Co.,60,1051,11/12/2023,1/7/2024,1/7/2024,56
SKU-CRO-0035,Apex Fashions,40,721,11/12/2023,12/14/2023,12/14/2023,32
SKU-PAN-0002,Apex Fashions,284,982,11/19/2023,1/7/2024,1/12/2024,54
SKU-CRO-0007,Apex Fashions,112,818,11/19/2023,1/13/2024,1/16/2024,58
SKU-TSH-0012,UrbanWeave Co.,81,715,11/19/2023,1/9/2024,1/12/2024,54
SKU-SHI-0017,UrbanWeave Co.,69,842,11/19/2023,1/6/2024,1/11/2024,53
SKU-PAN-0021,Apex Fashions,46,1216,11/19/2023,12/22/2023,12/22/2023,33
SKU-SHO-0023,WestCo Garments,68,668,11/19/2023,12/19/2023,12/22/2023,33
SKU-SHI-0024,KnitCraft Studio,65,854,11/19/2023,1/11/2024,1/11/2024,53
SKU-JAC-0025,StitchWorks India,68,1639,11/19/2023,1/2/2024,1/4/2024,46
SKU-CRO-0048,Apex Fashions,40,736,11/19/2023,12/31/2023,1/3/2024,45
SKU-SHI-0003,KnitCraft Studio,164,1004,11/26/2023,12/30/2023,12/30/2023,34
SKU-PAN-0022,KnitCraft Studio,40,1076,11/26/2023,1/1/2024,1/2/2024,37
SKU-CRO-0043,WestCo Garments,40,677,11/26/2023,12/26/2023,12/31/2023,35
SKU-TSH-0004,StitchWorks India,147,539,12/3/2023,1/18/2024,1/20/2024,48
SKU-SHI-0006,KnitCraft Studio,98,1097,12/3/2023,1/6/2024,1/6/2024,34
SKU-PAN-0008,StitchWorks India,78,1152,12/3/2023,1/4/2024,1/7/2024,35
SKU-PAN-0009,KnitCraft Studio,40,1008,12/3/2023,1/14/2024,1/14/2024,42
SKU-TSH-0010,WestCo Garments,80,782,12/3/2023,1/21/2024,1/23/2024,51
SKU-SHO-0011,WestCo Garments,62,761,12/3/2023,1/4/2024,1/6/2024,34
SKU-PAN-0016,KnitCraft Studio,70,970,12/3/2023,1/26/2024,1/29/2024,57
SKU-PAN-0018,Apex Fashions,40,1176,12/3/2023,1/1/2024,1/1/2024,29
SKU-PAN-0026,WestCo Garments,56,1332,12/3/2023,1/25/2024,1/26/2024,54
SKU-CRO-0030,WestCo Garments,64,621,12/3/2023,1/6/2024,1/7/2024,35
SKU-CRO-0038,WestCo Garments,56,1060,12/3/2023,1/12/2024,1/15/2024,43
SKU-SHI-0051,StitchWorks India,40,928,12/3/2023,1/27/2024,1/27/2024,55
SKU-SHI-0001,UrbanWeave Co.,360,705,12/10/2023,1/29/2024,1/31/2024,52
SKU-CRO-0005,StitchWorks India,92,846,12/10/2023,1/16/2024,1/18/2024,39
SKU-SHI-0013,UrbanWeave Co.,41,1227,12/10/2023,1/17/2024,1/22/2024,43
SKU-CRO-0014,Apex Fashions,46,756,12/10/2023,1/15/2024,1/16/2024,37
SKU-SHI-0015,Apex Fashions,48,940,12/10/2023,1/19/2024,1/19/2024,40
SKU-CRO-0019,StitchWorks India,48,726,12/10/2023,1/29/2024,1/31/2024,52
SKU-PAN-0020,WestCo Garments,40,1163,12/10/2023,1/19/2024,1/24/2024,45
SKU-JAC-0027,StitchWorks India,40,1871,12/10/2023,1/28/2024,2/2/2024,54
SKU-PAN-0028,Apex Fashions,40,1317,12/10/2023,1/28/2024,2/2/2024,54
SKU-TSH-0029,KnitCraft Studio,54,701,12/10/2023,1/7/2024,1/10/2024,31
SKU-JAC-0031,WestCo Garments,47,1800,12/10/2023,1/29/2024,1/29/2024,50
SKU-PAN-0034,UrbanWeave Co.,40,1051,12/10/2023,1/19/2024,1/19/2024,40
SKU-CRO-0035,Apex Fashions,40,721,12/10/2023,2/1/2024,2/3/2024,55
SKU-PAN-0002,Apex Fashions,187,982,12/17/2023,2/7/2024,2/9/2024,54
SKU-CRO-0007,Apex Fashions,64,818,12/17/2023,1/22/2024,1/24/2024,38
SKU-TSH-0012,UrbanWeave Co.,57,715,12/17/2023,1/31/2024,1/31/2024,45
SKU-SHI-0017,UrbanWeave Co.,40,842,12/17/2023,1/18/2024,1/18/2024,32
SKU-PAN-0021,Apex Fashions,41,1216,12/17/2023,1/29/2024,1/29/2024,43
SKU-SHO-0023,WestCo Garments,40,668,12/17/2023,1/19/2024,1/22/2024,36
SKU-SHI-0024,KnitCraft Studio,42,854,12/17/2023,1/22/2024,1/22/2024,36
SKU-JAC-0025,StitchWorks India,60,1639,12/17/2023,1/21/2024,1/21/2024,35
SKU-TSH-0032,WestCo Garments,61,627,12/17/2023,1/30/2024,2/4/2024,49
SKU-CRO-0048,Apex Fashions,40,736,12/17/2023,1/29/2024,1/31/2024,45
SKU-SHI-0003,KnitCraft Studio,154,1004,12/24/2023,2/7/2024,2/8/2024,46
SKU-PAN-0022,KnitCraft Studio,40,1076,12/24/2023,2/9/2024,2/9/2024,47
SKU-CRO-0043,WestCo Garments,45,677,12/24/2023,2/6/2024,2/11/2024,49
SKU-TSH-0004,StitchWorks India,108,539,12/31/2023,2/22/2024,2/23/2024,54
SKU-SHI-0006,KnitCraft Studio,100,1097,12/31/2023,2/7/2024,2/12/2024,43
SKU-PAN-0008,StitchWorks India,58,1152,12/31/2023,2/16/2024,2/21/2024,52
SKU-PAN-0009,KnitCraft Studio,40,1008,12/31/2023,2/18/2024,2/18/2024,49
SKU-TSH-0010,WestCo Garments,64,782,12/31/2023,1/28/2024,1/29/2024,29
SKU-SHO-0011,WestCo Garments,68,761,12/31/2023,2/25/2024,2/26/2024,57
SKU-PAN-0016,KnitCraft Studio,60,970,12/31/2023,2/20/2024,2/23/2024,54
SKU-PAN-0018,Apex Fashions,42,1176,12/31/2023,1/29/2024,2/1/2024,32
SKU-PAN-0026,WestCo Garments,41,1332,12/31/2023,2/13/2024,2/13/2024,44
SKU-CRO-0030,WestCo Garments,40,621,12/31/2023,2/1/2024,2/1/2024,32
SKU-CRO-0038,WestCo Garments,40,1060,12/31/2023,2/18/2024,2/21/2024,52
SKU-SHI-0051,StitchWorks India,57,928,12/31/2023,2/24/2024,2/29/2024,60
SKU-SHI-0001,UrbanWeave Co.,366,705,1/7/2024,2/5/2024,2/10/2024,34
SKU-CRO-0005,StitchWorks India,83,846,1/7/2024,2/16/2024,2/18/2024,42
SKU-SHI-0013,UrbanWeave Co.,40,1227,1/7/2024,2/7/2024,2/7/2024,31
SKU-CRO-0014,Apex Fashions,40,756,1/7/2024,2/27/2024,3/3/2024,56
SKU-SHI-0015,Apex Fashions,40,940,1/7/2024,2/11/2024,2/11/2024,35
SKU-CRO-0019,StitchWorks India,56,726,1/7/2024,2/10/2024,2/10/2024,34
SKU-PAN-0020,WestCo Garments,40,1163,1/7/2024,2/18/2024,2/18/2024,42
SKU-JAC-0027,StitchWorks India,50,1871,1/7/2024,2/18/2024,2/23/2024,47
SKU-PAN-0028,Apex Fashions,40,1317,1/7/2024,2/6/2024,2/6/2024,30
SKU-TSH-0029,KnitCraft Studio,40,701,1/7/2024,3/3/2024,3/5/2024,58
SKU-JAC-0031,WestCo Garments,40,1800,1/7/2024,2/28/2024,3/1/2024,54
SKU-PAN-0034,UrbanWeave Co.,56,1051,1/7/2024,2/9/2024,2/12/2024,36
SKU-CRO-0035,Apex Fashions,40,721,1/7/2024,2/19/2024,2/19/2024,43
SKU-PAN-0002,Apex Fashions,182,982,1/14/2024,2/24/2024,2/24/2024,41
SKU-CRO-0007,Apex Fashions,82,818,1/14/2024,3/2/2024,3/2/2024,48
SKU-TSH-0012,UrbanWeave Co.,66,715,1/14/2024,2/26/2024,2/29/2024,46
SKU-SHI-0017,UrbanWeave Co.,52,842,1/14/2024,2/14/2024,2/14/2024,31
SKU-PAN-0021,Apex Fashions,58,1216,1/14/2024,2/20/2024,2/20/2024,37
SKU-SHO-0023,WestCo Garments,40,668,1/14/2024,3/8/2024,3/10/2024,56
SKU-SHI-0024,KnitCraft Studio,66,854,1/14/2024,2/28/2024,3/2/2024,48
SKU-JAC-0025,StitchWorks India,40,1639,1/14/2024,2/23/2024,2/28/2024,45
SKU-TSH-0032,WestCo Garments,40,627,1/14/2024,2/12/2024,2/14/2024,31
SKU-CRO-0048,Apex Fashions,40,736,1/14/2024,2/26/2024,2/27/2024,44
SKU-SHI-0003,KnitCraft Studio,172,1004,1/21/2024,3/8/2024,3/8/2024,47
SKU-PAN-0022,KnitCraft Studio,52,1076,1/21/2024,2/23/2024,2/28/2024,38
SKU-CRO-0043,WestCo Garments,40,677,1/21/2024,2/26/2024,2/26/2024,36
SKU-TSH-0004,StitchWorks India,100,539,1/28/2024,2/27/2024,3/1/2024,33
SKU-SHI-0006,KnitCraft Studio,56,1097,1/28/2024,3/3/2024,3/5/2024,37
SKU-PAN-0008,StitchWorks India,40,1152,1/28/2024,3/14/2024,3/17/2024,49
SKU-PAN-0009,KnitCraft Studio,74,1008,1/28/2024,3/20/2024,3/21/2024,53
SKU-TSH-0010,WestCo Garments,47,782,1/28/2024,3/6/2024,3/11/2024,43
SKU-SHO-0011,WestCo Garments,56,761,1/28/2024,3/3/2024,3/3/2024,35
SKU-PAN-0016,KnitCraft Studio,40,970,1/28/2024,2/27/2024,3/3/2024,35
SKU-PAN-0018,Apex Fashions,71,1176,1/28/2024,3/8/2024,3/9/2024,41
SKU-PAN-0026,WestCo Garments,40,1332,1/28/2024,2/25/2024,3/1/2024,33
SKU-CRO-0030,WestCo Garments,40,621,1/28/2024,3/17/2024,3/18/2024,50
SKU-CRO-0038,WestCo Garments,40,1060,1/28/2024,3/18/2024,3/20/2024,52
SKU-SHI-0051,StitchWorks India,50,928,1/28/2024,3/13/2024,3/13/2024,45
SKU-JAC-0053,Apex Fashions,40,1660,1/28/2024,3/20/2024,3/21/2024,53
SKU-SHI-0001,UrbanWeave Co.,357,705,2/4/2024,3/23/2024,3/28/2024,53
SKU-CRO-0005,StitchWorks India,90,846,2/4/2024,3/16/2024,3/17/2024,42
SKU-SHI-0013,UrbanWeave Co.,40,1227,2/4/2024,3/17/2024,3/17/2024,42
SKU-CRO-0014,Apex Fashions,70,756,2/4/2024,3/3/2024,3/3/2024,28
SKU-SHI-0015,Apex Fashions,65,940,2/4/2024,3/14/2024,3/17/2024,42
SKU-CRO-0019,StitchWorks India,70,726,2/4/2024,3/28/2024,3/31/2024,56
SKU-PAN-0020,WestCo Garments,72,1163,2/4/2024,3/8/2024,3/8/2024,33
SKU-JAC-0027,StitchWorks India,60,1871,2/4/2024,3/26/2024,3/28/2024,53
SKU-PAN-0028,Apex Fashions,68,1317,2/4/2024,3/14/2024,3/14/2024,39
SKU-TSH-0029,KnitCraft Studio,69,701,2/4/2024,3/9/2024,3/11/2024,36
SKU-JAC-0031,WestCo Garments,46,1800,2/4/2024,3/20/2024,3/20/2024,45
SKU-PAN-0034,UrbanWeave Co.,40,1051,2/4/2024,3/28/2024,4/2/2024,58
SKU-CRO-0035,Apex Fashions,41,721,2/4/2024,3/31/2024,4/1/2024,57
SKU-PAN-0002,Apex Fashions,233,982,2/11/2024,3/18/2024,3/19/2024,37
SKU-CRO-0007,Apex Fashions,40,818,2/11/2024,4/3/2024,4/6/2024,55
SKU-TSH-0012,UrbanWeave Co.,49,715,2/11/2024,4/5/2024,4/10/2024,59
SKU-SHI-0017,UrbanWeave Co.,78,842,2/11/2024,4/7/2024,4/12/2024,61
SKU-PAN-0021,Apex Fashions,60,1216,2/11/2024,3/18/2024,3/18/2024,36
SKU-SHO-0023,WestCo Garments,40,668,2/11/2024,3/12/2024,3/12/2024,30
SKU-SHI-0024,KnitCraft Studio,40,854,2/11/2024,4/2/2024,4/5/2024,54
SKU-JAC-0025,StitchWorks India,40,1639,2/11/2024,3/24/2024,3/26/2024,44
SKU-TSH-0032,WestCo Garments,40,627,2/11/2024,4/4/2024,4/5/2024,54
SKU-CRO-0048,Apex Fashions,58,736,2/11/2024,3/20/2024,3/25/2024,43
SKU-SHI-0003,KnitCraft Studio,104,1004,2/18/2024,4/9/2024,4/12/2024,54
SKU-PAN-0022,KnitCraft Studio,61,1076,2/18/2024,3/31/2024,3/31/2024,42
SKU-CRO-0043,WestCo Garments,40,677,2/18/2024,4/14/2024,4/14/2024,56
SKU-TSH-0004,StitchWorks India,94,539,2/25/2024,4/7/2024,4/9/2024,44
SKU-SHI-0006,KnitCraft Studio,88,1097,2/25/2024,4/20/2024,4/20/2024,55
SKU-PAN-0008,StitchWorks India,76,1152,2/25/2024,3/29/2024,3/31/2024,35
SKU-PAN-0009,KnitCraft Studio,78,1008,2/25/2024,3/31/2024,4/2/2024,37
SKU-TSH-0010,WestCo Garments,40,782,2/25/2024,4/7/2024,4/7/2024,42
SKU-SHO-0011,WestCo Garments,49,761,2/25/2024,4/14/2024,4/14/2024,49
SKU-PAN-0016,KnitCraft Studio,40,970,2/25/2024,4/18/2024,4/23/2024,58
SKU-PAN-0018,Apex Fashions,45,1176,2/25/2024,4/15/2024,4/18/2024,53
SKU-PAN-0026,WestCo Garments,40,1332,2/25/2024,4/13/2024,4/14/2024,49
SKU-CRO-0030,WestCo Garments,48,621,2/25/2024,4/14/2024,4/14/2024,49
SKU-CRO-0038,WestCo Garments,68,1060,2/25/2024,4/9/2024,4/9/2024,44
SKU-SHI-0051,StitchWorks India,61,928,2/25/2024,4/9/2024,4/11/2024,46
SKU-JAC-0053,Apex Fashions,40,1660,2/25/2024,4/18/2024,4/21/2024,56
SKU-SHI-0001,UrbanWeave Co.,339,705,3/3/2024,4/17/2024,4/20/2024,48
SKU-CRO-0005,StitchWorks India,98,846,3/3/2024,4/14/2024,4/17/2024,45
SKU-SHI-0013,UrbanWeave Co.,40,1227,3/3/2024,4/1/2024,4/1/2024,29
SKU-CRO-0014,Apex Fashions,40,756,3/3/2024,4/12/2024,4/12/2024,40
SKU-SHI-0015,Apex Fashions,66,940,3/3/2024,4/10/2024,4/12/2024,40
SKU-CRO-0019,StitchWorks India,57,726,3/3/2024,4/7/2024,4/8/2024,36
SKU-PAN-0020,WestCo Garments,64,1163,3/3/2024,4/9/2024,4/14/2024,42
SKU-JAC-0027,StitchWorks India,44,1871,3/3/2024,4/14/2024,4/15/2024,43
SKU-PAN-0028,Apex Fashions,45,1317,3/3/2024,4/6/2024,4/6/2024,34
SKU-TSH-0029,KnitCraft Studio,56,701,3/3/2024,4/8/2024,4/10/2024,38
SKU-JAC-0031,WestCo Garments,40,1800,3/3/2024,3/31/2024,3/31/2024,28
SKU-PAN-0034,UrbanWeave Co.,42,1051,3/3/2024,4/14/2024,4/14/2024,42
SKU-CRO-0035,Apex Fashions,40,721,3/3/2024,4/19/2024,4/22/2024,50
SKU-SHI-0052,StitchWorks India,60,1141,3/3/2024,4/23/2024,4/23/2024,51
SKU-PAN-0002,Apex Fashions,182,982,3/10/2024,4/7/2024,4/9/2024,30
SKU-CRO-0007,Apex Fashions,68,818,3/10/2024,4/17/2024,4/19/2024,40
SKU-TSH-0012,UrbanWeave Co.,66,715,3/10/2024,4/14/2024,4/14/2024,35
SKU-SHI-0017,UrbanWeave Co.,40,842,3/10/2024,4/22/2024,4/22/2024,43
SKU-PAN-0021,Apex Fashions,40,1216,3/10/2024,5/4/2024,5/6/2024,57
SKU-SHO-0023,WestCo Garments,49,668,3/10/2024,4/11/2024,4/11/2024,32
SKU-SHI-0024,KnitCraft Studio,56,854,3/10/2024,5/4/2024,5/7/2024,58
SKU-JAC-0025,StitchWorks India,50,1639,3/10/2024,4/11/2024,4/11/2024,32
SKU-TSH-0032,WestCo Garments,40,627,3/10/2024,4/17/2024,4/17/2024,38
SKU-CRO-0048,Apex Fashions,40,736,3/10/2024,4/11/2024,4/12/2024,33
SKU-SHI-0003,KnitCraft Studio,166,1004,3/17/2024,4/27/2024,4/30/2024,44
SKU-PAN-0022,KnitCraft Studio,40,1076,3/17/2024,5/3/2024,5/6/2024,50
SKU-CRO-0043,WestCo Garments,62,677,3/17/2024,4/20/2024,4/20/2024,34
SKU-TSH-0004,StitchWorks India,138,539,3/24/2024,5/2/2024,5/4/2024,41
SKU-SHI-0006,KnitCraft Studio,90,1097,3/24/2024,5/8/2024,5/9/2024,46
SKU-PAN-0008,StitchWorks India,64,1152,3/24/2024,5/3/2024,5/6/2024,43
SKU-PAN-0009,KnitCraft Studio,84,1008,3/24/2024,5/10/2024,5/13/2024,50
SKU-TSH-0010,WestCo Garments,55,782,3/24/2024,5/4/2024,5/4/2024,41
SKU-SHO-0011,WestCo Garments,65,761,3/24/2024,5/12/2024,5/15/2024,52
SKU-PAN-0016,KnitCraft Studio,40,970,3/24/2024,4/23/2024,4/28/2024,35
SKU-PAN-0018,Apex Fashions,40,1176,3/24/2024,4/26/2024,4/28/2024,35
SKU-PAN-0026,WestCo Garments,46,1332,3/24/2024,5/12/2024,5/17/2024,54
SKU-CRO-0030,WestCo Garments,53,621,3/24/2024,5/19/2024,5/24/2024,61
SKU-CRO-0038,WestCo Garments,40,1060,3/24/2024,5/8/2024,5/8/2024,45
SKU-SHI-0051,StitchWorks India,40,928,3/24/2024,5/5/2024,5/5/2024,42
SKU-JAC-0053,Apex Fashions,40,1660,3/24/2024,5/6/2024,5/7/2024,44
SKU-SHI-0001,UrbanWeave Co.,482,705,3/31/2024,5/16/2024,5/19/2024,49
SKU-CRO-0005,StitchWorks India,124,846,3/31/2024,5/20/2024,5/20/2024,50
SKU-SHI-0013,UrbanWeave Co.,62,1227,3/31/2024,5/20/2024,5/21/2024,51
SKU-CRO-0014,Apex Fashions,40,756,3/31/2024,5/24/2024,5/25/2024,55
SKU-SHI-0015,Apex Fashions,44,940,3/31/2024,5/22/2024,5/22/2024,52
SKU-CRO-0019,StitchWorks India,70,726,3/31/2024,5/19/2024,5/22/2024,52
SKU-PAN-0020,WestCo Garments,44,1163,3/31/2024,5/14/2024,5/17/2024,47
SKU-JAC-0027,StitchWorks India,46,1871,3/31/2024,5/9/2024,5/11/2024,41
SKU-PAN-0028,Apex Fashions,67,1317,3/31/2024,5/26/2024,5/31/2024,61
SKU-TSH-0029,KnitCraft Studio,55,701,3/31/2024,5/4/2024,5/4/2024,34
SKU-JAC-0031,WestCo Garments,40,1800,3/31/2024,5/12/2024,5/12/2024,42
SKU-SHO-0033,KnitCraft Studio,63,758,3/31/2024,5/18/2024,5/18/2024,48
SKU-PAN-0034,UrbanWeave Co.,66,1051,3/31/2024,5/12/2024,5/17/2024,47
SKU-CRO-0035,Apex Fashions,40,721,3/31/2024,5/20/2024,5/25/2024,55
SKU-SHI-0052,StitchWorks India,40,1141,3/31/2024,5/16/2024,5/18/2024,48
SKU-PAN-0002,Apex Fashions,238,982,4/7/2024,5/6/2024,5/8/2024,31
SKU-CRO-0007,Apex Fashions,110,818,4/7/2024,5/8/2024,5/10/2024,33
SKU-TSH-0012,UrbanWeave Co.,68,715,4/7/2024,5/8/2024,5/13/2024,36
SKU-SHI-0017,UrbanWeave Co.,40,842,4/7/2024,5/26/2024,5/26/2024,49
SKU-PAN-0021,Apex Fashions,60,1216,4/7/2024,5/17/2024,5/18/2024,41
SKU-SHO-0023,WestCo Garments,57,668,4/7/2024,5/8/2024,5/13/2024,36
SKU-SHI-0024,KnitCraft Studio,66,854,4/7/2024,6/1/2024,6/3/2024,57
SKU-JAC-0025,StitchWorks India,40,1639,4/7/2024,5/15/2024,5/18/2024,41
SKU-TSH-0032,WestCo Garments,40,627,4/7/2024,5/31/2024,6/2/2024,56
SKU-CRO-0048,Apex Fashions,60,736,4/7/2024,5/13/2024,5/15/2024,38
SKU-SHI-0003,KnitCraft Studio,149,1004,4/14/2024,5/27/2024,5/30/2024,46
SKU-PAN-0022,KnitCraft Studio,40,1076,4/14/2024,5/23/2024,5/23/2024,39
SKU-CRO-0043,WestCo Garments,40,677,4/14/2024,5/28/2024,5/28/2024,44
SKU-TSH-0004,StitchWorks India,108,539,4/21/2024,5/26/2024,5/26/2024,35
SKU-SHI-0006,KnitCraft Studio,115,1097,4/21/2024,5/29/2024,5/30/2024,39
SKU-PAN-0008,StitchWorks India,97,1152,4/21/2024,5/24/2024,5/27/2024,36
SKU-PAN-0009,KnitCraft Studio,65,1008,4/21/2024,5/31/2024,5/31/2024,40
SKU-TSH-0010,WestCo Garments,99,782,4/21/2024,5/27/2024,5/27/2024,36
SKU-SHO-0011,WestCo Garments,100,761,4/21/2024,6/10/2024,6/10/2024,50
SKU-PAN-0016,KnitCraft Studio,76,970,4/21/2024,5/28/2024,6/2/2024,42
SKU-PAN-0018,Apex Fashions,40,1176,4/21/2024,5/19/2024,5/21/2024,30
SKU-PAN-0026,WestCo Garments,40,1332,4/21/2024,6/15/2024,6/15/2024,55
SKU-CRO-0030,WestCo Garments,46,621,4/21/2024,6/5/2024,6/8/2024,48
SKU-CRO-0038,WestCo Garments,50,1060,4/21/2024,6/12/2024,6/12/2024,52
SKU-SHI-0051,StitchWorks India,62,928,4/21/2024,5/25/2024,5/25/2024,34
SKU-JAC-0053,Apex Fashions,40,1660,4/21/2024,6/16/2024,6/21/2024,61
SKU-SHI-0054,KnitCraft Studio,70,963,4/21/2024,5/30/2024,6/2/2024,42
SKU-SHI-0001,UrbanWeave Co.,506,705,4/28/2024,6/14/2024,6/19/2024,52
SKU-CRO-0005,StitchWorks India,112,846,4/28/2024,6/16/2024,6/17/2024,50
SKU-SHI-0013,UrbanWeave Co.,74,1227,4/28/2024,6/10/2024,6/10/2024,43
SKU-CRO-0014,Apex Fashions,49,756,4/28/2024,6/5/2024,6/5/2024,38
SKU-SHI-0015,Apex Fashions,48,940,4/28/2024,6/11/2024,6/12/2024,45
SKU-CRO-0019,StitchWorks India,72,726,4/28/2024,6/5/2024,6/5/2024,38
SKU-PAN-0020,WestCo Garments,41,1163,4/28/2024,6/18/2024,6/21/2024,54
SKU-JAC-0027,StitchWorks India,40,1871,4/28/2024,5/29/2024,6/3/2024,36
SKU-PAN-0028,Apex Fashions,58,1317,4/28/2024,6/15/2024,6/16/2024,49
SKU-TSH-0029,KnitCraft Studio,76,701,4/28/2024,6/8/2024,6/13/2024,46
SKU-JAC-0031,WestCo Garments,65,1800,4/28/2024,6/6/2024,6/8/2024,41
SKU-SHO-0033,KnitCraft Studio,68,758,4/28/2024,6/4/2024,6/4/2024,37
SKU-PAN-0034,UrbanWeave Co.,45,1051,4/28/2024,5/29/2024,5/31/2024,33
SKU-CRO-0035,Apex Fashions,48,721,4/28/2024,6/4/2024,6/7/2024,40
SKU-SHI-0052,StitchWorks India,46,1141,4/28/2024,5/30/2024,5/30/2024,32
SKU-PAN-0002,Apex Fashions,232,982,5/5/2024,6/27/2024,6/27/2024,53
SKU-CRO-0007,Apex Fashions,66,818,5/5/2024,6/29/2024,6/30/2024,56
SKU-TSH-0012,UrbanWeave Co.,57,715,5/5/2024,6/18/2024,6/21/2024,47
SKU-SHI-0017,UrbanWeave Co.,40,842,5/5/2024,6/14/2024,6/14/2024,40
SKU-PAN-0021,Apex Fashions,65,1216,5/5/2024,6/7/2024,6/10/2024,36
SKU-SHO-0023,WestCo Garments,54,668,5/5/2024,6/3/2024,6/5/2024,31
SKU-SHI-0024,KnitCraft Studio,58,854,5/5/2024,6/13/2024,6/14/2024,40
SKU-JAC-0025,StitchWorks India,62,1639,5/5/2024,6/10/2024,6/11/2024,37
SKU-TSH-0032,WestCo Garments,40,627,5/5/2024,6/11/2024,6/11/2024,37
SKU-CRO-0048,Apex Fashions,62,736,5/5/2024,6/4/2024,6/4/2024,30
SKU-SHI-0003,KnitCraft Studio,152,1004,5/12/2024,6/10/2024,6/13/2024,32
SKU-PAN-0022,KnitCraft Studio,40,1076,5/12/2024,6/10/2024,6/13/2024,32
SKU-CRO-0043,WestCo Garments,40,677,5/12/2024,6/18/2024,6/19/2024,38
SKU-TSH-0004,StitchWorks India,107,539,5/19/2024,7/5/2024,7/7/2024,49
SKU-SHI-0006,KnitCraft Studio,94,1097,5/19/2024,6/30/2024,7/3/2024,45
SKU-PAN-0008,StitchWorks India,84,1152,5/19/2024,7/2/2024,7/3/2024,45
SKU-PAN-0009,KnitCraft Studio,45,1008,5/19/2024,7/14/2024,7/17/2024,59
SKU-TSH-0010,WestCo Garments,56,782,5/19/2024,7/5/2024,7/7/2024,49
SKU-SHO-0011,WestCo Garments,87,761,5/19/2024,7/7/2024,7/7/2024,49
SKU-PAN-0016,KnitCraft Studio,45,970,5/19/2024,6/18/2024,6/21/2024,33
SKU-PAN-0018,Apex Fashions,50,1176,5/19/2024,7/5/2024,7/5/2024,47
SKU-PAN-0026,WestCo Garments,58,1332,5/19/2024,7/10/2024,7/13/2024,55
SKU-CRO-0030,WestCo Garments,40,621,5/19/2024,6/25/2024,6/26/2024,38
SKU-CRO-0038,WestCo Garments,40,1060,5/19/2024,6/26/2024,6/29/2024,41
SKU-SHO-0039,UrbanWeave Co.,64,809,5/19/2024,6/26/2024,6/26/2024,38
SKU-SHI-0051,StitchWorks India,40,928,5/19/2024,6/27/2024,6/27/2024,39
SKU-JAC-0053,Apex Fashions,40,1660,5/19/2024,6/21/2024,6/23/2024,35
SKU-SHI-0054,KnitCraft Studio,40,963,5/19/2024,6/28/2024,6/28/2024,40
SKU-SHI-0001,UrbanWeave Co.,328,705,5/26/2024,6/24/2024,6/26/2024,31
SKU-CRO-0005,StitchWorks India,100,846,5/26/2024,6/28/2024,6/28/2024,33
SKU-SHI-0013,UrbanWeave Co.,58,1227,5/26/2024,7/3/2024,7/8/2024,43
SKU-CRO-0014,Apex Fashions,48,756,5/26/2024,6/25/2024,6/25/2024,30
SKU-SHI-0015,Apex Fashions,69,940,5/26/2024,6/24/2024,6/24/2024,29
SKU-CRO-0019,StitchWorks India,66,726,5/26/2024,7/16/2024,7/16/2024,51
SKU-PAN-0020,WestCo Garments,64,1163,5/26/2024,7/17/2024,7/20/2024,55
SKU-JAC-0027,StitchWorks India,40,1871,5/26/2024,7/9/2024,7/12/2024,47
SKU-PAN-0028,Apex Fashions,44,1317,5/26/2024,6/28/2024,6/28/2024,33
SKU-TSH-0029,KnitCraft Studio,61,701,5/26/2024,6/29/2024,7/2/2024,37
SKU-JAC-0031,WestCo Garments,40,1800,5/26/2024,6/23/2024,6/24/2024,29
SKU-SHO-0033,KnitCraft Studio,40,758,5/26/2024,6/25/2024,6/26/2024,31
SKU-PAN-0034,UrbanWeave Co.,60,1051,5/26/2024,7/1/2024,7/1/2024,36
SKU-CRO-0035,Apex Fashions,70,721,5/26/2024,7/7/2024,7/8/2024,43
SKU-SHI-0052,StitchWorks India,58,1141,5/26/2024,7/7/2024,7/9/2024,44
SKU-PAN-0002,Apex Fashions,178,982,6/2/2024,7/27/2024,7/30/2024,58
SKU-CRO-0007,Apex Fashions,94,818,6/2/2024,6/30/2024,7/3/2024,31
SKU-TSH-0012,UrbanWeave Co.,56,715,6/2/2024,7/10/2024,7/10/2024,38
SKU-SHI-0017,UrbanWeave Co.,40,842,6/2/2024,7/17/2024,7/20/2024,48
SKU-PAN-0021,Apex Fashions,40,1216,6/2/2024,7/3/2024,7/3/2024,31
SKU-SHO-0023,WestCo Garments,40,668,6/2/2024,7/21/2024,7/23/2024,51
SKU-SHI-0024,KnitCraft Studio,44,854,6/2/2024,7/24/2024,7/27/2024,55
SKU-JAC-0025,StitchWorks India,40,1639,6/2/2024,7/25/2024,7/28/2024,56
SKU-TSH-0032,WestCo Garments,60,627,6/2/2024,7/2/2024,7/2/2024,30
SKU-CRO-0048,Apex Fashions,54,736,6/2/2024,7/9/2024,7/9/2024,37
SKU-SHI-0003,KnitCraft Studio,150,1004,6/9/2024,8/2/2024,8/5/2024,57
SKU-PAN-0022,KnitCraft Studio,66,1076,6/9/2024,7/28/2024,7/30/2024,51
SKU-CRO-0043,WestCo Garments,40,677,6/9/2024,8/3/2024,8/8/2024,60
SKU-TSH-0004,StitchWorks India,81,539,6/16/2024,7/23/2024,7/23/2024,37
SKU-SHI-0006,KnitCraft Studio,93,1097,6/16/2024,7/23/2024,7/26/2024,40
SKU-PAN-0008,StitchWorks India,73,1152,6/16/2024,7/18/2024,7/21/2024,35
SKU-PAN-0009,KnitCraft Studio,40,1008,6/16/2024,7/22/2024,7/22/2024,36
SKU-TSH-0010,WestCo Garments,64,782,6/16/2024,7/23/2024,7/23/2024,37
SKU-SHO-0011,WestCo Garments,54,761,6/16/2024,8/11/2024,8/12/2024,57
SKU-PAN-0016,KnitCraft Studio,40,970,6/16/2024,7/19/2024,7/20/2024,34
SKU-PAN-0018,Apex Fashions,57,1176,6/16/2024,8/10/2024,8/15/2024,60
SKU-PAN-0026,WestCo Garments,57,1332,6/16/2024,8/8/2024,8/8/2024,53
SKU-CRO-0030,WestCo Garments,58,621,6/16/2024,8/5/2024,8/8/2024,53
SKU-CRO-0038,WestCo Garments,48,1060,6/16/2024,7/23/2024,7/26/2024,40
SKU-SHO-0039,UrbanWeave Co.,46,809,6/16/2024,8/10/2024,8/10/2024,55
SKU-SHI-0051,StitchWorks India,40,928,6/16/2024,7/25/2024,7/27/2024,41
SKU-JAC-0053,Apex Fashions,40,1660,6/16/2024,8/2/2024,8/2/2024,47
SKU-SHI-0054,KnitCraft Studio,41,963,6/16/2024,7/21/2024,7/26/2024,40
SKU-SHI-0001,UrbanWeave Co.,306,705,6/23/2024,8/9/2024,8/9/2024,47
SKU-CRO-0005,StitchWorks India,74,846,6/23/2024,8/10/2024,8/11/2024,49
SKU-SHI-0013,UrbanWeave Co.,73,1227,6/23/2024,7/21/2024,7/24/2024,31
SKU-CRO-0014,Apex Fashions,68,756,6/23/2024,8/5/2024,8/10/2024,48
SKU-SHI-0015,Apex Fashions,61,940,6/23/2024,7/24/2024,7/24/2024,31
SKU-CRO-0019,StitchWorks India,40,726,6/23/2024,8/1/2024,8/3/2024,41
SKU-PAN-0020,WestCo Garments,54,1163,6/23/2024,8/1/2024,8/2/2024,40
SKU-JAC-0027,StitchWorks India,40,1871,6/23/2024,8/3/2024,8/6/2024,44
SKU-PAN-0028,Apex Fashions,40,1317,6/23/2024,7/27/2024,7/27/2024,34
SKU-TSH-0029,KnitCraft Studio,61,701,6/23/2024,7/31/2024,8/3/2024,41
SKU-JAC-0031,WestCo Garments,40,1800,6/23/2024,7/31/2024,7/31/2024,38
SKU-SHO-0033,KnitCraft Studio,40,758,6/23/2024,7/27/2024,7/27/2024,34
SKU-PAN-0034,UrbanWeave Co.,41,1051,6/23/2024,7/29/2024,7/31/2024,38
SKU-CRO-0035,Apex Fashions,59,721,6/23/2024,7/21/2024,7/22/2024,29
SKU-SHI-0052,StitchWorks India,61,1141,6/23/2024,7/25/2024,7/27/2024,34
SKU-PAN-0002,Apex Fashions,186,982,6/30/2024,8/1/2024,8/1/2024,32
SKU-CRO-0007,Apex Fashions,76,818,6/30/2024,7/28/2024,8/2/2024,33
SKU-TSH-0012,UrbanWeave Co.,40,715,6/30/2024,7/30/2024,7/31/2024,31
SKU-SHI-0017,UrbanWeave Co.,40,842,6/30/2024,8/11/2024,8/11/2024,42
SKU-PAN-0021,Apex Fashions,51,1216,6/30/2024,8/7/2024,8/10/2024,41
SKU-SHO-0023,WestCo Garments,62,668,6/30/2024,8/5/2024,8/7/2024,38
SKU-SHI-0024,KnitCraft Studio,47,854,6/30/2024,8/23/2024,8/26/2024,57
SKU-JAC-0025,StitchWorks India,40,1639,6/30/2024,8/23/2024,8/26/2024,57
SKU-TSH-0032,WestCo Garments,60,627,6/30/2024,8/8/2024,8/9/2024,40
SKU-CRO-0048,Apex Fashions,57,736,6/30/2024,8/23/2024,8/25/2024,56
SKU-SHI-0003,KnitCraft Studio,82,1004,7/7/2024,8/31/2024,9/3/2024,58
SKU-PAN-0022,KnitCraft Studio,69,1076,7/7/2024,8/12/2024,8/15/2024,39
SKU-CRO-0043,WestCo Garments,40,677,7/7/2024,8/24/2024,8/26/2024,50
SKU-TSH-0004,StitchWorks India,55,539,7/14/2024,8/11/2024,8/16/2024,33
SKU-SHI-0006,KnitCraft Studio,50,1097,7/14/2024,8/15/2024,8/17/2024,34
SKU-PAN-0008,StitchWorks India,60,1152,7/14/2024,9/5/2024,9/6/2024,54
SKU-PAN-0009,KnitCraft Studio,40,1008,7/14/2024,8/11/2024,8/14/2024,31
SKU-TSH-0010,WestCo Garments,59,782,7/14/2024,8/17/2024,8/19/2024,36
SKU-SHO-0011,WestCo Garments,48,761,7/14/2024,9/8/2024,9/13/2024,61
SKU-PAN-0016,KnitCraft Studio,72,970,7/14/2024,8/18/2024,8/23/2024,40
SKU-PAN-0018,Apex Fashions,69,1176,7/14/2024,8/31/2024,8/31/2024,48
SKU-PAN-0026,WestCo Garments,62,1332,7/14/2024,9/4/2024,9/4/2024,52
SKU-CRO-0030,WestCo Garments,40,621,7/14/2024,8/26/2024,8/27/2024,44
SKU-CRO-0038,WestCo Garments,62,1060,7/14/2024,8/19/2024,8/22/2024,39
SKU-SHO-0039,UrbanWeave Co.,49,809,7/14/2024,8/14/2024,8/14/2024,31
SKU-SHI-0051,StitchWorks India,51,928,7/14/2024,8/31/2024,8/31/2024,48
SKU-SHI-0054,KnitCraft Studio,45,963,7/14/2024,8/30/2024,9/2/2024,50
SKU-SHI-0001,UrbanWeave Co.,246,705,7/21/2024,9/13/2024,9/13/2024,54
SKU-CRO-0005,StitchWorks India,80,846,7/21/2024,8/21/2024,8/22/2024,32
SKU-SHI-0013,UrbanWeave Co.,40,1227,7/21/2024,8/27/2024,8/30/2024,40
SKU-CRO-0014,Apex Fashions,62,756,7/21/2024,8/30/2024,8/30/2024,40
SKU-SHI-0015,Apex Fashions,50,940,7/21/2024,9/14/2024,9/17/2024,58
SKU-CRO-0019,StitchWorks India,56,726,7/21/2024,9/6/2024,9/6/2024,47
SKU-PAN-0020,WestCo Garments,74,1163,7/21/2024,8/19/2024,8/22/2024,32
SKU-JAC-0027,StitchWorks India,56,1871,7/21/2024,8/30/2024,9/2/2024,43
SKU-PAN-0028,Apex Fashions,56,1317,7/21/2024,8/24/2024,8/29/2024,39
SKU-TSH-0029,KnitCraft Studio,40,701,7/21/2024,9/1/2024,9/4/2024,45
SKU-JAC-0031,WestCo Garments,50,1800,7/21/2024,9/8/2024,9/9/2024,50
SKU-SHO-0033,KnitCraft Studio,40,758,7/21/2024,8/18/2024,8/18/2024,28
SKU-CRO-0035,Apex Fashions,40,721,7/21/2024,9/14/2024,9/17/2024,58
SKU-PAN-0047,WestCo Garments,55,959,7/21/2024,9/5/2024,9/5/2024,46
SKU-SHI-0052,StitchWorks India,40,1141,7/21/2024,9/13/2024,9/18/2024,59
SKU-JAC-0053,Apex Fashions,46,1660,7/21/2024,8/29/2024,8/30/2024,40
SKU-PAN-0002,Apex Fashions,156,982,7/28/2024,9/4/2024,9/4/2024,38
SKU-CRO-0007,Apex Fashions,75,818,7/28/2024,9/17/2024,9/17/2024,51
SKU-TSH-0012,UrbanWeave Co.,64,715,7/28/2024,8/29/2024,9/3/2024,37
SKU-SHI-0017,UrbanWeave Co.,54,842,7/28/2024,9/5/2024,9/5/2024,39
SKU-PAN-0021,Apex Fashions,40,1216,7/28/2024,8/28/2024,8/29/2024,32
SKU-SHO-0023,WestCo Garments,62,668,7/28/2024,8/30/2024,8/31/2024,34
SKU-SHI-0024,KnitCraft Studio,60,854,7/28/2024,9/2/2024,9/2/2024,36
SKU-JAC-0025,StitchWorks India,66,1639,7/28/2024,9/15/2024,9/18/2024,52
SKU-TSH-0032,WestCo Garments,48,627,7/28/2024,9/7/2024,9/7/2024,41
SKU-CRO-0048,Apex Fashions,46,736,7/28/2024,8/25/2024,8/25/2024,28
SKU-SHI-0003,KnitCraft Studio,130,1004,8/4/2024,9/11/2024,9/16/2024,43
SKU-PAN-0022,KnitCraft Studio,40,1076,8/4/2024,9/10/2024,9/11/2024,38
SKU-CRO-0037,StitchWorks India,40,657,8/4/2024,9/29/2024,10/2/2024,59
SKU-CRO-0043,WestCo Garments,52,677,8/4/2024,9/27/2024,9/29/2024,56
SKU-JAC-0044,StitchWorks India,68,1860,8/4/2024,9/12/2024,9/13/2024,40
SKU-TSH-0004,StitchWorks India,58,539,8/11/2024,9/14/2024,9/16/2024,36
SKU-SHI-0006,KnitCraft Studio,65,1097,8/11/2024,9/8/2024,9/9/2024,29
SKU-PAN-0008,StitchWorks India,88,1152,8/11/2024,9/15/2024,9/15/2024,35
SKU-PAN-0009,KnitCraft Studio,70,1008,8/11/2024,10/1/2024,10/6/2024,56
SKU-TSH-0010,WestCo Garments,52,782,8/11/2024,9/20/2024,9/25/2024,45
SKU-SHO-0011,WestCo Garments,60,761,8/11/2024,9/8/2024,9/11/2024,31
SKU-PAN-0016,KnitCraft Studio,40,970,8/11/2024,9/8/2024,9/10/2024,30
SKU-PAN-0018,Apex Fashions,68,1176,8/11/2024,9/28/2024,10/3/2024,53
SKU-PAN-0026,WestCo Garments,40,1332,8/11/2024,9/29/2024,9/30/2024,50
SKU-CRO-0030,WestCo Garments,63,621,8/11/2024,9/22/2024,9/27/2024,47
SKU-CRO-0038,WestCo Garments,40,1060,8/11/2024,9/18/2024,9/18/2024,38
SKU-SHO-0039,UrbanWeave Co.,55,809,8/11/2024,9/24/2024,9/29/2024,49
SKU-SHI-0051,StitchWorks India,40,928,8/11/2024,9/11/2024,9/12/2024,32
SKU-SHI-0054,KnitCraft Studio,40,963,8/11/2024,9/26/2024,9/28/2024,48
SKU-SHI-0001,UrbanWeave Co.,405,705,8/18/2024,9/17/2024,9/19/2024,32
SKU-CRO-0005,StitchWorks India,89,846,8/18/2024,9/25/2024,9/25/2024,38
SKU-SHI-0013,UrbanWeave Co.,66,1227,8/18/2024,9/25/2024,9/30/2024,43
SKU-CRO-0014,Apex Fashions,65,756,8/18/2024,10/13/2024,10/13/2024,56
SKU-SHI-0015,Apex Fashions,70,940,8/18/2024,9/22/2024,9/24/2024,37
SKU-CRO-0019,StitchWorks India,44,726,8/18/2024,10/6/2024,10/6/2024,49
SKU-PAN-0020,WestCo Garments,70,1163,8/18/2024,9/17/2024,9/22/2024,35
SKU-JAC-0027,StitchWorks India,60,1871,8/18/2024,9/29/2024,9/30/2024,43
SKU-PAN-0028,Apex Fashions,56,1317,8/18/2024,10/5/2024,10/6/2024,49
SKU-TSH-0029,KnitCraft Studio,42,701,8/18/2024,10/6/2024,10/8/2024,51
SKU-JAC-0031,WestCo Garments,40,1800,8/18/2024,10/8/2024,10/11/2024,54
SKU-SHO-0033,KnitCraft Studio,59,758,8/18/2024,9/27/2024,9/27/2024,40
SKU-PAN-0034,UrbanWeave Co.,40,1051,8/18/2024,9/23/2024,9/23/2024,36
SKU-CRO-0035,Apex Fashions,43,721,8/18/2024,10/4/2024,10/9/2024,52
SKU-PAN-0047,WestCo Garments,57,959,8/18/2024,10/7/2024,10/10/2024,53
SKU-SHI-0052,StitchWorks India,52,1141,8/18/2024,9/24/2024,9/26/2024,39
SKU-JAC-0053,Apex Fashions,40,1660,8/18/2024,9/16/2024,9/19/2024,32
SKU-PAN-0002,Apex Fashions,226,982,8/25/2024,10/19/2024,10/20/2024,56
SKU-CRO-0007,Apex Fashions,81,818,8/25/2024,10/13/2024,10/15/2024,51
SKU-TSH-0012,UrbanWeave Co.,78,715,8/25/2024,10/18/2024,10/20/2024,56
SKU-SHI-0017,UrbanWeave Co.,40,842,8/25/2024,10/12/2024,10/15/2024,51
SKU-PAN-0021,Apex Fashions,40,1216,8/25/2024,9/28/2024,9/29/2024,35
SKU-SHO-0023,WestCo Garments,43,668,8/25/2024,9/24/2024,9/29/2024,35
SKU-SHI-0024,KnitCraft Studio,40,854,8/25/2024,10/18/2024,10/23/2024,59
SKU-JAC-0025,StitchWorks India,40,1639,8/25/2024,10/6/2024,10/11/2024,47
SKU-TSH-0032,WestCo Garments,40,627,8/25/2024,10/20/2024,10/25/2024,61
SKU-CRO-0048,Apex Fashions,46,736,8/25/2024,10/10/2024,10/11/2024,47
SKU-SHI-0003,KnitCraft Studio,164,1004,9/1/2024,10/5/2024,10/6/2024,35
SKU-PAN-0022,KnitCraft Studio,44,1076,9/1/2024,10/21/2024,10/24/2024,53
SKU-CRO-0037,StitchWorks India,50,657,9/1/2024,10/25/2024,10/25/2024,54
SKU-CRO-0043,WestCo Garments,48,677,9/1/2024,10/16/2024,10/16/2024,45
SKU-JAC-0044,StitchWorks India,44,1860,9/1/2024,10/1/2024,10/6/2024,35
SKU-TSH-0004,StitchWorks India,124,539,9/8/2024,10/25/2024,10/25/2024,47
SKU-SHI-0006,KnitCraft Studio,59,1097,9/8/2024,10/11/2024,10/12/2024,34
SKU-PAN-0008,StitchWorks India,78,1152,9/8/2024,10/31/2024,10/31/2024,53
SKU-PAN-0009,KnitCraft Studio,77,1008,9/8/2024,10/20/2024,10/22/2024,44
SKU-TSH-0010,WestCo Garments,40,782,9/8/2024,10/31/2024,10/31/2024,53
SKU-SHO-0011,WestCo Garments,74,761,9/8/2024,10/8/2024,10/9/2024,31
SKU-PAN-0016,KnitCraft Studio,50,970,9/8/2024,10/25/2024,10/25/2024,47
SKU-PAN-0018,Apex Fashions,42,1176,9/8/2024,10/22/2024,10/25/2024,47
SKU-PAN-0026,WestCo Garments,40,1332,9/8/2024,10/8/2024,10/11/2024,33
SKU-CRO-0030,WestCo Garments,40,621,9/8/2024,10/27/2024,10/27/2024,49
SKU-CRO-0038,WestCo Garments,62,1060,9/8/2024,10/17/2024,10/17/2024,39
SKU-SHO-0039,UrbanWeave Co.,50,809,9/8/2024,10/14/2024,10/16/2024,38
SKU-SHI-0051,StitchWorks India,40,928,9/8/2024,10/28/2024,10/30/2024,52
SKU-SHI-0054,KnitCraft Studio,40,963,9/8/2024,10/10/2024,10/15/2024,37
SKU-SHI-0001,UrbanWeave Co.,386,705,9/15/2024,11/7/2024,11/12/2024,58
SKU-CRO-0005,StitchWorks India,98,846,9/15/2024,10/16/2024,10/16/2024,31
SKU-SHI-0013,UrbanWeave Co.,72,1227,9/15/2024,11/3/2024,11/6/2024,52
SKU-CRO-0014,Apex Fashions,70,756,9/15/2024,10/19/2024,10/24/2024,39
SKU-SHI-0015,Apex Fashions,44,940,9/15/2024,10/13/2024,10/16/2024,31
SKU-CRO-0019,StitchWorks India,40,726,9/15/2024,10/21/2024,10/24/2024,39
SKU-PAN-0020,WestCo Garments,70,1163,9/15/2024,11/1/2024,11/6/2024,52
SKU-JAC-0027,StitchWorks India,40,1871,9/15/2024,10/17/2024,10/17/2024,32
SKU-PAN-0028,Apex Fashions,52,1317,9/15/2024,10/21/2024,10/23/2024,38
SKU-TSH-0029,KnitCraft Studio,56,701,9/15/2024,11/1/2024,11/6/2024,52
SKU-JAC-0031,WestCo Garments,62,1800,9/15/2024,11/2/2024,11/2/2024,48
SKU-SHO-0033,KnitCraft Studio,40,758,9/15/2024,10/16/2024,10/18/2024,33
SKU-PAN-0034,UrbanWeave Co.,40,1051,9/15/2024,10/28/2024,10/28/2024,43
SKU-CRO-0035,Apex Fashions,40,721,9/15/2024,11/7/2024,11/7/2024,53
SKU-PAN-0047,WestCo Garments,56,959,9/15/2024,11/7/2024,11/8/2024,54
SKU-SHI-0052,StitchWorks India,40,1141,9/15/2024,10/14/2024,10/17/2024,32
SKU-JAC-0053,Apex Fashions,40,1660,9/15/2024,11/2/2024,11/3/2024,49
SKU-PAN-0002,Apex Fashions,164,982,9/22/2024,10/29/2024,10/30/2024,38
SKU-CRO-0007,Apex Fashions,90,818,9/22/2024,11/17/2024,11/19/2024,58
SKU-TSH-0012,UrbanWeave Co.,44,715,9/22/2024,10/29/2024,10/29/2024,37
SKU-SHI-0017,UrbanWeave Co.,40,842,9/22/2024,11/10/2024,11/13/2024,52
SKU-PAN-0021,Apex Fashions,56,1216,9/22/2024,11/9/2024,11/14/2024,53
SKU-SHO-0023,WestCo Garments,44,668,9/22/2024,10/29/2024,11/1/2024,40
SKU-SHI-0024,KnitCraft Studio,44,854,9/22/2024,10/23/2024,10/26/2024,34
SKU-JAC-0025,StitchWorks India,60,1639,9/22/2024,11/2/2024,11/7/2024,46
SKU-TSH-0032,WestCo Garments,40,627,9/22/2024,11/14/2024,11/14/2024,53
SKU-CRO-0048,Apex Fashions,40,736,9/22/2024,11/3/2024,11/4/2024,43
SKU-SHI-0003,KnitCraft Studio,115,1004,9/29/2024,11/16/2024,11/17/2024,49
SKU-PAN-0022,KnitCraft Studio,40,1076,9/29/2024,11/18/2024,11/18/2024,50
SKU-CRO-0037,StitchWorks India,63,657,9/29/2024,11/7/2024,11/7/2024,39
SKU-CRO-0043,WestCo Garments,40,677,9/29/2024,10/31/2024,11/5/2024,37
SKU-JAC-0044,StitchWorks India,64,1860,9/29/2024,10/28/2024,10/31/2024,32
SKU-TSH-0004,StitchWorks India,121,539,10/6/2024,11/9/2024,11/11/2024,36
SKU-SHI-0006,KnitCraft Studio,64,1097,10/6/2024,11/25/2024,11/25/2024,50
SKU-PAN-0008,StitchWorks India,67,1152,10/6/2024,12/1/2024,12/1/2024,56
SKU-PAN-0009,KnitCraft Studio,59,1008,10/6/2024,11/12/2024,11/12/2024,37
SKU-TSH-0010,WestCo Garments,59,782,10/6/2024,11/6/2024,11/11/2024,36
SKU-SHO-0011,WestCo Garments,59,761,10/6/2024,11/28/2024,11/30/2024,55
SKU-PAN-0016,KnitCraft Studio,40,970,10/6/2024,11/17/2024,11/20/2024,45
SKU-PAN-0018,Apex Fashions,50,1176,10/6/2024,11/13/2024,11/15/2024,40
SKU-PAN-0026,WestCo Garments,54,1332,10/6/2024,11/8/2024,11/8/2024,33
SKU-CRO-0030,WestCo Garments,40,621,10/6/2024,11/19/2024,11/24/2024,49
SKU-CRO-0038,WestCo Garments,43,1060,10/6/2024,11/19/2024,11/19/2024,44
SKU-SHO-0039,UrbanWeave Co.,66,809,10/6/2024,11/10/2024,11/10/2024,35
SKU-SHI-0051,StitchWorks India,40,928,10/6/2024,11/21/2024,11/21/2024,46
SKU-SHI-0054,KnitCraft Studio,45,963,10/6/2024,11/13/2024,11/13/2024,38
SKU-SHI-0001,UrbanWeave Co.,378,705,10/13/2024,11/28/2024,12/1/2024,49
SKU-CRO-0005,StitchWorks India,74,846,10/13/2024,12/5/2024,12/10/2024,58
SKU-SHI-0013,UrbanWeave Co.,40,1227,10/13/2024,11/28/2024,12/1/2024,49
SKU-CRO-0014,Apex Fashions,82,756,10/13/2024,11/16/2024,11/17/2024,35
SKU-SHI-0015,Apex Fashions,75,940,10/13/2024,11/17/2024,11/17/2024,35
SKU-CRO-0019,StitchWorks India,40,726,10/13/2024,12/8/2024,12/8/2024,56
SKU-PAN-0020,WestCo Garments,43,1163,10/13/2024,11/29/2024,12/1/2024,49
SKU-JAC-0027,StitchWorks India,66,1871,10/13/2024,11/12/2024,11/12/2024,30
SKU-PAN-0028,Apex Fashions,51,1317,10/13/2024,11/27/2024,11/28/2024,46
SKU-TSH-0029,KnitCraft Studio,40,701,10/13/2024,11/23/2024,11/23/2024,41
SKU-JAC-0031,WestCo Garments,40,1800,10/13/2024,11/13/2024,11/13/2024,31
SKU-SHO-0033,KnitCraft Studio,52,758,10/13/2024,11/13/2024,11/16/2024,34
SKU-PAN-0034,UrbanWeave Co.,40,1051,10/13/2024,11/12/2024,11/13/2024,31
SKU-CRO-0035,Apex Fashions,54,721,10/13/2024,11/17/2024,11/18/2024,36
SKU-PAN-0047,WestCo Garments,56,959,10/13/2024,11/13/2024,11/15/2024,33
SKU-SHI-0052,StitchWorks India,46,1141,10/13/2024,11/25/2024,11/25/2024,43
SKU-JAC-0053,Apex Fashions,40,1660,10/13/2024,11/18/2024,11/18/2024,36
SKU-PAN-0002,Apex Fashions,182,982,10/20/2024,12/9/2024,12/12/2024,53
SKU-CRO-0007,Apex Fashions,76,818,10/20/2024,11/22/2024,11/23/2024,34
SKU-TSH-0012,UrbanWeave Co.,40,715,10/20/2024,12/2/2024,12/2/2024,43
SKU-SHI-0017,UrbanWeave Co.,64,842,10/20/2024,11/20/2024,11/25/2024,36
SKU-PAN-0021,Apex Fashions,45,1216,10/20/2024,11/17/2024,11/17/2024,28
SKU-SHO-0023,WestCo Garments,56,668,10/20/2024,12/5/2024,12/5/2024,46
SKU-SHI-0024,KnitCraft Studio,54,854,10/20/2024,11/29/2024,12/1/2024,42
SKU-JAC-0025,StitchWorks India,40,1639,10/20/2024,12/1/2024,12/1/2024,42
SKU-TSH-0032,WestCo Garments,40,627,10/20/2024,11/28/2024,11/28/2024,39
SKU-SHO-0040,WestCo Garments,66,711,10/20/2024,12/2/2024,12/5/2024,46
SKU-CRO-0048,Apex Fashions,40,736,10/20/2024,11/23/2024,11/23/2024,34
SKU-SHI-0003,KnitCraft Studio,143,1004,10/27/2024,12/4/2024,12/5/2024,39
SKU-PAN-0022,KnitCraft Studio,40,1076,10/27/2024,12/19/2024,12/19/2024,53
SKU-SHI-0036,WestCo Garments,52,998,10/27/2024,11/29/2024,12/1/2024,35
SKU-CRO-0037,StitchWorks India,58,657,10/27/2024,12/2/2024,12/2/2024,36
SKU-CRO-0043,WestCo Garments,40,677,10/27/2024,12/6/2024,12/7/2024,41
SKU-JAC-0044,StitchWorks India,40,1860,10/27/2024,11/30/2024,12/1/2024,35
SKU-TSH-0004,StitchWorks India,148,539,11/3/2024,12/7/2024,12/12/2024,39
SKU-SHI-0006,KnitCraft Studio,90,1097,11/3/2024,12/25/2024,12/28/2024,55
SKU-PAN-0008,StitchWorks India,102,1152,11/3/2024,12/29/2024,12/30/2024,57
SKU-PAN-0009,KnitCraft Studio,72,1008,11/3/2024,12/14/2024,12/15/2024,42
SKU-TSH-0010,WestCo Garments,89,782,11/3/2024,12/4/2024,12/9/2024,36
SKU-SHO-0011,WestCo Garments,74,761,11/3/2024,12/25/2024,12/27/2024,54
SKU-PAN-0016,KnitCraft Studio,66,970,11/3/2024,12/21/2024,12/21/2024,48
SKU-PAN-0018,Apex Fashions,80,1176,11/3/2024,12/11/2024,12/11/2024,38
SKU-PAN-0026,WestCo Garments,40,1332,11/3/2024,12/13/2024,12/14/2024,41
SKU-CRO-0030,WestCo Garments,48,621,11/3/2024,12/28/2024,12/31/2024,58
SKU-CRO-0038,WestCo Garments,53,1060,11/3/2024,12/14/2024,12/14/2024,41
SKU-SHO-0039,UrbanWeave Co.,64,809,11/3/2024,12/11/2024,12/11/2024,38
SKU-SHI-0051,StitchWorks India,41,928,11/3/2024,12/7/2024,12/8/2024,35
SKU-SHI-0054,KnitCraft Studio,40,963,11/3/2024,12/8/2024,12/11/2024,38
SKU-SHI-0001,UrbanWeave Co.,546,705,11/10/2024,12/21/2024,12/21/2024,41
SKU-CRO-0005,StitchWorks India,122,846,11/10/2024,12/9/2024,12/9/2024,29
SKU-SHI-0013,UrbanWeave Co.,46,1227,11/10/2024,1/1/2025,1/2/2025,53
SKU-CRO-0014,Apex Fashions,80,756,11/10/2024,12/8/2024,12/9/2024,29
SKU-SHI-0015,Apex Fashions,40,940,11/10/2024,12/21/2024,12/21/2024,41
SKU-CRO-0019,StitchWorks India,40,726,11/10/2024,12/8/2024,12/9/2024,29
SKU-PAN-0020,WestCo Garments,48,1163,11/10/2024,12/23/2024,12/24/2024,44
SKU-JAC-0027,StitchWorks India,74,1871,11/10/2024,1/3/2025,1/8/2025,59
SKU-PAN-0028,Apex Fashions,42,1317,11/10/2024,12/30/2024,1/2/2025,53
SKU-TSH-0029,KnitCraft Studio,45,701,11/10/2024,12/26/2024,12/28/2024,48
SKU-JAC-0031,WestCo Garments,51,1800,11/10/2024,12/14/2024,12/14/2024,34
SKU-SHO-0033,KnitCraft Studio,40,758,11/10/2024,12/20/2024,12/22/2024,42
SKU-PAN-0034,UrbanWeave Co.,59,1051,11/10/2024,12/17/2024,12/17/2024,37
SKU-CRO-0035,Apex Fashions,40,721,11/10/2024,12/12/2024,12/15/2024,35
SKU-CRO-0042,KnitCraft Studio,40,653,11/10/2024,12/25/2024,12/26/2024,46
SKU-PAN-0047,WestCo Garments,50,959,11/10/2024,12/13/2024,12/15/2024,35
SKU-SHI-0052,StitchWorks India,40,1141,11/10/2024,12/26/2024,12/28/2024,48
SKU-JAC-0053,Apex Fashions,40,1660,11/10/2024,12/19/2024,12/24/2024,44
SKU-PAN-0002,Apex Fashions,244,982,11/17/2024,12/22/2024,12/22/2024,35
SKU-CRO-0007,Apex Fashions,74,818,11/17/2024,12/27/2024,12/30/2024,43
SKU-TSH-0012,UrbanWeave Co.,40,715,11/17/2024,1/12/2025,1/14/2025,58
SKU-SHI-0017,UrbanWeave Co.,40,842,11/17/2024,1/6/2025,1/6/2025,50
SKU-PAN-0021,Apex Fashions,52,1216,11/17/2024,1/10/2025,1/11/2025,55
SKU-SHO-0023,WestCo Garments,40,668,11/17/2024,12/25/2024,12/27/2024,40
SKU-SHI-0024,KnitCraft Studio,40,854,11/17/2024,12/22/2024,12/23/2024,36
SKU-JAC-0025,StitchWorks India,40,1639,11/17/2024,1/12/2025,1/13/2025,57
SKU-TSH-0032,WestCo Garments,54,627,11/17/2024,12/15/2024,12/18/2024,31
SKU-SHO-0040,WestCo Garments,42,711,11/17/2024,12/29/2024,12/31/2024,44
SKU-CRO-0048,Apex Fashions,45,736,11/17/2024,12/16/2024,12/16/2024,29
SKU-SHI-0003,KnitCraft Studio,164,1004,11/24/2024,1/12/2025,1/12/2025,49
SKU-PAN-0022,KnitCraft Studio,63,1076,11/24/2024,1/5/2025,1/5/2025,42
SKU-CRO-0037,StitchWorks India,60,657,11/24/2024,12/26/2024,12/26/2024,32
SKU-CRO-0043,WestCo Garments,40,677,11/24/2024,12/30/2024,12/30/2024,36
SKU-JAC-0044,StitchWorks India,58,1860,11/24/2024,12/23/2024,12/23/2024,29
SKU-TSH-0004,StitchWorks India,108,539,12/1/2024,1/19/2025,1/21/2025,51
SKU-SHI-0006,KnitCraft Studio,60,1097,12/1/2024,1/3/2025,1/4/2025,34
SKU-PAN-0008,StitchWorks India,90,1152,12/1/2024,1/18/2025,1/23/2025,53
SKU-PAN-0009,KnitCraft Studio,48,1008,12/1/2024,1/10/2025,1/10/2025,40
SKU-TSH-0010,WestCo Garments,44,782,12/1/2024,1/23/2025,1/25/2025,55
SKU-SHO-0011,WestCo Garments,50,761,12/1/2024,1/26/2025,1/28/2025,58
SKU-PAN-0016,KnitCraft Studio,40,970,12/1/2024,1/19/2025,1/20/2025,50
SKU-PAN-0018,Apex Fashions,52,1176,12/1/2024,1/24/2025,1/29/2025,59
SKU-PAN-0026,WestCo Garments,40,1332,12/1/2024,1/24/2025,1/26/2025,56
SKU-CRO-0030,WestCo Garments,44,621,12/1/2024,1/17/2025,1/17/2025,47
SKU-CRO-0038,WestCo Garments,45,1060,12/1/2024,1/11/2025,1/11/2025,41
SKU-SHO-0039,UrbanWeave Co.,40,809,12/1/2024,1/26/2025,1/26/2025,56
SKU-SHI-0051,StitchWorks India,64,928,12/1/2024,12/29/2024,1/3/2025,33
SKU-SHI-0054,KnitCraft Studio,48,963,12/1/2024,1/12/2025,1/14/2025,44
SKU-SHI-0001,UrbanWeave Co.,380,705,12/8/2024,1/13/2025,1/16/2025,39
SKU-CRO-0005,StitchWorks India,75,846,12/8/2024,1/16/2025,1/16/2025,39
SKU-SHI-0013,UrbanWeave Co.,40,1227,12/8/2024,1/24/2025,1/25/2025,48
SKU-CRO-0014,Apex Fashions,64,756,12/8/2024,1/29/2025,1/29/2025,52
SKU-SHI-0015,Apex Fashions,42,940,12/8/2024,1/20/2025,1/25/2025,48
SKU-CRO-0019,StitchWorks India,54,726,12/8/2024,1/28/2025,2/2/2025,56
SKU-PAN-0020,WestCo Garments,40,1163,12/8/2024,1/6/2025,1/8/2025,31
SKU-JAC-0027,StitchWorks India,40,1871,12/8/2024,1/14/2025,1/17/2025,40
SKU-PAN-0028,Apex Fashions,40,1317,12/8/2024,1/30/2025,2/1/2025,55
SKU-TSH-0029,KnitCraft Studio,63,701,12/8/2024,1/9/2025,1/12/2025,35
SKU-JAC-0031,WestCo Garments,68,1800,12/8/2024,1/16/2025,1/16/2025,39
SKU-SHO-0033,KnitCraft Studio,40,758,12/8/2024,2/2/2025,2/5/2025,59
SKU-PAN-0034,UrbanWeave Co.,70,1051,12/8/2024,1/7/2025,1/12/2025,35
SKU-CRO-0035,Apex Fashions,52,721,12/8/2024,1/7/2025,1/9/2025,32
SKU-SHI-0036,WestCo Garments,45,998,12/8/2024,2/1/2025,2/4/2025,58
SKU-CRO-0042,KnitCraft Studio,40,653,12/8/2024,1/19/2025,1/19/2025,42
SKU-PAN-0047,WestCo Garments,40,959,12/8/2024,1/31/2025,2/2/2025,56
SKU-SHI-0052,StitchWorks India,42,1141,12/8/2024,1/11/2025,1/16/2025,39
SKU-JAC-0053,Apex Fashions,40,1660,12/8/2024,1/9/2025,1/12/2025,35
SKU-PAN-0002,Apex Fashions,185,982,12/15/2024,2/5/2025,2/6/2025,53
SKU-CRO-0007,Apex Fashions,90,818,12/15/2024,2/6/2025,2/6/2025,53
SKU-TSH-0012,UrbanWeave Co.,64,715,12/15/2024,1/25/2025,1/25/2025,41
SKU-SHI-0017,UrbanWeave Co.,46,842,12/15/2024,2/7/2025,2/10/2025,57
SKU-PAN-0021,Apex Fashions,52,1216,12/15/2024,2/8/2025,2/8/2025,55
SKU-SHO-0023,WestCo Garments,40,668,12/15/2024,1/14/2025,1/17/2025,33
SKU-SHI-0024,KnitCraft Studio,40,854,12/15/2024,1/21/2025,1/23/2025,39
SKU-JAC-0025,StitchWorks India,62,1639,12/15/2024,1/21/2025,1/22/2025,38
SKU-TSH-0032,WestCo Garments,40,627,12/15/2024,2/4/2025,2/6/2025,53
SKU-SHO-0040,WestCo Garments,40,711,12/15/2024,2/2/2025,2/4/2025,51
SKU-CRO-0048,Apex Fashions,40,736,12/15/2024,2/7/2025,2/12/2025,59
SKU-SHI-0003,KnitCraft Studio,160,1004,12/22/2024,2/14/2025,2/17/2025,57
SKU-PAN-0022,KnitCraft Studio,40,1076,12/22/2024,2/10/2025,2/11/2025,51
SKU-CRO-0037,StitchWorks India,44,657,12/22/2024,1/22/2025,1/22/2025,31
SKU-CRO-0043,WestCo Garments,40,677,12/22/2024,1/31/2025,2/1/2025,41
SKU-JAC-0044,StitchWorks India,43,1860,12/22/2024,1/21/2025,1/21/2025,30
SKU-TSH-0004,StitchWorks India,138,539,12/29/2024,2/2/2025,2/2/2025,35
SKU-SHI-0006,KnitCraft Studio,92,1097,12/29/2024,2/8/2025,2/11/2025,44
SKU-PAN-0008,StitchWorks India,87,1152,12/29/2024,2/5/2025,2/5/2025,38
SKU-PAN-0009,KnitCraft Studio,56,1008,12/29/2024,2/20/2025,2/22/2025,55
SKU-TSH-0010,WestCo Garments,76,782,12/29/2024,1/29/2025,2/1/2025,34
SKU-SHO-0011,WestCo Garments,62,761,12/29/2024,2/4/2025,2/6/2025,39
SKU-PAN-0016,KnitCraft Studio,65,970,12/29/2024,2/10/2025,2/12/2025,45
SKU-PAN-0018,Apex Fashions,55,1176,12/29/2024,2/17/2025,2/17/2025,50
SKU-PAN-0026,WestCo Garments,40,1332,12/29/2024,2/5/2025,2/10/2025,43
SKU-CRO-0030,WestCo Garments,40,621,12/29/2024,2/17/2025,2/17/2025,50
SKU-CRO-0038,WestCo Garments,62,1060,12/29/2024,2/8/2025,2/8/2025,41
SKU-SHO-0039,UrbanWeave Co.,58,809,12/29/2024,2/20/2025,2/22/2025,55
SKU-SHI-0051,StitchWorks India,48,928,12/29/2024,2/3/2025,2/3/2025,36
SKU-SHI-0054,KnitCraft Studio,40,963,12/29/2024,2/10/2025,2/12/2025,45
SKU-SHI-0001,UrbanWeave Co.,428,705,1/5/2025,2/13/2025,2/15/2025,41
SKU-CRO-0005,StitchWorks India,112,846,1/5/2025,2/10/2025,2/11/2025,37
SKU-SHI-0013,UrbanWeave Co.,44,1227,1/5/2025,2/26/2025,2/26/2025,52
SKU-CRO-0014,Apex Fashions,68,756,1/5/2025,2/8/2025,2/11/2025,37
SKU-SHI-0015,Apex Fashions,74,940,1/5/2025,2/2/2025,2/7/2025,33
SKU-CRO-0019,StitchWorks India,45,726,1/5/2025,2/28/2025,3/3/2025,57
SKU-PAN-0020,WestCo Garments,56,1163,1/5/2025,2/24/2025,2/27/2025,53
SKU-JAC-0027,StitchWorks India,66,1871,1/5/2025,3/1/2025,3/1/2025,55
SKU-PAN-0028,Apex Fashions,70,1317,1/5/2025,2/28/2025,2/28/2025,54
SKU-TSH-0029,KnitCraft Studio,46,701,1/5/2025,2/19/2025,2/22/2025,48
SKU-JAC-0031,WestCo Garments,40,1800,1/5/2025,2/5/2025,2/10/2025,36
SKU-SHO-0033,KnitCraft Studio,47,758,1/5/2025,2/22/2025,2/23/2025,49
SKU-PAN-0034,UrbanWeave Co.,40,1051,1/5/2025,2/9/2025,2/9/2025,35
SKU-CRO-0035,Apex Fashions,40,721,1/5/2025,2/28/2025,3/5/2025,59
SKU-SHI-0036,WestCo Garments,68,998,1/5/2025,2/10/2025,2/12/2025,38
SKU-CRO-0042,KnitCraft Studio,40,653,1/5/2025,2/15/2025,2/16/2025,42
SKU-JAC-0046,StitchWorks India,40,1896,1/5/2025,2/12/2025,2/12/2025,38
SKU-PAN-0047,WestCo Garments,62,959,1/5/2025,2/22/2025,2/23/2025,49
SKU-SHI-0052,StitchWorks India,40,1141,1/5/2025,2/27/2025,3/2/2025,56
SKU-JAC-0053,Apex Fashions,40,1660,1/5/2025,2/21/2025,2/24/2025,50
SKU-PAN-0002,Apex Fashions,240,982,1/12/2025,2/9/2025,2/9/2025,28
SKU-CRO-0007,Apex Fashions,70,818,1/12/2025,3/3/2025,3/5/2025,52
SKU-TSH-0012,UrbanWeave Co.,58,715,1/12/2025,2/16/2025,2/18/2025,37
SKU-SHI-0017,UrbanWeave Co.,60,842,1/12/2025,2/14/2025,2/15/2025,34
SKU-PAN-0021,Apex Fashions,40,1216,1/12/2025,2/24/2025,2/24/2025,43
SKU-SHO-0023,WestCo Garments,69,668,1/12/2025,2/27/2025,2/28/2025,47
SKU-SHI-0024,KnitCraft Studio,40,854,1/12/2025,3/6/2025,3/7/2025,54
SKU-JAC-0025,StitchWorks India,49,1639,1/12/2025,3/4/2025,3/4/2025,51
SKU-TSH-0032,WestCo Garments,40,627,1/12/2025,2/19/2025,2/19/2025,38
SKU-SHO-0040,WestCo Garments,40,711,1/12/2025,2/27/2025,3/4/2025,51
SKU-SHI-0045,UrbanWeave Co.,59,896,1/12/2025,2/11/2025,2/12/2025,31
SKU-CRO-0048,Apex Fashions,44,736,1/12/2025,2/9/2025,2/12/2025,31
SKU-SHI-0003,KnitCraft Studio,150,1004,1/19/2025,3/11/2025,3/16/2025,56
SKU-PAN-0022,KnitCraft Studio,52,1076,1/19/2025,3/13/2025,3/16/2025,56
SKU-CRO-0043,WestCo Garments,44,677,1/19/2025,3/12/2025,3/13/2025,53
SKU-JAC-0044,StitchWorks India,57,1860,1/19/2025,3/6/2025,3/9/2025,49
SKU-TSH-0004,StitchWorks India,82,539,1/26/2025,2/23/2025,2/26/2025,31
SKU-SHI-0006,KnitCraft Studio,94,1097,1/26/2025,3/19/2025,3/19/2025,52
SKU-PAN-0008,StitchWorks India,101,1152,1/26/2025,3/18/2025,3/18/2025,51
SKU-PAN-0009,KnitCraft Studio,78,1008,1/26/2025,3/15/2025,3/17/2025,50
SKU-TSH-0010,WestCo Garments,69,782,1/26/2025,3/5/2025,3/8/2025,41
SKU-SHO-0011,WestCo Garments,64,761,1/26/2025,3/12/2025,3/14/2025,47
SKU-PAN-0016,KnitCraft Studio,40,970,1/26/2025,3/22/2025,3/23/2025,56
SKU-PAN-0018,Apex Fashions,52,1176,1/26/2025,3/13/2025,3/13/2025,46
SKU-PAN-0026,WestCo Garments,44,1332,1/26/2025,3/17/2025,3/17/2025,50
SKU-CRO-0030,WestCo Garments,46,621,1/26/2025,3/18/2025,3/18/2025,51
SKU-CRO-0037,StitchWorks India,48,657,1/26/2025,3/5/2025,3/5/2025,38
SKU-CRO-0038,WestCo Garments,40,1060,1/26/2025,3/6/2025,3/6/2025,39
SKU-SHO-0039,UrbanWeave Co.,48,809,1/26/2025,2/27/2025,2/27/2025,32
SKU-SHI-0051,StitchWorks India,40,928,1/26/2025,3/9/2025,3/10/2025,43
SKU-SHI-0054,KnitCraft Studio,40,963,1/26/2025,2/26/2025,3/3/2025,36
SKU-SHI-0001,UrbanWeave Co.,402,705,2/2/2025,3/28/2025,3/29/2025,55
SKU-CRO-0005,StitchWorks India,62,846,2/2/2025,3/5/2025,3/10/2025,36
SKU-SHI-0013,UrbanWeave Co.,40,1227,2/2/2025,3/6/2025,3/6/2025,32
SKU-CRO-0014,Apex Fashions,42,756,2/2/2025,3/7/2025,3/7/2025,33
SKU-SHI-0015,Apex Fashions,72,940,2/2/2025,3/21/2025,3/23/2025,49
SKU-CRO-0019,StitchWorks India,50,726,2/2/2025,3/6/2025,3/9/2025,35
SKU-PAN-0020,WestCo Garments,62,1163,2/2/2025,3/23/2025,3/26/2025,52
SKU-JAC-0027,StitchWorks India,40,1871,2/2/2025,3/13/2025,3/15/2025,41
SKU-PAN-0028,Apex Fashions,40,1317,2/2/2025,3/7/2025,3/12/2025,38
SKU-TSH-0029,KnitCraft Studio,40,701,2/2/2025,3/21/2025,3/23/2025,49
SKU-JAC-0031,WestCo Garments,59,1800,2/2/2025,3/13/2025,3/18/2025,44
SKU-SHO-0033,KnitCraft Studio,44,758,2/2/2025,3/6/2025,3/8/2025,34
SKU-PAN-0034,UrbanWeave Co.,57,1051,2/2/2025,3/17/2025,3/20/2025,46
SKU-CRO-0035,Apex Fashions,40,721,2/2/2025,3/19/2025,3/21/2025,47
SKU-SHI-0036,WestCo Garments,40,998,2/2/2025,3/2/2025,3/4/2025,30
SKU-CRO-0042,KnitCraft Studio,52,653,2/2/2025,3/22/2025,3/22/2025,48
SKU-PAN-0047,WestCo Garments,40,959,2/2/2025,3/10/2025,3/11/2025,37
SKU-SHI-0052,StitchWorks India,40,1141,2/2/2025,3/22/2025,3/23/2025,49
SKU-JAC-0053,Apex Fashions,40,1660,2/2/2025,3/28/2025,3/28/2025,54
SKU-PAN-0002,Apex Fashions,203,982,2/9/2025,4/1/2025,4/4/2025,54
SKU-CRO-0007,Apex Fashions,80,818,2/9/2025,4/1/2025,4/1/2025,51
SKU-TSH-0012,UrbanWeave Co.,54,715,2/9/2025,3/14/2025,3/19/2025,38
SKU-SHI-0017,UrbanWeave Co.,72,842,2/9/2025,3/24/2025,3/24/2025,43
SKU-PAN-0021,Apex Fashions,40,1216,2/9/2025,3/18/2025,3/20/2025,39
SKU-SHO-0023,WestCo Garments,44,668,2/9/2025,3/27/2025,4/1/2025,51
SKU-SHI-0024,KnitCraft Studio,45,854,2/9/2025,4/3/2025,4/8/2025,58
SKU-JAC-0025,StitchWorks India,55,1639,2/9/2025,3/12/2025,3/15/2025,34
SKU-TSH-0032,WestCo Garments,60,627,2/9/2025,3/29/2025,3/31/2025,50
SKU-SHO-0040,WestCo Garments,50,711,2/9/2025,4/1/2025,4/4/2025,54
SKU-SHI-0045,UrbanWeave Co.,40,896,2/9/2025,3/12/2025,3/17/2025,36
SKU-CRO-0048,Apex Fashions,50,736,2/9/2025,3/16/2025,3/17/2025,36
SKU-SHI-0003,KnitCraft Studio,139,1004,2/16/2025,3/18/2025,3/18/2025,30
SKU-PAN-0022,KnitCraft Studio,48,1076,2/16/2025,3/18/2025,3/19/2025,31
SKU-CRO-0043,WestCo Garments,40,677,2/16/2025,4/9/2025,4/9/2025,52
SKU-JAC-0044,StitchWorks India,53,1860,2/16/2025,4/1/2025,4/2/2025,45
SKU-TSH-0004,StitchWorks India,97,539,2/23/2025,4/14/2025,4/17/2025,53
SKU-SHI-0006,KnitCraft Studio,64,1097,2/23/2025,4/1/2025,4/4/2025,40
SKU-PAN-0008,StitchWorks India,82,1152,2/23/2025,3/31/2025,4/2/2025,38
SKU-PAN-0009,KnitCraft Studio,68,1008,2/23/2025,4/9/2025,4/14/2025,50
SKU-TSH-0010,WestCo Garments,72,782,2/23/2025,4/18/2025,4/21/2025,57
SKU-SHO-0011,WestCo Garments,40,761,2/23/2025,3/25/2025,3/25/2025,30
SKU-PAN-0016,KnitCraft Studio,61,970,2/23/2025,3/28/2025,3/29/2025,34
SKU-PAN-0018,Apex Fashions,49,1176,2/23/2025,4/10/2025,4/12/2025,48
SKU-PAN-0026,WestCo Garments,40,1332,2/23/2025,3/26/2025,3/28/2025,33
SKU-CRO-0030,WestCo Garments,40,621,2/23/2025,4/7/2025,4/9/2025,45
SKU-CRO-0037,StitchWorks India,62,657,2/23/2025,3/24/2025,3/24/2025,29
SKU-CRO-0038,WestCo Garments,40,1060,2/23/2025,4/13/2025,4/14/2025,50
SKU-SHO-0039,UrbanWeave Co.,40,809,2/23/2025,4/2/2025,4/3/2025,39
SKU-SHI-0051,StitchWorks India,50,928,2/23/2025,4/19/2025,4/20/2025,56
SKU-SHI-0054,KnitCraft Studio,40,963,2/23/2025,3/24/2025,3/26/2025,31
SKU-SHI-0001,UrbanWeave Co.,347,705,3/2/2025,4/23/2025,4/28/2025,57
SKU-CRO-0005,StitchWorks India,67,846,3/2/2025,4/27/2025,4/30/2025,59
SKU-SHI-0013,UrbanWeave Co.,76,1227,3/2/2025,4/20/2025,4/23/2025,52
SKU-CRO-0014,Apex Fashions,47,756,3/2/2025,4/10/2025,4/10/2025,39
SKU-SHI-0015,Apex Fashions,64,940,3/2/2025,4/20/2025,4/25/2025,54
SKU-CRO-0019,StitchWorks India,60,726,3/2/2025,4/9/2025,4/11/2025,40
SKU-PAN-0020,WestCo Garments,68,1163,3/2/2025,4/21/2025,4/26/2025,55
SKU-JAC-0027,StitchWorks India,61,1871,3/2/2025,4/6/2025,4/11/2025,40
SKU-PAN-0028,Apex Fashions,53,1317,3/2/2025,4/9/2025,4/14/2025,43
SKU-TSH-0029,KnitCraft Studio,62,701,3/2/2025,4/16/2025,4/18/2025,47
SKU-JAC-0031,WestCo Garments,40,1800,3/2/2025,4/25/2025,4/25/2025,54
SKU-SHO-0033,KnitCraft Studio,40,758,3/2/2025,4/20/2025,4/25/2025,54
SKU-PAN-0034,UrbanWeave Co.,40,1051,3/2/2025,4/26/2025,4/26/2025,55
SKU-CRO-0035,Apex Fashions,40,721,3/2/2025,4/20/2025,4/20/2025,49
SKU-SHI-0036,WestCo Garments,60,998,3/2/2025,4/27/2025,4/27/2025,56
SKU-CRO-0042,KnitCraft Studio,40,653,3/2/2025,4/18/2025,4/18/2025,47
SKU-SHI-0052,StitchWorks India,40,1141,3/2/2025,4/9/2025,4/10/2025,39
SKU-JAC-0053,Apex Fashions,40,1660,3/2/2025,4/21/2025,4/23/2025,52
SKU-PAN-0002,Apex Fashions,176,982,3/9/2025,4/8/2025,4/13/2025,35
SKU-CRO-0007,Apex Fashions,52,818,3/9/2025,4/11/2025,4/11/2025,33
SKU-TSH-0012,UrbanWeave Co.,46,715,3/9/2025,4/12/2025,4/12/2025,34
SKU-SHI-0017,UrbanWeave Co.,40,842,3/9/2025,4/23/2025,4/25/2025,47
SKU-PAN-0021,Apex Fashions,71,1216,3/9/2025,4/25/2025,4/27/2025,49
SKU-SHO-0023,WestCo Garments,50,668,3/9/2025,4/25/2025,4/28/2025,50
SKU-SHI-0024,KnitCraft Studio,52,854,3/9/2025,4/17/2025,4/17/2025,39
SKU-JAC-0025,StitchWorks India,54,1639,3/9/2025,4/28/2025,4/28/2025,50
SKU-TSH-0032,WestCo Garments,46,627,3/9/2025,4/13/2025,4/16/2025,38
SKU-SHO-0040,WestCo Garments,40,711,3/9/2025,5/1/2025,5/1/2025,53
SKU-SHI-0045,UrbanWeave Co.,40,896,3/9/2025,4/26/2025,4/26/2025,48
SKU-CRO-0048,Apex Fashions,40,736,3/9/2025,4/18/2025,4/20/2025,42
SKU-SHI-0003,KnitCraft Studio,144,1004,3/16/2025,4/30/2025,5/1/2025,46
SKU-PAN-0022,KnitCraft Studio,47,1076,3/16/2025,4/26/2025,4/26/2025,41
SKU-CRO-0043,WestCo Garments,40,677,3/16/2025,4/22/2025,4/22/2025,37
SKU-JAC-0044,StitchWorks India,50,1860,3/16/2025,4/26/2025,5/1/2025,46
SKU-TSH-0004,StitchWorks India,118,539,3/23/2025,4/22/2025,4/25/2025,33
SKU-SHI-0006,KnitCraft Studio,92,1097,3/23/2025,5/10/2025,5/10/2025,48
SKU-PAN-0008,StitchWorks India,88,1152,3/23/2025,5/12/2025,5/17/2025,55
SKU-PAN-0009,KnitCraft Studio,76,1008,3/23/2025,5/15/2025,5/17/2025,55
SKU-TSH-0010,WestCo Garments,60,782,3/23/2025,4/28/2025,4/28/2025,36
SKU-SHO-0011,WestCo Garments,40,761,3/23/2025,5/11/2025,5/11/2025,49
SKU-PAN-0016,KnitCraft Studio,76,970,3/23/2025,4/26/2025,4/26/2025,34
SKU-PAN-0018,Apex Fashions,78,1176,3/23/2025,4/30/2025,4/30/2025,38
SKU-PAN-0026,WestCo Garments,40,1332,3/23/2025,4/25/2025,4/25/2025,33
SKU-CRO-0030,WestCo Garments,52,621,3/23/2025,4/21/2025,4/22/2025,30
SKU-CRO-0037,StitchWorks India,56,657,3/23/2025,5/16/2025,5/18/2025,56
SKU-CRO-0038,WestCo Garments,40,1060,3/23/2025,5/16/2025,5/16/2025,54
SKU-SHO-0039,UrbanWeave Co.,47,809,3/23/2025,5/14/2025,5/16/2025,54
SKU-PAN-0047,WestCo Garments,53,959,3/23/2025,5/4/2025,5/7/2025,45
SKU-SHI-0051,StitchWorks India,48,928,3/23/2025,4/27/2025,4/27/2025,35
SKU-SHI-0054,KnitCraft Studio,52,963,3/23/2025,5/4/2025,5/5/2025,43
SKU-SHI-0001,UrbanWeave Co.,447,705,3/30/2025,5/19/2025,5/24/2025,55
SKU-CRO-0005,StitchWorks India,100,846,3/30/2025,5/23/2025,5/26/2025,57
SKU-SHI-0013,UrbanWeave Co.,40,1227,3/30/2025,5/2/2025,5/5/2025,36
SKU-CRO-0014,Apex Fashions,74,756,3/30/2025,5/21/2025,5/21/2025,52
SKU-SHI-0015,Apex Fashions,44,940,3/30/2025,5/5/2025,5/8/2025,39
SKU-CRO-0019,StitchWorks India,70,726,3/30/2025,5/10/2025,5/13/2025,44
SKU-PAN-0020,WestCo Garments,45,1163,3/30/2025,5/9/2025,5/12/2025,43
SKU-JAC-0027,StitchWorks India,65,1871,3/30/2025,5/14/2025,5/16/2025,47
SKU-PAN-0028,Apex Fashions,50,1317,3/30/2025,5/18/2025,5/20/2025,51
SKU-TSH-0029,KnitCraft Studio,42,701,3/30/2025,5/6/2025,5/6/2025,37
SKU-JAC-0031,WestCo Garments,58,1800,3/30/2025,5/23/2025,5/26/2025,57
SKU-SHO-0033,KnitCraft Studio,40,758,3/30/2025,5/15/2025,5/15/2025,46
SKU-PAN-0034,UrbanWeave Co.,64,1051,3/30/2025,5/4/2025,5/5/2025,36
SKU-CRO-0035,Apex Fashions,44,721,3/30/2025,5/15/2025,5/18/2025,49
SKU-SHI-0036,WestCo Garments,40,998,3/30/2025,5/12/2025,5/12/2025,43
SKU-CRO-0042,KnitCraft Studio,42,653,3/30/2025,5/15/2025,5/17/2025,48
SKU-SHI-0052,StitchWorks India,40,1141,3/30/2025,5/13/2025,5/16/2025,47
SKU-JAC-0053,Apex Fashions,60,1660,3/30/2025,5/10/2025,5/10/2025,41
SKU-PAN-0002,Apex Fashions,253,982,4/6/2025,5/4/2025,5/5/2025,29
SKU-CRO-0007,Apex Fashions,107,818,4/6/2025,5/21/2025,5/22/2025,46
SKU-TSH-0012,UrbanWeave Co.,40,715,4/6/2025,5/7/2025,5/7/2025,31
SKU-SHI-0017,UrbanWeave Co.,51,842,4/6/2025,5/26/2025,5/28/2025,52
SKU-PAN-0021,Apex Fashions,46,1216,4/6/2025,5/25/2025,5/27/2025,51
SKU-SHO-0023,WestCo Garments,58,668,4/6/2025,5/16/2025,5/16/2025,40
SKU-SHI-0024,KnitCraft Studio,56,854,4/6/2025,5/10/2025,5/11/2025,35
SKU-JAC-0025,StitchWorks India,40,1639,4/6/2025,5/12/2025,5/14/2025,38
SKU-TSH-0032,WestCo Garments,72,627,4/6/2025,5/5/2025,5/5/2025,29
SKU-SHO-0040,WestCo Garments,40,711,4/6/2025,5/7/2025,5/7/2025,31
SKU-SHI-0045,UrbanWeave Co.,50,896,4/6/2025,5/26/2025,5/28/2025,52
SKU-CRO-0048,Apex Fashions,60,736,4/6/2025,6/1/2025,6/4/2025,59
SKU-SHI-0003,KnitCraft Studio,189,1004,4/13/2025,6/8/2025,6/13/2025,61
SKU-PAN-0022,KnitCraft Studio,40,1076,4/13/2025,5/19/2025,5/20/2025,37
SKU-CRO-0043,WestCo Garments,49,677,4/13/2025,5/13/2025,5/13/2025,30
SKU-JAC-0044,StitchWorks India,40,1860,4/13/2025,5/11/2025,5/12/2025,29
SKU-TSH-0004,StitchWorks India,122,539,4/20/2025,6/4/2025,6/7/2025,48
SKU-SHI-0006,KnitCraft Studio,116,1097,4/20/2025,6/1/2025,6/1/2025,42
SKU-PAN-0008,StitchWorks India,59,1152,4/20/2025,6/11/2025,6/12/2025,53
SKU-PAN-0009,KnitCraft Studio,48,1008,4/20/2025,5/19/2025,5/21/2025,31
SKU-TSH-0010,WestCo Garments,58,782,4/20/2025,5/27/2025,5/28/2025,38
SKU-SHO-0011,WestCo Garments,42,761,4/20/2025,5/21/2025,5/24/2025,34
SKU-PAN-0016,KnitCraft Studio,40,970,4/20/2025,6/1/2025,6/1/2025,42
SKU-PAN-0018,Apex Fashions,60,1176,4/20/2025,6/3/2025,6/8/2025,49
SKU-PAN-0026,WestCo Garments,70,1332,4/20/2025,5/27/2025,5/29/2025,39
SKU-CRO-0030,WestCo Garments,40,621,4/20/2025,6/2/2025,6/4/2025,45
SKU-CRO-0037,StitchWorks India,40,657,4/20/2025,5/18/2025,5/18/2025,28
SKU-CRO-0038,WestCo Garments,48,1060,4/20/2025,6/3/2025,6/4/2025,45
SKU-SHO-0039,UrbanWeave Co.,42,809,4/20/2025,6/1/2025,6/4/2025,45
SKU-JAC-0046,StitchWorks India,40,1896,4/20/2025,6/4/2025,6/7/2025,48
SKU-PAN-0047,WestCo Garments,40,959,4/20/2025,6/4/2025,6/4/2025,45
SKU-SHI-0051,StitchWorks India,60,928,4/20/2025,6/5/2025,6/5/2025,46
SKU-SHI-0054,KnitCraft Studio,53,963,4/20/2025,6/8/2025,6/8/2025,49
SKU-SHI-0001,UrbanWeave Co.,399,705,4/27/2025,6/4/2025,6/6/2025,40
SKU-CRO-0005,StitchWorks India,110,846,4/27/2025,6/22/2025,6/24/2025,58
SKU-SHI-0013,UrbanWeave Co.,40,1227,4/27/2025,6/2/2025,6/7/2025,41
SKU-CRO-0014,Apex Fashions,48,756,4/27/2025,6/18/2025,6/19/2025,53
SKU-SHI-0015,Apex Fashions,54,940,4/27/2025,6/1/2025,6/2/2025,36
SKU-CRO-0019,StitchWorks India,64,726,4/27/2025,6/16/2025,6/21/2025,55
SKU-PAN-0020,WestCo Garments,40,1163,4/27/2025,6/21/2025,6/23/2025,57
SKU-JAC-0027,StitchWorks India,40,1871,4/27/2025,5/28/2025,5/30/2025,33
SKU-PAN-0028,Apex Fashions,64,1317,4/27/2025,6/8/2025,6/10/2025,44
SKU-TSH-0029,KnitCraft Studio,62,701,4/27/2025,6/4/2025,6/7/2025,41
SKU-JAC-0031,WestCo Garments,64,1800,4/27/2025,6/12/2025,6/12/2025,46
SKU-SHO-0033,KnitCraft Studio,56,758,4/27/2025,6/13/2025,6/14/2025,48
SKU-PAN-0034,UrbanWeave Co.,40,1051,4/27/2025,6/20/2025,6/25/2025,59
SKU-CRO-0035,Apex Fashions,40,721,4/27/2025,6/3/2025,6/8/2025,42
SKU-SHI-0036,WestCo Garments,40,998,4/27/2025,6/16/2025,6/16/2025,50
SKU-CRO-0042,KnitCraft Studio,49,653,4/27/2025,6/3/2025,6/4/2025,38
SKU-SHI-0052,StitchWorks India,40,1141,4/27/2025,6/4/2025,6/6/2025,40
SKU-JAC-0053,Apex Fashions,52,1660,4/27/2025,6/22/2025,6/27/2025,61
SKU-PAN-0002,Apex Fashions,202,982,5/4/2025,6/4/2025,6/6/2025,33
SKU-CRO-0007,Apex Fashions,89,818,5/4/2025,6/18/2025,6/20/2025,47
SKU-TSH-0012,UrbanWeave Co.,77,715,5/4/2025,6/16/2025,6/19/2025,46
SKU-SHI-0017,UrbanWeave Co.,63,842,5/4/2025,6/24/2025,6/26/2025,53
SKU-PAN-0021,Apex Fashions,64,1216,5/4/2025,6/25/2025,6/25/2025,52
SKU-SHO-0023,WestCo Garments,40,668,5/4/2025,6/18/2025,6/18/2025,45
SKU-SHI-0024,KnitCraft Studio,40,854,5/4/2025,6/12/2025,6/12/2025,39
SKU-JAC-0025,StitchWorks India,40,1639,5/4/2025,6/26/2025,6/26/2025,53
SKU-TSH-0032,WestCo Garments,42,627,5/4/2025,6/8/2025,6/13/2025,40
SKU-SHO-0040,WestCo Garments,60,711,5/4/2025,6/10/2025,6/12/2025,39
SKU-SHI-0045,UrbanWeave Co.,50,896,5/4/2025,6/18/2025,6/20/2025,47
SKU-CRO-0048,Apex Fashions,44,736,5/4/2025,6/6/2025,6/7/2025,34
SKU-SHI-0003,KnitCraft Studio,158,1004,5/11/2025,6/15/2025,6/18/2025,38
SKU-PAN-0022,KnitCraft Studio,40,1076,5/11/2025,6/13/2025,6/13/2025,33
SKU-CRO-0043,WestCo Garments,40,677,5/11/2025,6/22/2025,6/22/2025,42
SKU-JAC-0044,StitchWorks India,40,1860,5/11/2025,6/29/2025,6/29/2025,49
SKU-JAC-0055,Apex Fashions,60,1669,5/11/2025,6/22/2025,6/25/2025,45
SKU-TSH-0004,StitchWorks India,106,539,5/18/2025,7/5/2025,7/5/2025,48
SKU-SHI-0006,KnitCraft Studio,105,1097,5/18/2025,7/8/2025,7/10/2025,53
SKU-PAN-0008,StitchWorks India,55,1152,5/18/2025,7/1/2025,7/2/2025,45
SKU-PAN-0009,KnitCraft Studio,85,1008,5/18/2025,6/26/2025,6/26/2025,39
SKU-TSH-0010,WestCo Garments,60,782,5/18/2025,7/5/2025,7/5/2025,48
SKU-SHO-0011,WestCo Garments,74,761,5/18/2025,6/28/2025,7/1/2025,44
SKU-PAN-0016,KnitCraft Studio,65,970,5/18/2025,6/22/2025,6/27/2025,40
SKU-PAN-0018,Apex Fashions,74,1176,5/18/2025,6/29/2025,6/29/2025,42
SKU-PAN-0026,WestCo Garments,40,1332,5/18/2025,7/12/2025,7/12/2025,55
SKU-CRO-0030,WestCo Garments,40,621,5/18/2025,6/27/2025,6/27/2025,40
SKU-CRO-0037,StitchWorks India,40,657,5/18/2025,6/30/2025,6/30/2025,43
SKU-CRO-0038,WestCo Garments,40,1060,5/18/2025,6/22/2025,6/22/2025,35
SKU-SHO-0039,UrbanWeave Co.,40,809,5/18/2025,7/8/2025,7/13/2025,56
SKU-JAC-0046,StitchWorks India,56,1896,5/18/2025,7/4/2025,7/4/2025,47
SKU-PAN-0047,WestCo Garments,40,959,5/18/2025,6/26/2025,6/27/2025,40
SKU-SHI-0051,StitchWorks India,40,928,5/18/2025,7/5/2025,7/8/2025,51
SKU-SHI-0001,UrbanWeave Co.,409,705,5/25/2025,6/29/2025,7/4/2025,40
SKU-CRO-0005,StitchWorks India,120,846,5/25/2025,6/27/2025,6/28/2025,34
SKU-SHI-0013,UrbanWeave Co.,52,1227,5/25/2025,7/17/2025,7/17/2025,53
SKU-CRO-0014,Apex Fashions,63,756,5/25/2025,7/15/2025,7/15/2025,51
SKU-SHI-0015,Apex Fashions,40,940,5/25/2025,6/30/2025,7/5/2025,41
SKU-CRO-0019,StitchWorks India,40,726,5/25/2025,7/14/2025,7/14/2025,50
SKU-PAN-0020,WestCo Garments,40,1163,5/25/2025,7/17/2025,7/22/2025,58
SKU-JAC-0027,StitchWorks India,40,1871,5/25/2025,7/11/2025,7/16/2025,52
SKU-PAN-0028,Apex Fashions,40,1317,5/25/2025,6/25/2025,6/25/2025,31
SKU-TSH-0029,KnitCraft Studio,40,701,5/25/2025,7/1/2025,7/4/2025,40
SKU-JAC-0031,WestCo Garments,71,1800,5/25/2025,7/4/2025,7/4/2025,40
SKU-SHO-0033,KnitCraft Studio,40,758,5/25/2025,7/4/2025,7/6/2025,42
SKU-PAN-0034,UrbanWeave Co.,61,1051,5/25/2025,6/25/2025,6/28/2025,34
SKU-CRO-0035,Apex Fashions,40,721,5/25/2025,6/30/2025,7/1/2025,37
SKU-SHI-0036,WestCo Garments,40,998,5/25/2025,7/10/2025,7/13/2025,49
SKU-CRO-0042,KnitCraft Studio,41,653,5/25/2025,6/23/2025,6/23/2025,29
SKU-SHI-0052,StitchWorks India,40,1141,5/25/2025,6/29/2025,6/30/2025,36
SKU-JAC-0053,Apex Fashions,46,1660,5/25/2025,6/28/2025,7/1/2025,37
SKU-PAN-0002,Apex Fashions,198,982,6/1/2025,7/16/2025,7/21/2025,50
SKU-CRO-0007,Apex Fashions,108,818,6/1/2025,7/5/2025,7/6/2025,35
SKU-TSH-0012,UrbanWeave Co.,54,715,6/1/2025,7/19/2025,7/22/2025,51
SKU-SHI-0017,UrbanWeave Co.,40,842,6/1/2025,7/25/2025,7/26/2025,55
SKU-PAN-0021,Apex Fashions,41,1216,6/1/2025,7/16/2025,7/21/2025,50
SKU-SHO-0023,WestCo Garments,52,668,6/1/2025,7/20/2025,7/25/2025,54
SKU-SHI-0024,KnitCraft Studio,62,854,6/1/2025,7/1/2025,7/1/2025,30
SKU-JAC-0025,StitchWorks India,40,1639,6/1/2025,7/6/2025,7/6/2025,35
SKU-TSH-0032,WestCo Garments,52,627,6/1/2025,7/21/2025,7/23/2025,52
SKU-SHO-0040,WestCo Garments,40,711,6/1/2025,7/13/2025,7/16/2025,45
SKU-SHI-0045,UrbanWeave Co.,40,896,6/1/2025,7/5/2025,7/5/2025,34
SKU-CRO-0048,Apex Fashions,40,736,6/1/2025,7/12/2025,7/15/2025,44
SKU-SHI-0003,KnitCraft Studio,146,1004,6/8/2025,7/11/2025,7/13/2025,35
SKU-PAN-0022,KnitCraft Studio,46,1076,6/8/2025,7/29/2025,8/3/2025,56
SKU-CRO-0043,WestCo Garments,56,677,6/8/2025,7/24/2025,7/27/2025,49
SKU-JAC-0044,StitchWorks India,40,1860,6/8/2025,7/13/2025,7/15/2025,37
SKU-SHO-0050,UrbanWeave Co.,40,722,6/8/2025,7/16/2025,7/16/2025,38
SKU-SHI-0054,KnitCraft Studio,50,963,6/8/2025,7/24/2025,7/25/2025,47
SKU-TSH-0004,StitchWorks India,104,539,6/15/2025,7/26/2025,7/27/2025,42
SKU-SHI-0006,KnitCraft Studio,76,1097,6/15/2025,7/25/2025,7/25/2025,40
SKU-PAN-0008,StitchWorks India,86,1152,6/15/2025,8/6/2025,8/6/2025,52
SKU-PAN-0009,KnitCraft Studio,48,1008,6/15/2025,7/16/2025,7/21/2025,36
SKU-TSH-0010,WestCo Garments,78,782,6/15/2025,7/17/2025,7/17/2025,32
SKU-SHO-0011,WestCo Garments,40,761,6/15/2025,8/3/2025,8/8/2025,54
SKU-PAN-0016,KnitCraft Studio,40,970,6/15/2025,8/10/2025,8/10/2025,56
SKU-PAN-0018,Apex Fashions,40,1176,6/15/2025,8/5/2025,8/5/2025,51
SKU-PAN-0026,WestCo Garments,40,1332,6/15/2025,7/24/2025,7/24/2025,39
SKU-CRO-0030,WestCo Garments,40,621,6/15/2025,7/23/2025,7/28/2025,43
SKU-CRO-0037,StitchWorks India,44,657,6/15/2025,8/5/2025,8/7/2025,53
SKU-CRO-0038,WestCo Garments,40,1060,6/15/2025,7/19/2025,7/21/2025,36
SKU-SHO-0039,UrbanWeave Co.,49,809,6/15/2025,8/9/2025,8/10/2025,56
SKU-JAC-0046,StitchWorks India,40,1896,6/15/2025,7/29/2025,7/31/2025,46
SKU-PAN-0047,WestCo Garments,40,959,6/15/2025,7/17/2025,7/22/2025,37
SKU-SHI-0051,StitchWorks India,44,928,6/15/2025,7/21/2025,7/26/2025,41
SKU-SHI-0001,UrbanWeave Co.,304,705,6/22/2025,7/20/2025,7/20/2025,28
SKU-CRO-0005,StitchWorks India,70,846,6/22/2025,7/23/2025,7/25/2025,33
SKU-SHI-0013,UrbanWeave Co.,40,1227,6/22/2025,8/2/2025,8/2/2025,41
SKU-CRO-0014,Apex Fashions,60,756,6/22/2025,8/3/2025,8/5/2025,44
SKU-SHI-0015,Apex Fashions,70,940,6/22/2025,8/16/2025,8/16/2025,55
SKU-CRO-0019,StitchWorks India,40,726,6/22/2025,7/20/2025,7/25/2025,33
SKU-PAN-0020,WestCo Garments,52,1163,6/22/2025,8/1/2025,8/3/2025,42
SKU-JAC-0027,StitchWorks India,66,1871,6/22/2025,8/11/2025,8/11/2025,50
SKU-PAN-0028,Apex Fashions,52,1317,6/22/2025,8/9/2025,8/9/2025,48
SKU-TSH-0029,KnitCraft Studio,51,701,6/22/2025,8/14/2025,8/14/2025,53
SKU-JAC-0031,WestCo Garments,40,1800,6/22/2025,8/11/2025,8/11/2025,50
SKU-SHO-0033,KnitCraft Studio,56,758,6/22/2025,8/4/2025,8/4/2025,43
SKU-PAN-0034,UrbanWeave Co.,40,1051,6/22/2025,7/24/2025,7/26/2025,34
SKU-CRO-0035,Apex Fashions,40,721,6/22/2025,7/28/2025,8/2/2025,41
SKU-SHI-0036,WestCo Garments,42,998,6/22/2025,8/10/2025,8/10/2025,49
SKU-CRO-0042,KnitCraft Studio,40,653,6/22/2025,8/4/2025,8/5/2025,44
SKU-SHI-0052,StitchWorks India,48,1141,6/22/2025,8/3/2025,8/6/2025,45
SKU-JAC-0053,Apex Fashions,40,1660,6/22/2025,8/16/2025,8/17/2025,56
SKU-PAN-0002,Apex Fashions,168,982,6/29/2025,8/23/2025,8/26/2025,58
SKU-CRO-0007,Apex Fashions,92,818,6/29/2025,8/9/2025,8/11/2025,43
SKU-TSH-0012,UrbanWeave Co.,54,715,6/29/2025,8/24/2025,8/24/2025,56
SKU-SHI-0017,UrbanWeave Co.,58,842,6/29/2025,8/2/2025,8/2/2025,34
SKU-PAN-0021,Apex Fashions,44,1216,6/29/2025,8/17/2025,8/18/2025,50
SKU-SHO-0023,WestCo Garments,40,668,6/29/2025,8/24/2025,8/25/2025,57
SKU-SHI-0024,KnitCraft Studio,40,854,6/29/2025,8/15/2025,8/16/2025,48
SKU-JAC-0025,StitchWorks India,40,1639,6/29/2025,8/20/2025,8/22/2025,54
SKU-TSH-0032,WestCo Garments,40,627,6/29/2025,7/28/2025,8/2/2025,34
SKU-SHO-0040,WestCo Garments,46,711,6/29/2025,8/6/2025,8/6/2025,38
SKU-SHI-0045,UrbanWeave Co.,43,896,6/29/2025,8/14/2025,8/14/2025,46
SKU-CRO-0048,Apex Fashions,40,736,6/29/2025,7/29/2025,8/1/2025,33
SKU-SHI-0003,KnitCraft Studio,105,1004,7/6/2025,8/8/2025,8/11/2025,36
SKU-PAN-0022,KnitCraft Studio,40,1076,7/6/2025,8/20/2025,8/22/2025,47
SKU-CRO-0043,WestCo Garments,52,677,7/6/2025,8/19/2025,8/20/2025,45
SKU-JAC-0044,StitchWorks India,56,1860,7/6/2025,8/10/2025,8/13/2025,38
SKU-TSH-0049,Apex Fashions,48,559,7/6/2025,8/14/2025,8/14/2025,39
SKU-SHO-0050,UrbanWeave Co.,48,722,7/6/2025,8/5/2025,8/8/2025,33
SKU-SHI-0054,KnitCraft Studio,40,963,7/6/2025,8/22/2025,8/23/2025,48
SKU-TSH-0004,StitchWorks India,124,539,7/13/2025,9/4/2025,9/4/2025,53
SKU-SHI-0006,KnitCraft Studio,69,1097,7/13/2025,8/22/2025,8/24/2025,42
SKU-PAN-0008,StitchWorks India,43,1152,7/13/2025,8/20/2025,8/20/2025,38
SKU-PAN-0009,KnitCraft Studio,60,1008,7/13/2025,8/18/2025,8/21/2025,39
SKU-TSH-0010,WestCo Garments,54,782,7/13/2025,8/12/2025,8/15/2025,33
SKU-SHO-0011,WestCo Garments,75,761,7/13/2025,9/6/2025,9/11/2025,60
SKU-PAN-0016,KnitCraft Studio,68,970,7/13/2025,8/29/2025,9/1/2025,50
SKU-PAN-0018,Apex Fashions,58,1176,7/13/2025,8/22/2025,8/23/2025,41
SKU-PAN-0026,WestCo Garments,49,1332,7/13/2025,8/25/2025,8/25/2025,43
SKU-CRO-0030,WestCo Garments,54,621,7/13/2025,8/20/2025,8/25/2025,43
SKU-CRO-0037,StitchWorks India,50,657,7/13/2025,8/26/2025,8/26/2025,44
SKU-CRO-0038,WestCo Garments,40,1060,7/13/2025,8/10/2025,8/15/2025,33
SKU-SHO-0039,UrbanWeave Co.,48,809,7/13/2025,8/16/2025,8/19/2025,37
SKU-JAC-0046,StitchWorks India,60,1896,7/13/2025,8/31/2025,8/31/2025,49
SKU-PAN-0047,WestCo Garments,62,959,7/13/2025,9/4/2025,9/4/2025,53
SKU-SHI-0051,StitchWorks India,44,928,7/13/2025,8/10/2025,8/12/2025,30
SKU-JAC-0055,Apex Fashions,40,1669,7/13/2025,9/2/2025,9/4/2025,53
SKU-SHI-0001,UrbanWeave Co.,296,705,7/20/2025,9/5/2025,9/5/2025,47
SKU-CRO-0005,StitchWorks India,78,846,7/20/2025,8/22/2025,8/22/2025,33
SKU-SHI-0013,UrbanWeave Co.,77,1227,7/20/2025,9/10/2025,9/10/2025,52
SKU-CRO-0014,Apex Fashions,76,756,7/20/2025,9/14/2025,9/19/2025,61
SKU-SHI-0015,Apex Fashions,45,940,7/20/2025,8/21/2025,8/23/2025,34
SKU-CRO-0019,StitchWorks India,40,726,7/20/2025,9/4/2025,9/4/2025,46
SKU-PAN-0020,WestCo Garments,44,1163,7/20/2025,8/27/2025,8/29/2025,40
SKU-JAC-0027,StitchWorks India,48,1871,7/20/2025,9/6/2025,9/6/2025,48
SKU-PAN-0028,Apex Fashions,54,1317,7/20/2025,9/3/2025,9/6/2025,48
SKU-TSH-0029,KnitCraft Studio,40,701,7/20/2025,8/27/2025,8/29/2025,40
SKU-JAC-0031,WestCo Garments,46,1800,7/20/2025,8/19/2025,8/19/2025,30
SKU-SHO-0033,KnitCraft Studio,60,758,7/20/2025,8/22/2025,8/22/2025,33
SKU-PAN-0034,UrbanWeave Co.,47,1051,7/20/2025,8/23/2025,8/23/2025,34
SKU-CRO-0035,Apex Fashions,40,721,7/20/2025,8/21/2025,8/23/2025,34
SKU-SHI-0036,WestCo Garments,40,998,7/20/2025,8/19/2025,8/19/2025,30
SKU-CRO-0042,KnitCraft Studio,40,653,7/20/2025,8/25/2025,8/25/2025,36
SKU-SHI-0052,StitchWorks India,45,1141,7/20/2025,8/17/2025,8/22/2025,33
SKU-JAC-0053,Apex Fashions,41,1660,7/20/2025,9/2/2025,9/4/2025,46
SKU-PAN-0002,Apex Fashions,188,982,7/27/2025,9/1/2025,9/2/2025,37
SKU-CRO-0007,Apex Fashions,70,818,7/27/2025,9/21/2025,9/21/2025,56
SKU-TSH-0012,UrbanWeave Co.,50,715,7/27/2025,9/3/2025,9/8/2025,43
SKU-SHI-0017,UrbanWeave Co.,40,842,7/27/2025,9/20/2025,9/21/2025,56
SKU-PAN-0021,Apex Fashions,55,1216,7/27/2025,9/8/2025,9/9/2025,44
SKU-SHO-0023,WestCo Garments,40,668,7/27/2025,8/29/2025,8/30/2025,34
SKU-SHI-0024,KnitCraft Studio,64,854,7/27/2025,8/31/2025,9/5/2025,40
SKU-JAC-0025,StitchWorks India,40,1639,7/27/2025,8/24/2025,8/24/2025,28
SKU-TSH-0032,WestCo Garments,50,627,7/27/2025,9/16/2025,9/17/2025,52
SKU-SHO-0040,WestCo Garments,40,711,7/27/2025,9/17/2025,9/18/2025,53
SKU-SHI-0045,UrbanWeave Co.,42,896,7/27/2025,9/9/2025,9/9/2025,44
SKU-CRO-0048,Apex Fashions,40,736,7/27/2025,9/3/2025,9/8/2025,43
SKU-SHI-0003,KnitCraft Studio,147,1004,8/3/2025,9/3/2025,9/3/2025,31
SKU-PAN-0022,KnitCraft Studio,40,1076,8/3/2025,9/2/2025,9/7/2025,35
SKU-CRO-0043,WestCo Garments,54,677,8/3/2025,9/25/2025,9/25/2025,53
SKU-JAC-0044,StitchWorks India,40,1860,8/3/2025,9/17/2025,9/17/2025,45
SKU-TSH-0049,Apex Fashions,44,559,8/3/2025,9/1/2025,9/6/2025,34
SKU-SHO-0050,UrbanWeave Co.,40,722,8/3/2025,9/9/2025,9/11/2025,39
SKU-SHI-0054,KnitCraft Studio,40,963,8/3/2025,9/27/2025,10/2/2025,60
SKU-TSH-0004,StitchWorks India,95,539,8/10/2025,9/10/2025,9/13/2025,34
SKU-SHI-0006,KnitCraft Studio,79,1097,8/10/2025,9/27/2025,10/2/2025,53
SKU-PAN-0008,StitchWorks India,71,1152,8/10/2025,9/25/2025,9/26/2025,47
SKU-PAN-0009,KnitCraft Studio,72,1008,8/10/2025,10/3/2025,10/3/2025,54
SKU-TSH-0010,WestCo Garments,62,782,8/10/2025,10/1/2025,10/6/2025,57
SKU-SHO-0011,WestCo Garments,56,761,8/10/2025,9/12/2025,9/12/2025,33
SKU-PAN-0016,KnitCraft Studio,72,970,8/10/2025,9/9/2025,9/10/2025,31
SKU-PAN-0018,Apex Fashions,70,1176,8/10/2025,9/28/2025,9/28/2025,49
SKU-PAN-0026,WestCo Garments,48,1332,8/10/2025,9/15/2025,9/16/2025,37
SKU-CRO-0030,WestCo Garments,44,621,8/10/2025,9/10/2025,9/13/2025,34
SKU-CRO-0037,StitchWorks India,40,657,8/10/2025,9/20/2025,9/20/2025,41
SKU-CRO-0038,WestCo Garments,58,1060,8/10/2025,9/29/2025,10/4/2025,55
SKU-SHO-0039,UrbanWeave Co.,40,809,8/10/2025,9/11/2025,9/11/2025,32
SKU-JAC-0046,StitchWorks India,40,1896,8/10/2025,9/15/2025,9/16/2025,37
SKU-PAN-0047,WestCo Garments,60,959,8/10/2025,9/30/2025,9/30/2025,51
SKU-SHI-0051,StitchWorks India,40,928,8/10/2025,9/16/2025,9/19/2025,40
SKU-JAC-0055,Apex Fashions,46,1669,8/10/2025,10/1/2025,10/3/2025,54
SKU-SHI-0001,UrbanWeave Co.,356,705,8/17/2025,9/23/2025,9/28/2025,42
SKU-CRO-0005,StitchWorks India,97,846,8/17/2025,10/3/2025,10/6/2025,50
SKU-SHI-0013,UrbanWeave Co.,40,1227,8/17/2025,10/5/2025,10/6/2025,50
SKU-CRO-0014,Apex Fashions,66,756,8/17/2025,9/21/2025,9/21/2025,35
SKU-SHI-0015,Apex Fashions,58,940,8/17/2025,9/19/2025,9/24/2025,38
SKU-CRO-0019,StitchWorks India,54,726,8/17/2025,9/20/2025,9/23/2025,37
SKU-PAN-0020,WestCo Garments,56,1163,8/17/2025,9/23/2025,9/26/2025,40
SKU-JAC-0027,StitchWorks India,40,1871,8/17/2025,10/2/2025,10/5/2025,49
SKU-PAN-0028,Apex Fashions,70,1317,8/17/2025,10/2/2025,10/3/2025,47
SKU-TSH-0029,KnitCraft Studio,54,701,8/17/2025,10/8/2025,10/8/2025,52
SKU-JAC-0031,WestCo Garments,64,1800,8/17/2025,10/4/2025,10/6/2025,50
SKU-SHO-0033,KnitCraft Studio,40,758,8/17/2025,9/18/2025,9/23/2025,37
SKU-PAN-0034,UrbanWeave Co.,63,1051,8/17/2025,10/6/2025,10/9/2025,53
SKU-CRO-0035,Apex Fashions,40,721,8/17/2025,10/10/2025,10/15/2025,59
SKU-SHI-0036,WestCo Garments,42,998,8/17/2025,9/23/2025,9/28/2025,42
SKU-CRO-0042,KnitCraft Studio,56,653,8/17/2025,9/25/2025,9/28/2025,42
SKU-SHI-0052,StitchWorks India,50,1141,8/17/2025,10/2/2025,10/2/2025,46
SKU-JAC-0053,Apex Fashions,60,1660,8/17/2025,9/22/2025,9/24/2025,38
SKU-PAN-0002,Apex Fashions,174,982,8/24/2025,9/22/2025,9/25/2025,32
SKU-CRO-0007,Apex Fashions,43,818,8/24/2025,10/5/2025,10/10/2025,47
SKU-TSH-0012,UrbanWeave Co.,84,715,8/24/2025,10/14/2025,10/15/2025,52
SKU-SHI-0017,UrbanWeave Co.,48,842,8/24/2025,10/12/2025,10/12/2025,49
SKU-PAN-0021,Apex Fashions,60,1216,8/24/2025,9/24/2025,9/24/2025,31
SKU-SHO-0023,WestCo Garments,40,668,8/24/2025,10/14/2025,10/17/2025,54
SKU-SHI-0024,KnitCraft Studio,40,854,8/24/2025,10/6/2025,10/6/2025,43
SKU-JAC-0025,StitchWorks India,40,1639,8/24/2025,9/27/2025,10/2/2025,39
SKU-TSH-0032,WestCo Garments,40,627,8/24/2025,10/1/2025,10/2/2025,39
SKU-SHO-0040,WestCo Garments,40,711,8/24/2025,10/2/2025,10/2/2025,39
SKU-TSH-0041,Apex Fashions,44,634,8/24/2025,10/9/2025,10/9/2025,46
SKU-SHI-0045,UrbanWeave Co.,40,896,8/24/2025,10/9/2025,10/11/2025,48
SKU-CRO-0048,Apex Fashions,40,736,8/24/2025,10/18/2025,10/20/2025,57
SKU-SHI-0003,KnitCraft Studio,166,1004,8/31/2025,10/23/2025,10/25/2025,55
SKU-PAN-0022,KnitCraft Studio,40,1076,8/31/2025,10/2/2025,10/5/2025,35
SKU-CRO-0043,WestCo Garments,58,677,8/31/2025,10/2/2025,10/7/2025,37
SKU-JAC-0044,StitchWorks India,40,1860,8/31/2025,10/5/2025,10/5/2025,35
SKU-TSH-0049,Apex Fashions,70,559,8/31/2025,10/10/2025,10/11/2025,41
SKU-SHO-0050,UrbanWeave Co.,62,722,8/31/2025,10/17/2025,10/18/2025,48
SKU-SHI-0054,KnitCraft Studio,40,963,8/31/2025,10/12/2025,10/13/2025,43
SKU-TSH-0004,StitchWorks India,140,539,9/7/2025,11/2/2025,11/5/2025,59
SKU-SHI-0006,KnitCraft Studio,100,1097,9/7/2025,10/8/2025,10/8/2025,31
SKU-PAN-0008,StitchWorks India,85,1152,9/7/2025,10/5/2025,10/10/2025,33
SKU-PAN-0009,KnitCraft Studio,52,1008,9/7/2025,10/20/2025,10/21/2025,44
SKU-TSH-0010,WestCo Garments,68,782,9/7/2025,10/5/2025,10/10/2025,33
SKU-SHO-0011,WestCo Garments,76,761,9/7/2025,10/11/2025,10/14/2025,37
SKU-PAN-0016,KnitCraft Studio,56,970,9/7/2025,10/11/2025,10/11/2025,34
SKU-PAN-0018,Apex Fashions,58,1176,9/7/2025,10/5/2025,10/10/2025,33
SKU-PAN-0026,WestCo Garments,40,1332,9/7/2025,10/17/2025,10/22/2025,45
SKU-CRO-0030,WestCo Garments,46,621,9/7/2025,10/15/2025,10/18/2025,41
SKU-CRO-0037,StitchWorks India,41,657,9/7/2025,10/15/2025,10/15/2025,38
SKU-CRO-0038,WestCo Garments,40,1060,9/7/2025,11/1/2025,11/1/2025,55
SKU-SHO-0039,UrbanWeave Co.,50,809,9/7/2025,10/18/2025,10/18/2025,41
SKU-JAC-0046,StitchWorks India,49,1896,9/7/2025,10/29/2025,10/29/2025,52
SKU-PAN-0047,WestCo Garments,50,959,9/7/2025,10/29/2025,10/30/2025,53
SKU-SHI-0051,StitchWorks India,40,928,9/7/2025,10/29/2025,10/31/2025,54
SKU-JAC-0055,Apex Fashions,40,1669,9/7/2025,10/20/2025,10/20/2025,43
SKU-SHI-0001,UrbanWeave Co.,330,705,9/14/2025,11/4/2025,11/9/2025,56
SKU-CRO-0005,StitchWorks India,57,846,9/14/2025,10/24/2025,10/26/2025,42
SKU-SHI-0013,UrbanWeave Co.,46,1227,9/14/2025,11/9/2025,11/10/2025,57
SKU-CRO-0014,Apex Fashions,77,756,9/14/2025,10/30/2025,11/4/2025,51
SKU-SHI-0015,Apex Fashions,48,940,9/14/2025,10/23/2025,10/25/2025,41
SKU-CRO-0019,StitchWorks India,44,726,9/14/2025,10/26/2025,10/27/2025,43
SKU-PAN-0020,WestCo Garments,72,1163,9/14/2025,11/7/2025,11/12/2025,59
SKU-JAC-0027,StitchWorks India,44,1871,9/14/2025,10/16/2025,10/16/2025,32
SKU-PAN-0028,Apex Fashions,56,1317,9/14/2025,10/19/2025,10/19/2025,35
SKU-TSH-0029,KnitCraft Studio,40,701,9/14/2025,10/20/2025,10/20/2025,36
SKU-JAC-0031,WestCo Garments,40,1800,9/14/2025,11/5/2025,11/5/2025,52
SKU-SHO-0033,KnitCraft Studio,40,758,9/14/2025,11/5/2025,11/10/2025,57
SKU-PAN-0034,UrbanWeave Co.,48,1051,9/14/2025,11/3/2025,11/3/2025,50
SKU-CRO-0035,Apex Fashions,40,721,9/14/2025,10/13/2025,10/14/2025,30
SKU-SHI-0036,WestCo Garments,44,998,9/14/2025,11/5/2025,11/5/2025,52
SKU-CRO-0042,KnitCraft Studio,54,653,9/14/2025,10/13/2025,10/13/2025,29
SKU-SHI-0052,StitchWorks India,40,1141,9/14/2025,11/5/2025,11/5/2025,52
SKU-JAC-0053,Apex Fashions,40,1660,9/14/2025,10/25/2025,10/25/2025,41
SKU-PAN-0002,Apex Fashions,178,982,9/21/2025,10/20/2025,10/22/2025,31
SKU-CRO-0007,Apex Fashions,86,818,9/21/2025,11/1/2025,11/6/2025,46
SKU-TSH-0012,UrbanWeave Co.,40,715,9/21/2025,10/20/2025,10/23/2025,32
SKU-SHI-0017,UrbanWeave Co.,68,842,9/21/2025,11/14/2025,11/14/2025,54
SKU-PAN-0021,Apex Fashions,72,1216,9/21/2025,10/29/2025,11/3/2025,43
SKU-SHO-0023,WestCo Garments,53,668,9/21/2025,10/31/2025,11/1/2025,41
SKU-SHI-0024,KnitCraft Studio,58,854,9/21/2025,11/2/2025,11/7/2025,47
SKU-JAC-0025,StitchWorks India,40,1639,9/21/2025,11/6/2025,11/6/2025,46
SKU-TSH-0032,WestCo Garments,40,627,9/21/2025,10/28/2025,10/28/2025,37
SKU-SHO-0040,WestCo Garments,40,711,9/21/2025,11/3/2025,11/5/2025,45
SKU-TSH-0041,Apex Fashions,40,634,9/21/2025,11/12/2025,11/15/2025,55
SKU-SHI-0045,UrbanWeave Co.,40,896,9/21/2025,11/13/2025,11/13/2025,53
SKU-CRO-0048,Apex Fashions,64,736,9/21/2025,11/3/2025,11/6/2025,46
SKU-SHI-0003,KnitCraft Studio,116,1004,9/28/2025,11/16/2025,11/17/2025,50
SKU-PAN-0022,KnitCraft Studio,46,1076,9/28/2025,11/20/2025,11/22/2025,55
SKU-CRO-0043,WestCo Garments,54,677,9/28/2025,10/27/2025,10/28/2025,30
SKU-JAC-0044,StitchWorks India,42,1860,9/28/2025,11/11/2025,11/12/2025,45
SKU-TSH-0049,Apex Fashions,60,559,9/28/2025,11/4/2025,11/7/2025,40
SKU-SHO-0050,UrbanWeave Co.,40,722,9/28/2025,10/30/2025,10/31/2025,33
SKU-SHI-0054,KnitCraft Studio,40,963,9/28/2025,10/30/2025,10/30/2025,32
SKU-TSH-0004,StitchWorks India,112,539,10/5/2025,11/20/2025,11/25/2025,51
SKU-SHI-0006,KnitCraft Studio,42,1097,10/5/2025,11/2/2025,11/4/2025,30
SKU-PAN-0008,StitchWorks India,68,1152,10/5/2025,11/5/2025,11/5/2025,31
SKU-PAN-0009,KnitCraft Studio,80,1008,10/5/2025,11/30/2025,12/5/2025,61
SKU-TSH-0010,WestCo Garments,42,782,10/5/2025,11/2/2025,11/2/2025,28
SKU-SHO-0011,WestCo Garments,44,761,10/5/2025,11/14/2025,11/14/2025,40
SKU-PAN-0016,KnitCraft Studio,40,970,10/5/2025,11/6/2025,11/7/2025,33
SKU-PAN-0018,Apex Fashions,40,1176,10/5/2025,11/18/2025,11/23/2025,49
SKU-PAN-0026,WestCo Garments,48,1332,10/5/2025,11/21/2025,11/23/2025,49
SKU-CRO-0030,WestCo Garments,46,621,10/5/2025,11/3/2025,11/5/2025,31
SKU-CRO-0037,StitchWorks India,40,657,10/5/2025,11/22/2025,11/23/2025,49
SKU-CRO-0038,WestCo Garments,40,1060,10/5/2025,11/12/2025,11/13/2025,39
SKU-SHO-0039,UrbanWeave Co.,40,809,10/5/2025,11/23/2025,11/26/2025,52
SKU-JAC-0046,StitchWorks India,64,1896,10/5/2025,11/20/2025,11/25/2025,51
SKU-PAN-0047,WestCo Garments,40,959,10/5/2025,11/14/2025,11/19/2025,45
SKU-SHI-0051,StitchWorks India,58,928,10/5/2025,11/30/2025,12/3/2025,59
SKU-JAC-0055,Apex Fashions,40,1669,10/5/2025,11/20/2025,11/25/2025,51
SKU-SHI-0001,UrbanWeave Co.,402,705,10/12/2025,12/2/2025,12/7/2025,56
SKU-CRO-0005,StitchWorks India,79,846,10/12/2025,11/10/2025,11/12/2025,31
SKU-SHI-0013,UrbanWeave Co.,65,1227,10/12/2025,11/21/2025,11/24/2025,43
SKU-CRO-0014,Apex Fashions,50,756,10/12/2025,11/19/2025,11/19/2025,38
SKU-SHI-0015,Apex Fashions,62,940,10/12/2025,11/29/2025,12/2/2025,51
SKU-CRO-0019,StitchWorks India,46,726,10/12/2025,11/19/2025,11/21/2025,40
SKU-PAN-0020,WestCo Garments,72,1163,10/12/2025,11/13/2025,11/14/2025,33
SKU-JAC-0027,StitchWorks India,61,1871,10/12/2025,11/12/2025,11/13/2025,32
SKU-PAN-0028,Apex Fashions,58,1317,10/12/2025,11/20/2025,11/22/2025,41
SKU-TSH-0029,KnitCraft Studio,40,701,10/12/2025,12/5/2025,12/5/2025,54
SKU-JAC-0031,WestCo Garments,64,1800,10/12/2025,11/29/2025,12/1/2025,50
SKU-SHO-0033,KnitCraft Studio,50,758,10/12/2025,11/27/2025,12/2/2025,51
SKU-PAN-0034,UrbanWeave Co.,40,1051,10/12/2025,11/17/2025,11/20/2025,39
SKU-CRO-0035,Apex Fashions,60,721,10/12/2025,11/12/2025,11/12/2025,31
SKU-SHI-0036,WestCo Garments,40,998,10/12/2025,12/1/2025,12/3/2025,52
SKU-CRO-0042,KnitCraft Studio,50,653,10/12/2025,12/1/2025,12/1/2025,50
SKU-SHI-0052,StitchWorks India,59,1141,10/12/2025,12/1/2025,12/6/2025,55
SKU-JAC-0053,Apex Fashions,44,1660,10/12/2025,11/14/2025,11/14/2025,33
SKU-PAN-0002,Apex Fashions,269,982,10/19/2025,12/7/2025,12/9/2025,51
SKU-CRO-0007,Apex Fashions,68,818,10/19/2025,11/18/2025,11/23/2025,35
SKU-TSH-0012,UrbanWeave Co.,68,715,10/19/2025,12/12/2025,12/14/2025,56
SKU-SHI-0017,UrbanWeave Co.,40,842,10/19/2025,12/9/2025,12/10/2025,52
SKU-PAN-0021,Apex Fashions,40,1216,10/19/2025,12/9/2025,12/9/2025,51
SKU-SHO-0023,WestCo Garments,40,668,10/19/2025,12/10/2025,12/10/2025,52
SKU-SHI-0024,KnitCraft Studio,72,854,10/19/2025,11/17/2025,11/19/2025,31
SKU-JAC-0025,StitchWorks India,40,1639,10/19/2025,11/17/2025,11/22/2025,34
SKU-TSH-0032,WestCo Garments,70,627,10/19/2025,11/25/2025,11/26/2025,38
SKU-SHO-0040,WestCo Garments,44,711,10/19/2025,12/9/2025,12/9/2025,51
SKU-TSH-0041,Apex Fashions,70,634,10/19/2025,11/16/2025,11/17/2025,29
SKU-SHI-0045,UrbanWeave Co.,61,896,10/19/2025,11/28/2025,11/28/2025,40
SKU-CRO-0048,Apex Fashions,40,736,10/19/2025,12/12/2025,12/12/2025,54
SKU-SHI-0003,KnitCraft Studio,167,1004,10/26/2025,12/6/2025,12/11/2025,46
SKU-PAN-0022,KnitCraft Studio,53,1076,10/26/2025,12/20/2025,12/22/2025,57
SKU-CRO-0043,WestCo Garments,40,677,10/26/2025,12/19/2025,12/22/2025,57
SKU-JAC-0044,StitchWorks India,48,1860,10/26/2025,11/27/2025,11/27/2025,32
SKU-TSH-0049,Apex Fashions,63,559,10/26/2025,12/19/2025,12/20/2025,55
SKU-SHO-0050,UrbanWeave Co.,40,722,10/26/2025,12/14/2025,12/16/2025,51
SKU-SHI-0054,KnitCraft Studio,40,963,10/26/2025,12/16/2025,12/19/2025,54
SKU-TSH-0004,StitchWorks India,170,539,11/2/2025,12/5/2025,12/8/2025,36
SKU-SHI-0006,KnitCraft Studio,112,1097,11/2/2025,12/20/2025,12/20/2025,48
SKU-PAN-0008,StitchWorks India,89,1152,11/2/2025,12/16/2025,12/18/2025,46
SKU-PAN-0009,KnitCraft Studio,88,1008,11/2/2025,12/18/2025,12/18/2025,46
SKU-TSH-0010,WestCo Garments,82,782,11/2/2025,12/6/2025,12/6/2025,34
SKU-SHO-0011,WestCo Garments,98,761,11/2/2025,12/22/2025,12/24/2025,52
SKU-PAN-0016,KnitCraft Studio,76,970,11/2/2025,12/19/2025,12/19/2025,47
SKU-PAN-0018,Apex Fashions,64,1176,11/2/2025,12/22/2025,12/22/2025,50
SKU-PAN-0026,WestCo Garments,50,1332,11/2/2025,12/21/2025,12/21/2025,49
SKU-CRO-0030,WestCo Garments,40,621,11/2/2025,12/2/2025,12/3/2025,31
SKU-CRO-0037,StitchWorks India,40,657,11/2/2025,12/10/2025,12/10/2025,38
SKU-CRO-0038,WestCo Garments,47,1060,11/2/2025,12/6/2025,12/9/2025,37
SKU-SHO-0039,UrbanWeave Co.,40,809,11/2/2025,12/4/2025,12/7/2025,35
SKU-JAC-0046,StitchWorks India,54,1896,11/2/2025,12/10/2025,12/12/2025,40
SKU-PAN-0047,WestCo Garments,40,959,11/2/2025,12/13/2025,12/18/2025,46
SKU-SHI-0051,StitchWorks India,68,928,11/2/2025,12/6/2025,12/11/2025,39
SKU-JAC-0055,Apex Fashions,47,1669,11/2/2025,12/22/2025,12/24/2025,52
SKU-SHI-0001,UrbanWeave Co.,584,705,11/9/2025,12/28/2025,12/29/2025,50
SKU-CRO-0005,StitchWorks India,165,846,11/9/2025,12/9/2025,12/11/2025,32
SKU-SHI-0013,UrbanWeave Co.,88,1227,11/9/2025,12/30/2025,12/30/2025,51
SKU-CRO-0014,Apex Fashions,44,756,11/9/2025,12/18/2025,12/18/2025,39
SKU-SHI-0015,Apex Fashions,86,940,11/9/2025,12/26/2025,12/26/2025,47
SKU-CRO-0019,StitchWorks India,77,726,11/9/2025,12/13/2025,12/18/2025,39
SKU-PAN-0020,WestCo Garments,52,1163,11/9/2025,12/22/2025,12/27/2025,48
SKU-JAC-0027,StitchWorks India,40,1871,11/9/2025,12/31/2025,12/31/2025,52
SKU-PAN-0028,Apex Fashions,40,1317,11/9/2025,12/18/2025,12/21/2025,42
SKU-TSH-0029,KnitCraft Studio,40,701,11/9/2025,1/3/2026,1/6/2026,58
SKU-JAC-0031,WestCo Garments,40,1800,11/9/2025,12/7/2025,12/12/2025,33
SKU-SHO-0033,KnitCraft Studio,42,758,11/9/2025,12/30/2025,12/31/2025,52
SKU-PAN-0034,UrbanWeave Co.,40,1051,11/9/2025,12/16/2025,12/16/2025,37
SKU-CRO-0035,Apex Fashions,40,721,11/9/2025,12/22/2025,12/22/2025,43
SKU-SHI-0036,WestCo Garments,40,998,11/9/2025,12/30/2025,12/31/2025,52
SKU-CRO-0042,KnitCraft Studio,57,653,11/9/2025,12/8/2025,12/11/2025,32
SKU-SHI-0052,StitchWorks India,62,1141,11/9/2025,12/29/2025,12/29/2025,50
SKU-JAC-0053,Apex Fashions,51,1660,11/9/2025,12/9/2025,12/9/2025,30
SKU-PAN-0002,Apex Fashions,256,982,11/16/2025,1/6/2026,1/8/2026,53
SKU-CRO-0007,Apex Fashions,92,818,11/16/2025,1/10/2026,1/11/2026,56
SKU-TSH-0012,UrbanWeave Co.,82,715,11/16/2025,12/15/2025,12/17/2025,31
SKU-SHI-0017,UrbanWeave Co.,40,842,11/16/2025,1/5/2026,1/5/2026,50
SKU-PAN-0021,Apex Fashions,61,1216,11/16/2025,12/26/2025,12/28/2025,42
SKU-SHO-0023,WestCo Garments,40,668,11/16/2025,1/5/2026,1/7/2026,52
SKU-SHI-0024,KnitCraft Studio,40,854,11/16/2025,1/2/2026,1/5/2026,50
SKU-JAC-0025,StitchWorks India,44,1639,11/16/2025,12/16/2025,12/19/2025,33
SKU-TSH-0032,WestCo Garments,40,627,11/16/2025,12/25/2025,12/28/2025,42
SKU-SHO-0040,WestCo Garments,40,711,11/16/2025,1/1/2026,1/2/2026,47
SKU-TSH-0041,Apex Fashions,46,634,11/16/2025,12/29/2025,12/30/2025,44
SKU-SHI-0045,UrbanWeave Co.,54,896,11/16/2025,12/31/2025,12/31/2025,45
SKU-CRO-0048,Apex Fashions,54,736,11/16/2025,1/1/2026,1/3/2026,48
SKU-SHI-0003,KnitCraft Studio,156,1004,11/23/2025,1/7/2026,1/7/2026,45
SKU-PAN-0022,KnitCraft Studio,71,1076,11/23/2025,1/16/2026,1/16/2026,54
SKU-CRO-0043,WestCo Garments,52,677,11/23/2025,1/7/2026,1/7/2026,45
SKU-JAC-0044,StitchWorks India,40,1860,11/23/2025,1/7/2026,1/12/2026,50
SKU-TSH-0049,Apex Fashions,49,559,11/23/2025,1/18/2026,1/19/2026,57
SKU-SHO-0050,UrbanWeave Co.,40,722,11/23/2025,12/26/2025,12/29/2025,36
SKU-SHI-0054,KnitCraft Studio,54,963,11/23/2025,1/15/2026,1/16/2026,54
SKU-TSH-0004,StitchWorks India,126,539,11/30/2025,1/22/2026,1/27/2026,58
SKU-SHI-0006,KnitCraft Studio,76,1097,11/30/2025,1/18/2026,1/20/2026,51
SKU-PAN-0008,StitchWorks India,88,1152,11/30/2025,1/8/2026,1/9/2026,40
SKU-PAN-0009,KnitCraft Studio,92,1008,11/30/2025,1/12/2026,1/17/2026,48
SKU-TSH-0010,WestCo Garments,52,782,11/30/2025,12/30/2025,12/30/2025,30
SKU-SHO-0011,WestCo Garments,60,761,11/30/2025,12/29/2025,12/29/2025,29
SKU-PAN-0016,KnitCraft Studio,40,970,11/30/2025,1/19/2026,1/19/2026,50
SKU-PAN-0018,Apex Fashions,81,1176,11/30/2025,1/1/2026,1/6/2026,37
SKU-PAN-0026,WestCo Garments,40,1332,11/30/2025,12/31/2025,1/3/2026,34
SKU-CRO-0030,WestCo Garments,46,621,11/30/2025,1/10/2026,1/10/2026,41
SKU-CRO-0037,StitchWorks India,40,657,11/30/2025,1/8/2026,1/11/2026,42
SKU-CRO-0038,WestCo Garments,40,1060,11/30/2025,12/31/2025,1/2/2026,33
SKU-SHO-0039,UrbanWeave Co.,52,809,11/30/2025,1/13/2026,1/15/2026,46
SKU-JAC-0046,StitchWorks India,62,1896,11/30/2025,1/1/2026,1/6/2026,37
SKU-PAN-0047,WestCo Garments,63,959,11/30/2025,12/31/2025,1/1/2026,32
SKU-SHI-0051,StitchWorks India,50,928,11/30/2025,1/23/2026,1/24/2026,55
SKU-JAC-0055,Apex Fashions,48,1669,11/30/2025,1/9/2026,1/14/2026,45
SKU-SHI-0001,UrbanWeave Co.,406,705,12/7/2025,1/6/2026,1/6/2026,30
SKU-CRO-0005,StitchWorks India,116,846,12/7/2025,1/19/2026,1/24/2026,48
SKU-SHI-0013,UrbanWeave Co.,85,1227,12/7/2025,1/7/2026,1/12/2026,36
SKU-CRO-0014,Apex Fashions,80,756,12/7/2025,1/21/2026,1/23/2026,47
SKU-SHI-0015,Apex Fashions,60,940,12/7/2025,1/20/2026,1/22/2026,46
SKU-CRO-0019,StitchWorks India,62,726,12/7/2025,1/28/2026,2/2/2026,57
SKU-PAN-0020,WestCo Garments,48,1163,12/7/2025,1/16/2026,1/21/2026,45
SKU-JAC-0027,StitchWorks India,46,1871,12/7/2025,1/27/2026,2/1/2026,56
SKU-PAN-0028,Apex Fashions,50,1317,12/7/2025,1/31/2026,2/2/2026,57
SKU-TSH-0029,KnitCraft Studio,62,701,12/7/2025,1/25/2026,1/28/2026,52
SKU-JAC-0031,WestCo Garments,43,1800,12/7/2025,1/22/2026,1/27/2026,51
SKU-SHO-0033,KnitCraft Studio,66,758,12/7/2025,2/1/2026,2/3/2026,58
SKU-PAN-0034,UrbanWeave Co.,64,1051,12/7/2025,1/22/2026,1/24/2026,48
SKU-CRO-0035,Apex Fashions,54,721,12/7/2025,1/23/2026,1/23/2026,47
SKU-SHI-0036,WestCo Garments,40,998,12/7/2025,1/26/2026,1/29/2026,53
SKU-CRO-0042,KnitCraft Studio,40,653,12/7/2025,1/5/2026,1/5/2026,29
SKU-SHI-0052,StitchWorks India,53,1141,12/7/2025,1/16/2026,1/18/2026,42
SKU-JAC-0053,Apex Fashions,42,1660,12/7/2025,2/1/2026,2/2/2026,57
SKU-PAN-0002,Apex Fashions,176,982,12/14/2025,1/29/2026,1/30/2026,47
SKU-CRO-0007,Apex Fashions,86,818,12/14/2025,1/16/2026,1/18/2026,35
SKU-TSH-0012,UrbanWeave Co.,49,715,12/14/2025,1/14/2026,1/15/2026,32
SKU-SHI-0017,UrbanWeave Co.,55,842,12/14/2025,1/14/2026,1/19/2026,36
SKU-PAN-0021,Apex Fashions,54,1216,12/14/2025,1/18/2026,1/19/2026,36
SKU-SHO-0023,WestCo Garments,50,668,12/14/2025,2/3/2026,2/8/2026,56
SKU-SHI-0024,KnitCraft Studio,56,854,12/14/2025,1/16/2026,1/16/2026,33
SKU-JAC-0025,StitchWorks India,66,1639,12/14/2025,1/20/2026,1/20/2026,37
SKU-TSH-0032,WestCo Garments,40,627,12/14/2025,2/2/2026,2/7/2026,55
SKU-SHO-0040,WestCo Garments,65,711,12/14/2025,1/21/2026,1/22/2026,39
SKU-TSH-0041,Apex Fashions,56,634,12/14/2025,1/29/2026,2/3/2026,51
SKU-SHI-0045,UrbanWeave Co.,40,896,12/14/2025,1/20/2026,1/21/2026,38
SKU-CRO-0048,Apex Fashions,40,736,12/14/2025,2/7/2026,2/8/2026,56
SKU-SHI-0003,KnitCraft Studio,148,1004,12/21/2025,1/22/2026,1/23/2026,33
SKU-PAN-0022,KnitCraft Studio,48,1076,12/21/2025,1/30/2026,2/4/2026,45
SKU-CRO-0043,WestCo Garments,46,677,12/21/2025,2/3/2026,2/6/2026,47
SKU-JAC-0044,StitchWorks India,42,1860,12/21/2025,2/7/2026,2/8/2026,49
SKU-TSH-0049,Apex Fashions,40,559,12/21/2025,2/6/2026,2/9/2026,50
SKU-SHO-0050,UrbanWeave Co.,52,722,12/21/2025,2/13/2026,2/13/2026,54
SKU-SHI-0054,KnitCraft Studio,40,963,12/21/2025,2/3/2026,2/3/2026,44
SKU-TSH-0004,StitchWorks India,108,539,12/28/2025,2/10/2026,2/12/2026,46
SKU-SHI-0006,KnitCraft Studio,55,1097,12/28/2025,2/14/2026,2/17/2026,51
SKU-PAN-0008,StitchWorks India,48,1152,12/28/2025,2/13/2026,2/13/2026,47
SKU-PAN-0009,KnitCraft Studio,50,1008,12/28/2025,1/30/2026,2/1/2026,35
SKU-TSH-0010,WestCo Garments,87,782,12/28/2025,2/12/2026,2/14/2026,48
SKU-SHO-0011,WestCo Garments,78,761,12/28/2025,2/19/2026,2/19/2026,53
SKU-PAN-0016,KnitCraft Studio,43,970,12/28/2025,2/4/2026,2/5/2026,39
SKU-PAN-0018,Apex Fashions,40,1176,12/28/2025,2/22/2026,2/25/2026,59
SKU-PAN-0026,WestCo Garments,50,1332,12/28/2025,1/27/2026,1/29/2026,32
SKU-CRO-0030,WestCo Garments,40,621,12/28/2025,1/30/2026,1/30/2026,33
SKU-CRO-0037,StitchWorks India,54,657,12/28/2025,2/12/2026,2/14/2026,48
SKU-CRO-0038,WestCo Garments,42,1060,12/28/2025,2/8/2026,2/13/2026,47
SKU-SHO-0039,UrbanWeave Co.,40,809,12/28/2025,2/18/2026,2/21/2026,55
SKU-JAC-0046,StitchWorks India,42,1896,12/28/2025,2/2/2026,2/7/2026,41
SKU-PAN-0047,WestCo Garments,40,959,12/28/2025,2/18/2026,2/21/2026,55
SKU-SHI-0051,StitchWorks India,40,928,12/28/2025,2/18/2026,2/18/2026,52
SKU-JAC-0055,Apex Fashions,40,1669,12/28/2025,2/15/2026,2/15/2026,49
